id	name	category	aliases	xrefs	tax_rank	knowledge_layer
LFS:DRUG:2_Aminobenzenesulfonamide	2-Aminobenzenesulfonamide	Drug				local_kg_curated
LFS:DRUG:2_Chloropyrazine	2-Chloropyrazine	Drug				local_kg_curated
LFS:DRUG:3_alpha_Hydroxy_5_beta_androstan_17_one	3-alpha-Hydroxy-5-beta-androstan-17-one	Drug				local_kg_curated
LFS:DRUG:4_aminosalicylic_acid	4-aminosalicylic acid	Drug				local_kg_curated
LFS:DRUG:5_fluorouracil	5-fluorouracil	Drug				local_kg_curated
LFS:DRUG:6_Furfurylaminopurine	6-Furfurylaminopurine	Drug				local_kg_curated
LFS:DRUG:Abacavir_Sulfate	Abacavir Sulfate	Drug				local_kg_curated
LFS:DRUG:Acamprosate_calcium	Acamprosate calcium	Drug				local_kg_curated
LFS:DRUG:Acarbose	Acarbose	Drug				local_kg_curated
LFS:DRUG:Acebutolol_hydrochloride	Acebutolol hydrochloride	Drug				local_kg_curated
LFS:DRUG:Aceclidine_Hydrochloride	Aceclidine Hydrochloride	Drug				local_kg_curated
LFS:DRUG:Aceclofenac	Aceclofenac	Drug				local_kg_curated
LFS:DRUG:Acefylline	Acefylline	Drug				local_kg_curated
LFS:DRUG:Acemetacin	Acemetacin	Drug				local_kg_curated
LFS:DRUG:Acenocoumarol	Acenocoumarol	Drug				local_kg_curated
LFS:DRUG:Acetaminophen	Acetaminophen	Drug				local_kg_curated
LFS:DRUG:Acetazolamide	Acetazolamide	Drug				local_kg_curated
LFS:DRUG:Acetohexamide	Acetohexamide	Drug				local_kg_curated
LFS:DRUG:Acetopromazine_maleate_salt	Acetopromazine maleate salt	Drug				local_kg_curated
LFS:DRUG:Acetylcysteine	Acetylcysteine	Drug				local_kg_curated
LFS:DRUG:Acetylsalicylic_acid	Acetylsalicylic acid	Drug				local_kg_curated
LFS:DRUG:Acetylsalicylsalicylic_acid	Acetylsalicylsalicylic acid	Drug				local_kg_curated
LFS:DRUG:Acipimox	Acipimox	Drug				local_kg_curated
LFS:DRUG:Acitretin	Acitretin	Drug				local_kg_curated
LFS:DRUG:Acyclovir	Acyclovir	Drug				local_kg_curated
LFS:DRUG:Adamantamine_fumarate	Adamantamine fumarate	Drug				local_kg_curated
LFS:DRUG:Adenosine_5_monophosphate_monohydrate	Adenosine 5'-monophosphate monohydrate	Drug				local_kg_curated
LFS:DRUG:Adiphenine_hydrochloride	Adiphenine hydrochloride	Drug				local_kg_curated
LFS:DRUG:Adrenosterone	Adrenosterone	Drug				local_kg_curated
LFS:DRUG:Albendazole	Albendazole	Drug				local_kg_curated
LFS:DRUG:Alclometasone_dipropionate	Alclometasone dipropionate	Drug				local_kg_curated
LFS:DRUG:Alcuronium_chloride	Alcuronium chloride	Drug				local_kg_curated
LFS:DRUG:Alendronate_sodium	Alendronate sodium	Drug				local_kg_curated
LFS:DRUG:Alexidine_dihydrochloride	Alexidine dihydrochloride	Drug				local_kg_curated
LFS:DRUG:Alfacalcidol	Alfacalcidol	Drug				local_kg_curated
LFS:DRUG:Alfadolone_acetate	Alfadolone acetate	Drug				local_kg_curated
LFS:DRUG:Alfaxalone	Alfaxalone	Drug				local_kg_curated
LFS:DRUG:Alfuzosin_hydrochloride	Alfuzosin hydrochloride	Drug				local_kg_curated
LFS:DRUG:Alizapride_HCl	Alizapride HCl	Drug				local_kg_curated
LFS:DRUG:Allantoin	Allantoin	Drug				local_kg_curated
LFS:DRUG:Allopurinol	Allopurinol	Drug				local_kg_curated
LFS:DRUG:Alprenolol_hydrochloride	Alprenolol hydrochloride	Drug				local_kg_curated
LFS:DRUG:Alprostadil	Alprostadil	Drug				local_kg_curated
LFS:DRUG:Althiazide	Althiazide	Drug				local_kg_curated
LFS:DRUG:Altretamine	Altretamine	Drug				local_kg_curated
LFS:DRUG:Alverine_citrate_salt	Alverine citrate salt	Drug				local_kg_curated
LFS:DRUG:Ambrisentan	Ambrisentan	Drug				local_kg_curated
LFS:DRUG:Ambroxol_hydrochloride	Ambroxol hydrochloride	Drug				local_kg_curated
LFS:DRUG:Amcinonide	Amcinonide	Drug				local_kg_curated
LFS:DRUG:Amethopterin_R_S_	Amethopterin (R,S)	Drug				local_kg_curated
LFS:DRUG:Amfepramone_hydrochloride	Amfepramone hydrochloride	Drug				local_kg_curated
LFS:DRUG:Amidopyrine	Amidopyrine	Drug				local_kg_curated
LFS:DRUG:Amifostine	Amifostine	Drug				local_kg_curated
LFS:DRUG:Amikacin_hydrate	Amikacin hydrate	Drug				local_kg_curated
LFS:DRUG:Amiloride_hydrochloride_dihydrate	Amiloride hydrochloride dihydrate	Drug				local_kg_curated
LFS:DRUG:Aminocaproic_acid	Aminocaproic acid	Drug				local_kg_curated
LFS:DRUG:Aminohippuric_acid	Aminohippuric acid	Drug				local_kg_curated
LFS:DRUG:Aminophylline	Aminophylline	Drug				local_kg_curated
LFS:DRUG:Aminopurine_6_benzyl	Aminopurine, 6-benzyl	Drug				local_kg_curated
LFS:DRUG:Amiodarone_hydrochloride	Amiodarone hydrochloride	Drug				local_kg_curated
LFS:DRUG:Amiprilose_hydrochloride	Amiprilose hydrochloride	Drug				local_kg_curated
LFS:DRUG:Amisulpride	Amisulpride	Drug				local_kg_curated
LFS:DRUG:Amitryptiline_hydrochloride	Amitryptiline hydrochloride	Drug				local_kg_curated
LFS:DRUG:Amlodipine	Amlodipine	Drug				local_kg_curated
LFS:DRUG:Amodiaquin_dihydrochloride_dihydrate	Amodiaquin dihydrochloride dihydrate	Drug				local_kg_curated
LFS:DRUG:Amoxapine	Amoxapine	Drug				local_kg_curated
LFS:DRUG:Amoxicillin	Amoxicillin	Drug				local_kg_curated
LFS:DRUG:Amphotericin_B	Amphotericin B	Drug				local_kg_curated
LFS:DRUG:Ampicillin_trihydrate	Ampicillin trihydrate	Drug				local_kg_curated
LFS:DRUG:Amprolium_hydrochloride	Amprolium hydrochloride	Drug				local_kg_curated
LFS:DRUG:Ampyrone	Ampyrone	Drug				local_kg_curated
LFS:DRUG:Amrinone	Amrinone	Drug				local_kg_curated
LFS:DRUG:Amyleine_hydrochloride	Amyleine hydrochloride	Drug				local_kg_curated
LFS:DRUG:Anastrozole	Anastrozole	Drug				local_kg_curated
LFS:DRUG:Androsterone	Androsterone	Drug				local_kg_curated
LFS:DRUG:Anethole_trithione	Anethole-trithione	Drug				local_kg_curated
LFS:DRUG:Aniracetam	Aniracetam	Drug				local_kg_curated
LFS:DRUG:Antazoline_hydrochloride	Antazoline hydrochloride	Drug				local_kg_curated
LFS:DRUG:Anthralin	Anthralin	Drug				local_kg_curated
LFS:DRUG:Antimycin_A	Antimycin A	Drug				local_kg_curated
LFS:DRUG:Antipyrine	Antipyrine	Drug				local_kg_curated
LFS:DRUG:Antipyrine_4_hydroxy	Antipyrine, 4-hydroxy	Drug				local_kg_curated
LFS:DRUG:Apramycin	Apramycin	Drug				local_kg_curated
LFS:DRUG:Aprepitant	Aprepitant	Drug				local_kg_curated
LFS:DRUG:Arbutin	Arbutin	Drug				local_kg_curated
LFS:DRUG:Argatroban	Argatroban	Drug				local_kg_curated
LFS:DRUG:Aripiprazole	Aripiprazole	Drug				local_kg_curated
LFS:DRUG:Artemisinin	Artemisinin	Drug				local_kg_curated
LFS:DRUG:Articaine_hydrochloride	Articaine hydrochloride	Drug				local_kg_curated
LFS:DRUG:Ascorbic_acid	Ascorbic acid	Drug				local_kg_curated
LFS:DRUG:Asenapine_maleate	Asenapine maleate	Drug				local_kg_curated
LFS:DRUG:Astemizole	Astemizole	Drug				local_kg_curated
LFS:DRUG:Atorvastatin	Atorvastatin	Drug				local_kg_curated
LFS:DRUG:Atovaquone	Atovaquone	Drug				local_kg_curated
LFS:DRUG:Atractyloside_potassium_salt	Atractyloside potassium salt	Drug				local_kg_curated
LFS:DRUG:Atracurium_besylate	Atracurium besylate	Drug				local_kg_curated
LFS:DRUG:Atropine_sulfate_monohydrate	Atropine sulfate monohydrate	Drug				local_kg_curated
LFS:DRUG:Auranofin	Auranofin	Drug				local_kg_curated
LFS:DRUG:Avermectin_B1a	Avermectin B1a	Drug				local_kg_curated
LFS:DRUG:Azacyclonol	Azacyclonol	Drug				local_kg_curated
LFS:DRUG:Azacytidine_5	Azacytidine-5	Drug				local_kg_curated
LFS:DRUG:Azaguanine_8	Azaguanine-8	Drug				local_kg_curated
LFS:DRUG:Azaperone	Azaperone	Drug				local_kg_curated
LFS:DRUG:Azapropazone	Azapropazone	Drug				local_kg_curated
LFS:DRUG:Azathioprine	Azathioprine	Drug				local_kg_curated
LFS:DRUG:Azelastine_HCl	Azelastine HCl	Drug				local_kg_curated
LFS:DRUG:Azithromycin	Azithromycin	Drug				local_kg_curated
LFS:DRUG:Azlocillin_sodium_salt	Azlocillin sodium salt	Drug				local_kg_curated
LFS:DRUG:Aztreonam	Aztreonam	Drug				local_kg_curated
LFS:DRUG:Bacampicillin_hydrochloride	Bacampicillin hydrochloride	Drug				local_kg_curated
LFS:DRUG:Bacitracin	Bacitracin	Drug				local_kg_curated
LFS:DRUG:Baclofen_R_S_	Baclofen (R,S)	Drug				local_kg_curated
LFS:DRUG:Balsalazide_Sodium	Balsalazide Sodium	Drug				local_kg_curated
LFS:DRUG:Bambuterol_hydrochloride	Bambuterol hydrochloride	Drug				local_kg_curated
LFS:DRUG:Beclomethasone_dipropionate	Beclomethasone dipropionate	Drug				local_kg_curated
LFS:DRUG:Bemegride	Bemegride	Drug				local_kg_curated
LFS:DRUG:Benazepril_HCl	Benazepril HCl	Drug				local_kg_curated
LFS:DRUG:Bendroflumethiazide	Bendroflumethiazide	Drug				local_kg_curated
LFS:DRUG:Benfluorex_hydrochloride	Benfluorex hydrochloride	Drug				local_kg_curated
LFS:DRUG:Benfotiamine	Benfotiamine	Drug				local_kg_curated
LFS:DRUG:Benoxinate_hydrochloride	Benoxinate hydrochloride	Drug				local_kg_curated
LFS:DRUG:Benperidol	Benperidol	Drug				local_kg_curated
LFS:DRUG:Benserazide_hydrochloride	Benserazide hydrochloride	Drug				local_kg_curated
LFS:DRUG:Benzamil_hydrochloride	Benzamil hydrochloride	Drug				local_kg_curated
LFS:DRUG:Benzathine_benzylpenicillin	Benzathine benzylpenicillin	Drug				local_kg_curated
LFS:DRUG:Benzbromarone	Benzbromarone	Drug				local_kg_curated
LFS:DRUG:Benzethonium_chloride	Benzethonium chloride	Drug				local_kg_curated
LFS:DRUG:Benzocaine	Benzocaine	Drug				local_kg_curated
LFS:DRUG:Benzonatate	Benzonatate	Drug				local_kg_curated
LFS:DRUG:Benzthiazide	Benzthiazide	Drug				local_kg_curated
LFS:DRUG:Benztropine_mesylate	Benztropine mesylate	Drug				local_kg_curated
LFS:DRUG:Benzydamine_hydrochloride	Benzydamine hydrochloride	Drug				local_kg_curated
LFS:DRUG:Benzylpenicillin_sodium	Benzylpenicillin sodium	Drug				local_kg_curated
LFS:DRUG:Bephenium_hydroxynaphthoate	Bephenium hydroxynaphthoate	Drug				local_kg_curated
LFS:DRUG:Bepridil_hydrochloride	Bepridil hydrochloride	Drug				local_kg_curated
LFS:DRUG:Beta_Escin	Beta-Escin	Drug				local_kg_curated
LFS:DRUG:Betahistine_mesylate	Betahistine mesylate	Drug				local_kg_curated
LFS:DRUG:Betamethasone	Betamethasone	Drug				local_kg_curated
LFS:DRUG:Betaxolol_hydrochloride	Betaxolol hydrochloride	Drug				local_kg_curated
LFS:DRUG:Betazole_hydrochloride	Betazole hydrochloride	Drug				local_kg_curated
LFS:DRUG:Bethanechol_chloride	Bethanechol chloride	Drug				local_kg_curated
LFS:DRUG:Bezafibrate	Bezafibrate	Drug				local_kg_curated
LFS:DRUG:Bicalutamide	Bicalutamide	Drug				local_kg_curated
LFS:DRUG:Bifonazole	Bifonazole	Drug				local_kg_curated
LFS:DRUG:Biotin	Biotin	Drug				local_kg_curated
LFS:DRUG:Biperiden_hydrochloride	Biperiden hydrochloride	Drug				local_kg_curated
LFS:DRUG:Bisacodyl	Bisacodyl	Drug				local_kg_curated
LFS:DRUG:Bisoprolol_fumarate	Bisoprolol fumarate	Drug				local_kg_curated
LFS:DRUG:Bosentan	Bosentan	Drug				local_kg_curated
LFS:DRUG:Bretylium_tosylate	Bretylium tosylate	Drug				local_kg_curated
LFS:DRUG:Brinzolamide	Brinzolamide	Drug				local_kg_curated
LFS:DRUG:Bromhexine_hydrochloride	Bromhexine hydrochloride	Drug				local_kg_curated
LFS:DRUG:Bromocryptine_mesylate	Bromocryptine mesylate	Drug				local_kg_curated
LFS:DRUG:Bromopride	Bromopride	Drug				local_kg_curated
LFS:DRUG:Bromperidol	Bromperidol	Drug				local_kg_curated
LFS:DRUG:Brompheniramine_maleate	Brompheniramine maleate	Drug				local_kg_curated
LFS:DRUG:Bucladesine_sodium_salt	Bucladesine sodium salt	Drug				local_kg_curated
LFS:DRUG:Budesonide	Budesonide	Drug				local_kg_curated
LFS:DRUG:Bufexamac	Bufexamac	Drug				local_kg_curated
LFS:DRUG:Buflomedil_hydrochloride	Buflomedil hydrochloride	Drug				local_kg_curated
LFS:DRUG:Bumetanide	Bumetanide	Drug				local_kg_curated
LFS:DRUG:Bupivacaine_hydrochloride	Bupivacaine hydrochloride	Drug				local_kg_curated
LFS:DRUG:Bupropion_hydrochloride	Bupropion hydrochloride	Drug				local_kg_curated
LFS:DRUG:Buspirone_hydrochloride	Buspirone hydrochloride	Drug				local_kg_curated
LFS:DRUG:Busulfan	Busulfan	Drug				local_kg_curated
LFS:DRUG:Butacaine	Butacaine	Drug				local_kg_curated
LFS:DRUG:Butalbital	Butalbital	Drug				local_kg_curated
LFS:DRUG:Butamben	Butamben	Drug				local_kg_curated
LFS:DRUG:Butenafine_Hydrochloride	Butenafine Hydrochloride	Drug				local_kg_curated
LFS:DRUG:Butoconazole_nitrate	Butoconazole nitrate	Drug				local_kg_curated
LFS:DRUG:Butylparaben	Butylparaben	Drug				local_kg_curated
LFS:DRUG:Butylscopolammonium_n_bromide	Butylscopolammonium (n-) bromide	Drug				local_kg_curated
LFS:DRUG:Caffeine	Caffeine	Drug				local_kg_curated
LFS:DRUG:Calcipotriene	Calcipotriene	Drug				local_kg_curated
LFS:DRUG:Camptothecine_S_	Camptothecine (S,+)	Drug				local_kg_curated
LFS:DRUG:Camylofine_chlorhydrate	Camylofine chlorhydrate	Drug				local_kg_curated
LFS:DRUG:Candesartan	Candesartan	Drug				local_kg_curated
LFS:DRUG:Canrenoic_acid_potassium_salt	Canrenoic acid potassium salt	Drug				local_kg_curated
LFS:DRUG:Canrenone	Canrenone	Drug				local_kg_curated
LFS:DRUG:Captopril	Captopril	Drug				local_kg_curated
LFS:DRUG:Carbachol	Carbachol	Drug				local_kg_curated
LFS:DRUG:Carbadox	Carbadox	Drug				local_kg_curated
LFS:DRUG:Carbamazepine	Carbamazepine	Drug				local_kg_curated
LFS:DRUG:Carbarsone	Carbarsone	Drug				local_kg_curated
LFS:DRUG:Carbenoxolone_disodium_salt	Carbenoxolone disodium salt	Drug				local_kg_curated
LFS:DRUG:Carbetapentane_citrate	Carbetapentane citrate	Drug				local_kg_curated
LFS:DRUG:Carbidopa	Carbidopa	Drug				local_kg_curated
LFS:DRUG:Carbimazole	Carbimazole	Drug				local_kg_curated
LFS:DRUG:Carbinoxamine_maleate_salt	Carbinoxamine maleate salt	Drug				local_kg_curated
LFS:DRUG:Carisoprodol	Carisoprodol	Drug				local_kg_curated
LFS:DRUG:Carprofen	Carprofen	Drug				local_kg_curated
LFS:DRUG:Carteolol_hydrochloride	Carteolol hydrochloride	Drug				local_kg_curated
LFS:DRUG:Carvedilol	Carvedilol	Drug				local_kg_curated
LFS:DRUG:Catharanthine	Catharanthine	Drug				local_kg_curated
LFS:DRUG:Cefaclor_hydrate	Cefaclor hydrate	Drug				local_kg_curated
LFS:DRUG:Cefadroxil	Cefadroxil	Drug				local_kg_curated
LFS:DRUG:Cefazolin_sodium_salt	Cefazolin sodium salt	Drug				local_kg_curated
LFS:DRUG:Cefdinir	Cefdinir	Drug				local_kg_curated
LFS:DRUG:Cefepime_hydrochloride	Cefepime hydrochloride	Drug				local_kg_curated
LFS:DRUG:Cefixime	Cefixime	Drug				local_kg_curated
LFS:DRUG:Cefmetazole_sodium_salt	Cefmetazole sodium salt	Drug				local_kg_curated
LFS:DRUG:Cefoperazone_dihydrate	Cefoperazone dihydrate	Drug				local_kg_curated
LFS:DRUG:Ceforanide	Ceforanide	Drug				local_kg_curated
LFS:DRUG:Cefotaxime_sodium_salt	Cefotaxime sodium salt	Drug				local_kg_curated
LFS:DRUG:Cefotetan	Cefotetan	Drug				local_kg_curated
LFS:DRUG:Cefotiam_hydrochloride	Cefotiam hydrochloride	Drug				local_kg_curated
LFS:DRUG:Cefoxitin_sodium_salt	Cefoxitin sodium salt	Drug				local_kg_curated
LFS:DRUG:Cefsulodin_sodium_salt	Cefsulodin sodium salt	Drug				local_kg_curated
LFS:DRUG:Ceftazidime_pentahydrate	Ceftazidime pentahydrate	Drug				local_kg_curated
LFS:DRUG:Cefuroxime_sodium_salt	Cefuroxime sodium salt	Drug				local_kg_curated
LFS:DRUG:Celecoxib	Celecoxib	Drug				local_kg_curated
LFS:DRUG:Celiprolol_HCl	Celiprolol HCl	Drug				local_kg_curated
LFS:DRUG:Cephalosporanic_acid_7_amino	Cephalosporanic acid, 7-amino	Drug				local_kg_curated
LFS:DRUG:Cephalothin_sodium_salt	Cephalothin sodium salt	Drug				local_kg_curated
LFS:DRUG:Cetirizine_dihydrochloride	Cetirizine dihydrochloride	Drug				local_kg_curated
LFS:DRUG:Chenodiol	Chenodiol	Drug				local_kg_curated
LFS:DRUG:Chlorambucil	Chlorambucil	Drug				local_kg_curated
LFS:DRUG:Chloramphenicol	Chloramphenicol	Drug				local_kg_curated
LFS:DRUG:Chlorcyclizine_hydrochloride	Chlorcyclizine hydrochloride	Drug				local_kg_curated
LFS:DRUG:Chlorhexidine	Chlorhexidine	Drug				local_kg_curated
LFS:DRUG:Chlormadinone_acetate	Chlormadinone acetate	Drug				local_kg_curated
LFS:DRUG:Chlormezanone	Chlormezanone	Drug				local_kg_curated
LFS:DRUG:Chloropyramine_hydrochloride	Chloropyramine hydrochloride	Drug				local_kg_curated
LFS:DRUG:Chloroquine_diphosphate	Chloroquine diphosphate	Drug				local_kg_curated
LFS:DRUG:Chlorothiazide	Chlorothiazide	Drug				local_kg_curated
LFS:DRUG:Chlorotrianisene	Chlorotrianisene	Drug				local_kg_curated
LFS:DRUG:Chloroxine	Chloroxine	Drug				local_kg_curated
LFS:DRUG:Chlorpheniramine_maleate	Chlorpheniramine maleate	Drug				local_kg_curated
LFS:DRUG:Chlorphensin_carbamate	Chlorphensin carbamate	Drug				local_kg_curated
LFS:DRUG:Chlorpromazine_hydrochloride	Chlorpromazine hydrochloride	Drug				local_kg_curated
LFS:DRUG:Chlorpropamide	Chlorpropamide	Drug				local_kg_curated
LFS:DRUG:Chlorprothixene_hydrochloride	Chlorprothixene hydrochloride	Drug				local_kg_curated
LFS:DRUG:Chlortetracycline_hydrochloride	Chlortetracycline hydrochloride	Drug				local_kg_curated
LFS:DRUG:Chlorthalidone	Chlorthalidone	Drug				local_kg_curated
LFS:DRUG:Chlorzoxazone	Chlorzoxazone	Drug				local_kg_curated
LFS:DRUG:Ciclopirox_ethanolamine	Ciclopirox ethanolamine	Drug				local_kg_curated
LFS:DRUG:Cilnidipine	Cilnidipine	Drug				local_kg_curated
LFS:DRUG:Cilostazol	Cilostazol	Drug				local_kg_curated
LFS:DRUG:Cimetidine	Cimetidine	Drug				local_kg_curated
LFS:DRUG:Cinnarizine	Cinnarizine	Drug				local_kg_curated
LFS:DRUG:Cinoxacin	Cinoxacin	Drug				local_kg_curated
LFS:DRUG:Ciprofibrate	Ciprofibrate	Drug				local_kg_curated
LFS:DRUG:Ciprofloxacin_hydrochloride_monohydrate	Ciprofloxacin hydrochloride monohydrate	Drug				local_kg_curated
LFS:DRUG:Cisapride	Cisapride	Drug				local_kg_curated
LFS:DRUG:Citalopram_Hydrobromide	Citalopram Hydrobromide	Drug				local_kg_curated
LFS:DRUG:Cladribine	Cladribine	Drug				local_kg_curated
LFS:DRUG:Clarithromycin	Clarithromycin	Drug				local_kg_curated
LFS:DRUG:Clavulanate_potassium_salt	Clavulanate potassium salt	Drug				local_kg_curated
LFS:DRUG:Clebopride_maleate	Clebopride maleate	Drug				local_kg_curated
LFS:DRUG:Clemastine_fumarate	Clemastine fumarate	Drug				local_kg_curated
LFS:DRUG:Clemizole_hydrochloride	Clemizole hydrochloride	Drug				local_kg_curated
LFS:DRUG:Clenbuterol_hydrochloride	Clenbuterol hydrochloride	Drug				local_kg_curated
LFS:DRUG:Clidinium_bromide	Clidinium bromide	Drug				local_kg_curated
LFS:DRUG:Clinafloxacin	Clinafloxacin	Drug				local_kg_curated
LFS:DRUG:Clindamycin_hydrochloride	Clindamycin hydrochloride	Drug				local_kg_curated
LFS:DRUG:Clioquinol	Clioquinol	Drug				local_kg_curated
LFS:DRUG:Clobetasol_propionate	Clobetasol propionate	Drug				local_kg_curated
LFS:DRUG:Clobutinol_hydrochloride	Clobutinol hydrochloride	Drug				local_kg_curated
LFS:DRUG:Clocortolone_pivalate	Clocortolone pivalate	Drug				local_kg_curated
LFS:DRUG:Clodronate	Clodronate	Drug				local_kg_curated
LFS:DRUG:Clofazimine	Clofazimine	Drug				local_kg_curated
LFS:DRUG:Clofibrate	Clofibrate	Drug				local_kg_curated
LFS:DRUG:Clofibric_acid	Clofibric acid	Drug				local_kg_curated
LFS:DRUG:Clofilium_tosylate	Clofilium tosylate	Drug				local_kg_curated
LFS:DRUG:Clomiphene_citrate_Z_E_	Clomiphene citrate (Z,E)	Drug				local_kg_curated
LFS:DRUG:Clomipramine_hydrochloride	Clomipramine hydrochloride	Drug				local_kg_curated
LFS:DRUG:Clonidine_hydrochloride	Clonidine hydrochloride	Drug				local_kg_curated
LFS:DRUG:Clonixin_Lysinate	Clonixin Lysinate	Drug				local_kg_curated
LFS:DRUG:Clopamide	Clopamide	Drug				local_kg_curated
LFS:DRUG:Cloperastine_hydrochloride	Cloperastine hydrochloride	Drug				local_kg_curated
LFS:DRUG:Clorgyline_hydrochloride	Clorgyline hydrochloride	Drug				local_kg_curated
LFS:DRUG:Clorsulon	Clorsulon	Drug				local_kg_curated
LFS:DRUG:Closantel	Closantel	Drug				local_kg_curated
LFS:DRUG:Clotrimazole	Clotrimazole	Drug				local_kg_curated
LFS:DRUG:Cloxacillin_sodium_salt	Cloxacillin sodium salt	Drug				local_kg_curated
LFS:DRUG:Clozapine	Clozapine	Drug				local_kg_curated
LFS:DRUG:Colchicine	Colchicine	Drug				local_kg_curated
LFS:DRUG:Colistin_sulfate	Colistin sulfate	Drug				local_kg_curated
LFS:DRUG:Corticosterone	Corticosterone	Drug				local_kg_curated
LFS:DRUG:Cortisol_acetate	Cortisol acetate	Drug				local_kg_curated
LFS:DRUG:Cortisone	Cortisone	Drug				local_kg_curated
LFS:DRUG:Cromolyn_disodium_salt	Cromolyn disodium salt	Drug				local_kg_curated
LFS:DRUG:Crotamiton	Crotamiton	Drug				local_kg_curated
LFS:DRUG:Cyanocobalamin	Cyanocobalamin	Drug				local_kg_curated
LFS:DRUG:Cyclizine_hydrochloride	Cyclizine hydrochloride	Drug				local_kg_curated
LFS:DRUG:Cyclobenzaprine_hydrochloride	Cyclobenzaprine hydrochloride	Drug				local_kg_curated
LFS:DRUG:Cycloheximide	Cycloheximide	Drug				local_kg_curated
LFS:DRUG:Cyclopenthiazide	Cyclopenthiazide	Drug				local_kg_curated
LFS:DRUG:Cyclopentolate_hydrochloride	Cyclopentolate hydrochloride	Drug				local_kg_curated
LFS:DRUG:Cyclophosphamide	Cyclophosphamide	Drug				local_kg_curated
LFS:DRUG:Cyclosporin_A	Cyclosporin A	Drug				local_kg_curated
LFS:DRUG:Cyproheptadine_hydrochloride	Cyproheptadine hydrochloride	Drug				local_kg_curated
LFS:DRUG:Cyproterone_acetate	Cyproterone acetate	Drug				local_kg_curated
LFS:DRUG:Cytarabine	Cytarabine	Drug				local_kg_curated
LFS:DRUG:DO_897_99	DO 897/99	Drug				local_kg_curated
LFS:DRUG:D_cycloserine	D-cycloserine	Drug				local_kg_curated
LFS:DRUG:Dacarbazine	Dacarbazine	Drug				local_kg_curated
LFS:DRUG:Danazol	Danazol	Drug				local_kg_curated
LFS:DRUG:Dantrolene_sodium_salt	Dantrolene sodium salt	Drug				local_kg_curated
LFS:DRUG:Dapsone	Dapsone	Drug				local_kg_curated
LFS:DRUG:Darifenacin_hydrobromide	Darifenacin hydrobromide	Drug				local_kg_curated
LFS:DRUG:Daunorubicin_hydrochloride	Daunorubicin hydrochloride	Drug				local_kg_curated
LFS:DRUG:Debrisoquin_sulfate	Debrisoquin sulfate	Drug				local_kg_curated
LFS:DRUG:Decamethonium_bromide	Decamethonium bromide	Drug				local_kg_curated
LFS:DRUG:Deferoxamine_mesylate	Deferoxamine mesylate	Drug				local_kg_curated
LFS:DRUG:Deflazacort	Deflazacort	Drug				local_kg_curated
LFS:DRUG:Dehydrocholic_acid	Dehydrocholic acid	Drug				local_kg_curated
LFS:DRUG:Dehydroisoandosterone_3_acetate	Dehydroisoandosterone 3-acetate	Drug				local_kg_curated
LFS:DRUG:Demecarium_bromide	Demecarium bromide	Drug				local_kg_curated
LFS:DRUG:Demeclocycline_hydrochloride	Demeclocycline hydrochloride	Drug				local_kg_curated
LFS:DRUG:Denatonium_benzoate	Denatonium benzoate	Drug				local_kg_curated
LFS:DRUG:Deoxycorticosterone	Deoxycorticosterone	Drug				local_kg_curated
LFS:DRUG:Deptropine_citrate	Deptropine citrate	Drug				local_kg_curated
LFS:DRUG:Dequalinium_dichloride	Dequalinium dichloride	Drug				local_kg_curated
LFS:DRUG:Desipramine_hydrochloride	Desipramine hydrochloride	Drug				local_kg_curated
LFS:DRUG:Desloratadine	Desloratadine	Drug				local_kg_curated
LFS:DRUG:Dexamethasone_acetate	Dexamethasone acetate	Drug				local_kg_curated
LFS:DRUG:Dexfenfluramine_hydrochloride	Dexfenfluramine hydrochloride	Drug				local_kg_curated
LFS:DRUG:Dextromethorphan_hydrobromide_monohydrate	Dextromethorphan hydrobromide monohydrate	Drug				local_kg_curated
LFS:DRUG:Diacerein	Diacerein	Drug				local_kg_curated
LFS:DRUG:Diazoxide	Diazoxide	Drug				local_kg_curated
LFS:DRUG:Dibenzepine_hydrochloride	Dibenzepine hydrochloride	Drug				local_kg_curated
LFS:DRUG:Dibucaine	Dibucaine	Drug				local_kg_curated
LFS:DRUG:Dichlorphenamide	Dichlorphenamide	Drug				local_kg_curated
LFS:DRUG:Diclazuril	Diclazuril	Drug				local_kg_curated
LFS:DRUG:Diclofenac_sodium	Diclofenac sodium	Drug				local_kg_curated
LFS:DRUG:Dicloxacillin_sodium_salt_hydrate	Dicloxacillin sodium salt hydrate	Drug				local_kg_curated
LFS:DRUG:Dicumarol	Dicumarol	Drug				local_kg_curated
LFS:DRUG:Dicyclomine_hydrochloride	Dicyclomine hydrochloride	Drug				local_kg_curated
LFS:DRUG:Didanosine	Didanosine	Drug				local_kg_curated
LFS:DRUG:Dienestrol	Dienestrol	Drug				local_kg_curated
LFS:DRUG:Diethylcarbamazine_citrate	Diethylcarbamazine citrate	Drug				local_kg_curated
LFS:DRUG:Diethylstilbestrol	Diethylstilbestrol	Drug				local_kg_curated
LFS:DRUG:Diflorasone_Diacetate	Diflorasone Diacetate	Drug				local_kg_curated
LFS:DRUG:Diflunisal	Diflunisal	Drug				local_kg_curated
LFS:DRUG:Digitoxigenin	Digitoxigenin	Drug				local_kg_curated
LFS:DRUG:Digoxigenin	Digoxigenin	Drug				local_kg_curated
LFS:DRUG:Digoxin	Digoxin	Drug				local_kg_curated
LFS:DRUG:Dihydroergotamine_tartrate	Dihydroergotamine tartrate	Drug				local_kg_curated
LFS:DRUG:Dihydrostreptomycin_sulfate	Dihydrostreptomycin sulfate	Drug				local_kg_curated
LFS:DRUG:Dilazep_dihydrochloride	Dilazep dihydrochloride	Drug				local_kg_curated
LFS:DRUG:Diloxanide_furoate	Diloxanide furoate	Drug				local_kg_curated
LFS:DRUG:Diltiazem_hydrochloride	Diltiazem hydrochloride	Drug				local_kg_curated
LFS:DRUG:Dimaprit_dihydrochloride	Dimaprit dihydrochloride	Drug				local_kg_curated
LFS:DRUG:Dimenhydrinate	Dimenhydrinate	Drug				local_kg_curated
LFS:DRUG:Dimethadione	Dimethadione	Drug				local_kg_curated
LFS:DRUG:Dimethisoquin_hydrochloride	Dimethisoquin hydrochloride	Drug				local_kg_curated
LFS:DRUG:Dinoprost_trometamol	Dinoprost trometamol	Drug				local_kg_curated
LFS:DRUG:Diosmin	Diosmin	Drug				local_kg_curated
LFS:DRUG:Dioxybenzone	Dioxybenzone	Drug				local_kg_curated
LFS:DRUG:Diperodon_hydrochloride	Diperodon hydrochloride	Drug				local_kg_curated
LFS:DRUG:Diphemanil_methylsulfate	Diphemanil methylsulfate	Drug				local_kg_curated
LFS:DRUG:Diphenhydramine_hydrochloride	Diphenhydramine hydrochloride	Drug				local_kg_curated
LFS:DRUG:Diphenidol_hydrochloride	Diphenidol hydrochloride	Drug				local_kg_curated
LFS:DRUG:Diphenylpyraline_hydrochloride	Diphenylpyraline hydrochloride	Drug				local_kg_curated
LFS:DRUG:Dipivefrin_hydrochloride	Dipivefrin hydrochloride	Drug				local_kg_curated
LFS:DRUG:Diprophylline	Diprophylline	Drug				local_kg_curated
LFS:DRUG:Dipyridamole	Dipyridamole	Drug				local_kg_curated
LFS:DRUG:Dipyrone	Dipyrone	Drug				local_kg_curated
LFS:DRUG:Dirithromycin	Dirithromycin	Drug				local_kg_curated
LFS:DRUG:Disopyramide	Disopyramide	Drug				local_kg_curated
LFS:DRUG:Disulfiram	Disulfiram	Drug				local_kg_curated
LFS:DRUG:Dizocilpine_maleate	Dizocilpine maleate	Drug				local_kg_curated
LFS:DRUG:Dobutamine_hydrochloride	Dobutamine hydrochloride	Drug				local_kg_curated
LFS:DRUG:Docetaxel	Docetaxel	Drug				local_kg_curated
LFS:DRUG:Dolasetron_mesilate	Dolasetron mesilate	Drug				local_kg_curated
LFS:DRUG:Domperidone	Domperidone	Drug				local_kg_curated
LFS:DRUG:Dopamine_hydrochloride	Dopamine hydrochloride	Drug				local_kg_curated
LFS:DRUG:Dorzolamide_hydrochloride	Dorzolamide hydrochloride	Drug				local_kg_curated
LFS:DRUG:Dosulepin_hydrochloride	Dosulepin hydrochloride	Drug				local_kg_curated
LFS:DRUG:Doxazosin_mesylate	Doxazosin mesylate	Drug				local_kg_curated
LFS:DRUG:Doxepin_hydrochloride	Doxepin hydrochloride	Drug				local_kg_curated
LFS:DRUG:Doxofylline	Doxofylline	Drug				local_kg_curated
LFS:DRUG:Doxorubicin_hydrochloride	Doxorubicin hydrochloride	Drug				local_kg_curated
LFS:DRUG:Doxycycline_hydrochloride	Doxycycline hydrochloride	Drug				local_kg_curated
LFS:DRUG:Doxylamine_succinate	Doxylamine succinate	Drug				local_kg_curated
LFS:DRUG:Drofenine_hydrochloride	Drofenine hydrochloride	Drug				local_kg_curated
LFS:DRUG:Droperidol	Droperidol	Drug				local_kg_curated
LFS:DRUG:Dropropizine_R_S_	Dropropizine (R,S)	Drug				local_kg_curated
LFS:DRUG:Dyclonine_hydrochloride	Dyclonine hydrochloride	Drug				local_kg_curated
LFS:DRUG:Dydrogesterone	Dydrogesterone	Drug				local_kg_curated
LFS:DRUG:Ebselen	Ebselen	Drug				local_kg_curated
LFS:DRUG:Eburnamonine_	Eburnamonine (-)	Drug				local_kg_curated
LFS:DRUG:Econazole_nitrate	Econazole nitrate	Drug				local_kg_curated
LFS:DRUG:Edrophonium_chloride	Edrophonium chloride	Drug				local_kg_curated
LFS:DRUG:Efavirenz	Efavirenz	Drug				local_kg_curated
LFS:DRUG:Emedastine	Emedastine	Drug				local_kg_curated
LFS:DRUG:Enalapril_maleate	Enalapril maleate	Drug				local_kg_curated
LFS:DRUG:Enilconazole	Enilconazole	Drug				local_kg_curated
LFS:DRUG:Enoxacin	Enoxacin	Drug				local_kg_curated
LFS:DRUG:Entacapone	Entacapone	Drug				local_kg_curated
LFS:DRUG:Epiandrosterone	Epiandrosterone	Drug				local_kg_curated
LFS:DRUG:Epirizole	Epirizole	Drug				local_kg_curated
LFS:DRUG:Epitiostanol	Epitiostanol	Drug				local_kg_curated
LFS:DRUG:Equilin	Equilin	Drug				local_kg_curated
LFS:DRUG:Erlotinib	Erlotinib	Drug				local_kg_curated
LFS:DRUG:Erythromycin	Erythromycin	Drug				local_kg_curated
LFS:DRUG:Escitalopram	Escitalopram	Drug				local_kg_curated
LFS:DRUG:Eserine_hemisulfate_salt	Eserine hemisulfate salt	Drug				local_kg_curated
LFS:DRUG:Esmolol_hydrochloride	Esmolol hydrochloride	Drug				local_kg_curated
LFS:DRUG:Estradiol_17_beta	Estradiol-17 beta	Drug				local_kg_curated
LFS:DRUG:Estradiol_Valerate	Estradiol Valerate	Drug				local_kg_curated
LFS:DRUG:Estriol	Estriol	Drug				local_kg_curated
LFS:DRUG:Estrone	Estrone	Drug				local_kg_curated
LFS:DRUG:Estropipate	Estropipate	Drug				local_kg_curated
LFS:DRUG:Etanidazole	Etanidazole	Drug				local_kg_curated
LFS:DRUG:Ethacrynic_acid	Ethacrynic acid	Drug				local_kg_curated
LFS:DRUG:Ethambutol_dihydrochloride	Ethambutol dihydrochloride	Drug				local_kg_curated
LFS:DRUG:Ethamivan	Ethamivan	Drug				local_kg_curated
LFS:DRUG:Ethamsylate	Ethamsylate	Drug				local_kg_curated
LFS:DRUG:Ethaverine_hydrochloride	Ethaverine hydrochloride	Drug				local_kg_curated
LFS:DRUG:Ethinylestradiol	Ethinylestradiol	Drug				local_kg_curated
LFS:DRUG:Ethionamide	Ethionamide	Drug				local_kg_curated
LFS:DRUG:Ethisterone	Ethisterone	Drug				local_kg_curated
LFS:DRUG:Ethopropazine_hydrochloride	Ethopropazine hydrochloride	Drug				local_kg_curated
LFS:DRUG:Ethosuximide	Ethosuximide	Drug				local_kg_curated
LFS:DRUG:Ethotoin	Ethotoin	Drug				local_kg_curated
LFS:DRUG:Ethoxyquin	Ethoxyquin	Drug				local_kg_curated
LFS:DRUG:Ethynodiol_diacetate	Ethynodiol diacetate	Drug				local_kg_curated
LFS:DRUG:Ethynylestradiol_3_methyl_ether	Ethynylestradiol 3-methyl ether	Drug				local_kg_curated
LFS:DRUG:Etidronic_acid_disodium_salt	Etidronic acid, disodium salt	Drug				local_kg_curated
LFS:DRUG:Etifenin	Etifenin	Drug				local_kg_curated
LFS:DRUG:Etilefrine_hydrochloride	Etilefrine hydrochloride	Drug				local_kg_curated
LFS:DRUG:Etodolac	Etodolac	Drug				local_kg_curated
LFS:DRUG:Etofenamate	Etofenamate	Drug				local_kg_curated
LFS:DRUG:Etofylline	Etofylline	Drug				local_kg_curated
LFS:DRUG:Etomidate	Etomidate	Drug				local_kg_curated
LFS:DRUG:Etoposide	Etoposide	Drug				local_kg_curated
LFS:DRUG:Etoricoxib	Etoricoxib	Drug				local_kg_curated
LFS:DRUG:Etretinate	Etretinate	Drug				local_kg_curated
LFS:DRUG:Eucatropine_hydrochloride	Eucatropine hydrochloride	Drug				local_kg_curated
LFS:DRUG:Exemestane	Exemestane	Drug				local_kg_curated
LFS:DRUG:Fadrozole_hydrochloride	Fadrozole hydrochloride	Drug				local_kg_curated
LFS:DRUG:Famciclovir	Famciclovir	Drug				local_kg_curated
LFS:DRUG:Famotidine	Famotidine	Drug				local_kg_curated
LFS:DRUG:Famprofazone	Famprofazone	Drug				local_kg_curated
LFS:DRUG:Felbinac	Felbinac	Drug				local_kg_curated
LFS:DRUG:Felodipine	Felodipine	Drug				local_kg_curated
LFS:DRUG:Fenbendazole	Fenbendazole	Drug				local_kg_curated
LFS:DRUG:Fenbufen	Fenbufen	Drug				local_kg_curated
LFS:DRUG:Fendiline_hydrochloride	Fendiline hydrochloride	Drug				local_kg_curated
LFS:DRUG:Fenipentol	Fenipentol	Drug				local_kg_curated
LFS:DRUG:Fenofibrate	Fenofibrate	Drug				local_kg_curated
LFS:DRUG:Fenoprofen_calcium_salt_dihydrate	Fenoprofen calcium salt dihydrate	Drug				local_kg_curated
LFS:DRUG:Fenoterol_hydrobromide	Fenoterol hydrobromide	Drug				local_kg_curated
LFS:DRUG:Fenspiride_hydrochloride	Fenspiride hydrochloride	Drug				local_kg_curated
LFS:DRUG:Fentiazac	Fentiazac	Drug				local_kg_curated
LFS:DRUG:Fexofenadine_HCl	Fexofenadine HCl	Drug				local_kg_curated
LFS:DRUG:Finasteride	Finasteride	Drug				local_kg_curated
LFS:DRUG:Fipexide_hydrochloride	Fipexide hydrochloride	Drug				local_kg_curated
LFS:DRUG:Flavoxate_hydrochloride	Flavoxate hydrochloride	Drug				local_kg_curated
LFS:DRUG:Flecainide_acetate	Flecainide acetate	Drug				local_kg_curated
LFS:DRUG:Fleroxacin	Fleroxacin	Drug				local_kg_curated
LFS:DRUG:Florfenicol	Florfenicol	Drug				local_kg_curated
LFS:DRUG:Floxuridine	Floxuridine	Drug				local_kg_curated
LFS:DRUG:Flubendazol	Flubendazol	Drug				local_kg_curated
LFS:DRUG:Flucloxacillin_sodium	Flucloxacillin sodium	Drug				local_kg_curated
LFS:DRUG:Fluconazole	Fluconazole	Drug				local_kg_curated
LFS:DRUG:Flucytosine	Flucytosine	Drug				local_kg_curated
LFS:DRUG:Fludarabine	Fludarabine	Drug				local_kg_curated
LFS:DRUG:Fludrocortisone_acetate	Fludrocortisone acetate	Drug				local_kg_curated
LFS:DRUG:Flufenamic_acid	Flufenamic acid	Drug				local_kg_curated
LFS:DRUG:Flumequine	Flumequine	Drug				local_kg_curated
LFS:DRUG:Flumethasone	Flumethasone	Drug				local_kg_curated
LFS:DRUG:Flunarizine_dihydrochloride	Flunarizine dihydrochloride	Drug				local_kg_curated
LFS:DRUG:Flunisolide	Flunisolide	Drug				local_kg_curated
LFS:DRUG:Flunixin_meglumine	Flunixin meglumine	Drug				local_kg_curated
LFS:DRUG:Fluocinolone_acetonide	Fluocinolone acetonide	Drug				local_kg_curated
LFS:DRUG:Fluocinonide	Fluocinonide	Drug				local_kg_curated
LFS:DRUG:Fluorometholone	Fluorometholone	Drug				local_kg_curated
LFS:DRUG:Fluoxetine_hydrochloride	Fluoxetine hydrochloride	Drug				local_kg_curated
LFS:DRUG:Fluphenazine_dihydrochloride	Fluphenazine dihydrochloride	Drug				local_kg_curated
LFS:DRUG:Flurandrenolide	Flurandrenolide	Drug				local_kg_curated
LFS:DRUG:Flurbiprofen	Flurbiprofen	Drug				local_kg_curated
LFS:DRUG:Fluspirilen	Fluspirilen	Drug				local_kg_curated
LFS:DRUG:Flutamide	Flutamide	Drug				local_kg_curated
LFS:DRUG:Fluticasone_propionate	Fluticasone propionate	Drug				local_kg_curated
LFS:DRUG:Fluvastatin_sodium_salt	Fluvastatin sodium salt	Drug				local_kg_curated
LFS:DRUG:Fluvoxamine_maleate	Fluvoxamine maleate	Drug				local_kg_curated
LFS:DRUG:Folic_acid	Folic acid	Drug				local_kg_curated
LFS:DRUG:Folinic_acid_calcium_salt	Folinic acid calcium salt	Drug				local_kg_curated
LFS:DRUG:Fomepizole	Fomepizole	Drug				local_kg_curated
LFS:DRUG:Formestane	Formestane	Drug				local_kg_curated
LFS:DRUG:Formoterol_fumarate	Formoterol fumarate	Drug				local_kg_curated
LFS:DRUG:Fosfosal	Fosfosal	Drug				local_kg_curated
LFS:DRUG:Fosinopril	Fosinopril	Drug				local_kg_curated
LFS:DRUG:Fulvestrant	Fulvestrant	Drug				local_kg_curated
LFS:DRUG:Furaltadone_hydrochloride	Furaltadone hydrochloride	Drug				local_kg_curated
LFS:DRUG:Furazolidone	Furazolidone	Drug				local_kg_curated
LFS:DRUG:Furosemide	Furosemide	Drug				local_kg_curated
LFS:DRUG:Fursultiamine_Hydrochloride	Fursultiamine Hydrochloride	Drug				local_kg_curated
LFS:DRUG:Fusidic_acid_sodium_salt	Fusidic acid sodium salt	Drug				local_kg_curated
LFS:DRUG:GBR_12909_dihydrochloride	GBR 12909 dihydrochloride	Drug				local_kg_curated
LFS:DRUG:Gabapentin	Gabapentin	Drug				local_kg_curated
LFS:DRUG:Gabazine_bromide	Gabazine bromide	Drug				local_kg_curated
LFS:DRUG:Gabexate_mesilate	Gabexate mesilate	Drug				local_kg_curated
LFS:DRUG:Galanthamine_hydrobromide	Galanthamine hydrobromide	Drug				local_kg_curated
LFS:DRUG:Gallamine_triethiodide	Gallamine triethiodide	Drug				local_kg_curated
LFS:DRUG:Ganciclovir	Ganciclovir	Drug				local_kg_curated
LFS:DRUG:Gatifloxacin	Gatifloxacin	Drug				local_kg_curated
LFS:DRUG:Gefitinib	Gefitinib	Drug				local_kg_curated
LFS:DRUG:Gemcitabine	Gemcitabine	Drug				local_kg_curated
LFS:DRUG:Gemfibrozil	Gemfibrozil	Drug				local_kg_curated
LFS:DRUG:Gentamicine_sulfate	Gentamicine sulfate	Drug				local_kg_curated
LFS:DRUG:Gestrinone	Gestrinone	Drug				local_kg_curated
LFS:DRUG:Glafenine_hydrochloride	Glafenine hydrochloride	Drug				local_kg_curated
LFS:DRUG:Glibenclamide	Glibenclamide	Drug				local_kg_curated
LFS:DRUG:Gliclazide	Gliclazide	Drug				local_kg_curated
LFS:DRUG:Glimepiride	Glimepiride	Drug				local_kg_curated
LFS:DRUG:Glipizide	Glipizide	Drug				local_kg_curated
LFS:DRUG:Gliquidone	Gliquidone	Drug				local_kg_curated
LFS:DRUG:Glutethimide_para_amino	Glutethimide, para-amino	Drug				local_kg_curated
LFS:DRUG:Glycopyrrolate	Glycopyrrolate	Drug				local_kg_curated
LFS:DRUG:Granisetron	Granisetron	Drug				local_kg_curated
LFS:DRUG:Griseofulvin	Griseofulvin	Drug				local_kg_curated
LFS:DRUG:Guaiacol	Guaiacol	Drug				local_kg_curated
LFS:DRUG:Guaifenesin	Guaifenesin	Drug				local_kg_curated
LFS:DRUG:Guanabenz_acetate	Guanabenz acetate	Drug				local_kg_curated
LFS:DRUG:Guanadrel_sulfate	Guanadrel sulfate	Drug				local_kg_curated
LFS:DRUG:Guanethidine_sulfate	Guanethidine sulfate	Drug				local_kg_curated
LFS:DRUG:Guanfacine_hydrochloride	Guanfacine hydrochloride	Drug				local_kg_curated
LFS:DRUG:Halcinonide	Halcinonide	Drug				local_kg_curated
LFS:DRUG:Halofantrine_hydrochloride	Halofantrine hydrochloride	Drug				local_kg_curated
LFS:DRUG:Haloperidol	Haloperidol	Drug				local_kg_curated
LFS:DRUG:Haloprogin	Haloprogin	Drug				local_kg_curated
LFS:DRUG:Hemicholinium_bromide	Hemicholinium bromide	Drug				local_kg_curated
LFS:DRUG:Heptaminol_hydrochloride	Heptaminol hydrochloride	Drug				local_kg_curated
LFS:DRUG:Hesperidin	Hesperidin	Drug				local_kg_curated
LFS:DRUG:Hexachlorophene	Hexachlorophene	Drug				local_kg_curated
LFS:DRUG:Hexamethonium_dibromide_dihydrate	Hexamethonium dibromide dihydrate	Drug				local_kg_curated
LFS:DRUG:Hexestrol	Hexestrol	Drug				local_kg_curated
LFS:DRUG:Hexetidine	Hexetidine	Drug				local_kg_curated
LFS:DRUG:Hexylcaine_hydrochloride	Hexylcaine hydrochloride	Drug				local_kg_curated
LFS:DRUG:Homatropine_hydrobromide_R_S_	Homatropine hydrobromide (R,S)	Drug				local_kg_curated
LFS:DRUG:Homochlorcyclizine_dihydrochloride	Homochlorcyclizine dihydrochloride	Drug				local_kg_curated
LFS:DRUG:Homosalate	Homosalate	Drug				local_kg_curated
LFS:DRUG:Hycanthone	Hycanthone	Drug				local_kg_curated
LFS:DRUG:Hydralazine_hydrochloride	Hydralazine hydrochloride	Drug				local_kg_curated
LFS:DRUG:Hydrochlorothiazide	Hydrochlorothiazide	Drug				local_kg_curated
LFS:DRUG:Hydrocortisone_base	Hydrocortisone base	Drug				local_kg_curated
LFS:DRUG:Hydroflumethiazide	Hydroflumethiazide	Drug				local_kg_curated
LFS:DRUG:Hydroxychloroquine_sulfate	Hydroxychloroquine sulfate	Drug				local_kg_curated
LFS:DRUG:Hydroxytacrine_maleate_R_S_	Hydroxytacrine maleate (R,S)	Drug				local_kg_curated
LFS:DRUG:Hydroxyzine_dihydrochloride	Hydroxyzine dihydrochloride	Drug				local_kg_curated
LFS:DRUG:Hymecromone	Hymecromone	Drug				local_kg_curated
LFS:DRUG:Hyoscyamine_L_	Hyoscyamine (L)	Drug				local_kg_curated
LFS:DRUG:Ibandronate_sodium	Ibandronate sodium	Drug				local_kg_curated
LFS:DRUG:Ibudilast	Ibudilast	Drug				local_kg_curated
LFS:DRUG:Ibutilide_fumarate	Ibutilide fumarate	Drug				local_kg_curated
LFS:DRUG:Idazoxan_hydrochloride	Idazoxan hydrochloride	Drug				local_kg_curated
LFS:DRUG:Idebenone	Idebenone	Drug				local_kg_curated
LFS:DRUG:Idoxuridine	Idoxuridine	Drug				local_kg_curated
LFS:DRUG:Ifenprodil_tartrate	Ifenprodil tartrate	Drug				local_kg_curated
LFS:DRUG:Ifosfamide	Ifosfamide	Drug				local_kg_curated
LFS:DRUG:Imatinib	Imatinib	Drug				local_kg_curated
LFS:DRUG:Imidurea	Imidurea	Drug				local_kg_curated
LFS:DRUG:Imipenem	Imipenem	Drug				local_kg_curated
LFS:DRUG:Imipramine_hydrochloride	Imipramine hydrochloride	Drug				local_kg_curated
LFS:DRUG:Imiquimod	Imiquimod	Drug				local_kg_curated
LFS:DRUG:Indapamide	Indapamide	Drug				local_kg_curated
LFS:DRUG:Indatraline_hydrochloride	Indatraline hydrochloride	Drug				local_kg_curated
LFS:DRUG:Indomethacin	Indomethacin	Drug				local_kg_curated
LFS:DRUG:Indoprofen	Indoprofen	Drug				local_kg_curated
LFS:DRUG:Iobenguane_sulfate	Iobenguane sulfate	Drug				local_kg_curated
LFS:DRUG:Iocetamic_acid	Iocetamic acid	Drug				local_kg_curated
LFS:DRUG:Iodipamide	Iodipamide	Drug				local_kg_curated
LFS:DRUG:Iodixanol	Iodixanol	Drug				local_kg_curated
LFS:DRUG:Iohexol	Iohexol	Drug				local_kg_curated
LFS:DRUG:Iopamidol	Iopamidol	Drug				local_kg_curated
LFS:DRUG:Iopanoic_acid	Iopanoic acid	Drug				local_kg_curated
LFS:DRUG:Iopromide	Iopromide	Drug				local_kg_curated
LFS:DRUG:Ioversol	Ioversol	Drug				local_kg_curated
LFS:DRUG:Ioxaglic_acid	Ioxaglic acid	Drug				local_kg_curated
LFS:DRUG:Iproniazide_phosphate	Iproniazide phosphate	Drug				local_kg_curated
LFS:DRUG:Ipsapirone	Ipsapirone	Drug				local_kg_curated
LFS:DRUG:Irinotecan_hydrochloride_trihydrate	Irinotecan hydrochloride trihydrate	Drug				local_kg_curated
LFS:DRUG:Irsogladine_maleate	Irsogladine maleate	Drug				local_kg_curated
LFS:DRUG:Isocarboxazid	Isocarboxazid	Drug				local_kg_curated
LFS:DRUG:Isoconazole	Isoconazole	Drug				local_kg_curated
LFS:DRUG:Isoetharine_mesylate_salt	Isoetharine mesylate salt	Drug				local_kg_curated
LFS:DRUG:Isoflupredone_acetate	Isoflupredone acetate	Drug				local_kg_curated
LFS:DRUG:Isometheptene_mucate	Isometheptene mucate	Drug				local_kg_curated
LFS:DRUG:Isoniazid	Isoniazid	Drug				local_kg_curated
LFS:DRUG:Isopropamide_iodide	Isopropamide iodide	Drug				local_kg_curated
LFS:DRUG:Isopyrin_hydrochloride	Isopyrin hydrochloride	Drug				local_kg_curated
LFS:DRUG:Isoquinoline_6_7_dimethoxy_1_methyl_1_2_3_4_tetrahydro_hydrochloride	Isoquinoline, 6,7-dimethoxy-1-methyl-1,2,3,4-tetrahydro, hydrochloride	Drug				local_kg_curated
LFS:DRUG:Isosorbide_dinitrate	Isosorbide dinitrate	Drug				local_kg_curated
LFS:DRUG:Isosorbide_mononitrate	Isosorbide mononitrate	Drug				local_kg_curated
LFS:DRUG:Isotretinoin	Isotretinoin	Drug				local_kg_curated
LFS:DRUG:Isoxicam	Isoxicam	Drug				local_kg_curated
LFS:DRUG:Isoxsuprine_hydrochloride	Isoxsuprine hydrochloride	Drug				local_kg_curated
LFS:DRUG:Isradipine	Isradipine	Drug				local_kg_curated
LFS:DRUG:Itopride	Itopride	Drug				local_kg_curated
LFS:DRUG:Itraconazole	Itraconazole	Drug				local_kg_curated
LFS:DRUG:Ivermectin	Ivermectin	Drug				local_kg_curated
LFS:DRUG:Josamycin	Josamycin	Drug				local_kg_curated
LFS:DRUG:Kanamycin_A_sulfate	Kanamycin A sulfate	Drug				local_kg_curated
LFS:DRUG:Ketanserin_tartrate_hydrate	Ketanserin tartrate hydrate	Drug				local_kg_curated
LFS:DRUG:Ketoconazole	Ketoconazole	Drug				local_kg_curated
LFS:DRUG:Ketoprofen	Ketoprofen	Drug				local_kg_curated
LFS:DRUG:Ketorolac_tromethamine	Ketorolac tromethamine	Drug				local_kg_curated
LFS:DRUG:Ketotifen_fumarate	Ketotifen fumarate	Drug				local_kg_curated
LFS:DRUG:Khellin	Khellin	Drug				local_kg_curated
LFS:DRUG:L_vesamicol_hydrochloride	L(-)-vesamicol hydrochloride	Drug				local_kg_curated
LFS:DRUG:Labetalol_hydrochloride	Labetalol hydrochloride	Drug				local_kg_curated
LFS:DRUG:Lacidipine	Lacidipine	Drug				local_kg_curated
LFS:DRUG:Lamivudine	Lamivudine	Drug				local_kg_curated
LFS:DRUG:Lamotrigine	Lamotrigine	Drug				local_kg_curated
LFS:DRUG:Lanatoside_C	Lanatoside C	Drug				local_kg_curated
LFS:DRUG:Lansoprazole	Lansoprazole	Drug				local_kg_curated
LFS:DRUG:Leflunomide	Leflunomide	Drug				local_kg_curated
LFS:DRUG:Letrozole	Letrozole	Drug				local_kg_curated
LFS:DRUG:Levalbuterol_hydrochloride	Levalbuterol hydrochloride	Drug				local_kg_curated
LFS:DRUG:Levamisole_hydrochloride	Levamisole hydrochloride	Drug				local_kg_curated
LFS:DRUG:Levetiracetam	Levetiracetam	Drug				local_kg_curated
LFS:DRUG:Levocabastine_hydrochloride	Levocabastine hydrochloride	Drug				local_kg_curated
LFS:DRUG:Levodopa	Levodopa	Drug				local_kg_curated
LFS:DRUG:Levonordefrin	Levonordefrin	Drug				local_kg_curated
LFS:DRUG:Levopropoxyphene_napsylate	Levopropoxyphene napsylate	Drug				local_kg_curated
LFS:DRUG:Lidocaine_hydrochloride	Lidocaine hydrochloride	Drug				local_kg_curated
LFS:DRUG:Lidoflazine	Lidoflazine	Drug				local_kg_curated
LFS:DRUG:Lincomycin_hydrochloride	Lincomycin hydrochloride	Drug				local_kg_curated
LFS:DRUG:Linezolid	Linezolid	Drug				local_kg_curated
LFS:DRUG:Liothyronine	Liothyronine	Drug				local_kg_curated
LFS:DRUG:Liranaftate	Liranaftate	Drug				local_kg_curated
LFS:DRUG:Lisinopril	Lisinopril	Drug				local_kg_curated
LFS:DRUG:Lithocholic_acid	Lithocholic acid	Drug				local_kg_curated
LFS:DRUG:Lofexidine	Lofexidine	Drug				local_kg_curated
LFS:DRUG:Lomefloxacin_hydrochloride	Lomefloxacin hydrochloride	Drug				local_kg_curated
LFS:DRUG:Loperamide_hydrochloride	Loperamide hydrochloride	Drug				local_kg_curated
LFS:DRUG:Loracarbef	Loracarbef	Drug				local_kg_curated
LFS:DRUG:Loratadine	Loratadine	Drug				local_kg_curated
LFS:DRUG:Lorglumide_sodium_salt	Lorglumide sodium salt	Drug				local_kg_curated
LFS:DRUG:Losartan	Losartan	Drug				local_kg_curated
LFS:DRUG:Lovastatin	Lovastatin	Drug				local_kg_curated
LFS:DRUG:Loxapine_succinate	Loxapine succinate	Drug				local_kg_curated
LFS:DRUG:Luteolin	Luteolin	Drug				local_kg_curated
LFS:DRUG:Lymecycline	Lymecycline	Drug				local_kg_curated
LFS:DRUG:Lynestrenol	Lynestrenol	Drug				local_kg_curated
LFS:DRUG:Mafenide_hydrochloride	Mafenide hydrochloride	Drug				local_kg_curated
LFS:DRUG:Maprotiline_hydrochloride	Maprotiline hydrochloride	Drug				local_kg_curated
LFS:DRUG:Mebendazole	Mebendazole	Drug				local_kg_curated
LFS:DRUG:Mebeverine_hydrochloride	Mebeverine hydrochloride	Drug				local_kg_curated
LFS:DRUG:Mebhydroline_1_5_naphtalenedisulfonate	Mebhydroline 1,5-naphtalenedisulfonate	Drug				local_kg_curated
LFS:DRUG:Mecamylamine_hydrochloride	Mecamylamine hydrochloride	Drug				local_kg_curated
LFS:DRUG:Meclocycline_sulfosalicylate	Meclocycline sulfosalicylate	Drug				local_kg_curated
LFS:DRUG:Meclofenamic_acid_sodium_salt_monohydrate	Meclofenamic acid sodium salt monohydrate	Drug				local_kg_curated
LFS:DRUG:Meclofenoxate_hydrochloride	Meclofenoxate hydrochloride	Drug				local_kg_curated
LFS:DRUG:Meclozine_dihydrochloride	Meclozine dihydrochloride	Drug				local_kg_curated
LFS:DRUG:Medrysone	Medrysone	Drug				local_kg_curated
LFS:DRUG:Mefenamic_acid	Mefenamic acid	Drug				local_kg_curated
LFS:DRUG:Mefexamide_hydrochloride	Mefexamide hydrochloride	Drug				local_kg_curated
LFS:DRUG:Mefloquine_hydrochloride	Mefloquine hydrochloride	Drug				local_kg_curated
LFS:DRUG:Megestrol_acetate	Megestrol acetate	Drug				local_kg_curated
LFS:DRUG:Meglumine	Meglumine	Drug				local_kg_curated
LFS:DRUG:Melatonin	Melatonin	Drug				local_kg_curated
LFS:DRUG:Melengestrol_acetate	Melengestrol acetate	Drug				local_kg_curated
LFS:DRUG:Meloxicam	Meloxicam	Drug				local_kg_curated
LFS:DRUG:Memantine_Hydrochloride	Memantine Hydrochloride	Drug				local_kg_curated
LFS:DRUG:Mepenzolate_bromide	Mepenzolate bromide	Drug				local_kg_curated
LFS:DRUG:Mephenesin	Mephenesin	Drug				local_kg_curated
LFS:DRUG:Mephentermine_hemisulfate	Mephentermine hemisulfate	Drug				local_kg_curated
LFS:DRUG:Mephenytoin	Mephenytoin	Drug				local_kg_curated
LFS:DRUG:Mepivacaine_hydrochloride	Mepivacaine hydrochloride	Drug				local_kg_curated
LFS:DRUG:Meprylcaine_hydrochloride	Meprylcaine hydrochloride	Drug				local_kg_curated
LFS:DRUG:Meptazinol_hydrochloride	Meptazinol hydrochloride	Drug				local_kg_curated
LFS:DRUG:Merbromin	Merbromin	Drug				local_kg_curated
LFS:DRUG:Mercaptopurine	Mercaptopurine	Drug				local_kg_curated
LFS:DRUG:Meropenem	Meropenem	Drug				local_kg_curated
LFS:DRUG:Mesalamine	Mesalamine	Drug				local_kg_curated
LFS:DRUG:Mesna	Mesna	Drug				local_kg_curated
LFS:DRUG:Mesoridazine_besylate	Mesoridazine besylate	Drug				local_kg_curated
LFS:DRUG:Metaproterenol_sulfate_orciprenaline_sulfate	Metaproterenol sulfate, orciprenaline sulfate	Drug				local_kg_curated
LFS:DRUG:Metaraminol_bitartrate	Metaraminol bitartrate	Drug				local_kg_curated
LFS:DRUG:Metergoline	Metergoline	Drug				local_kg_curated
LFS:DRUG:Metformin_hydrochloride	Metformin hydrochloride	Drug				local_kg_curated
LFS:DRUG:Methacholine_chloride	Methacholine chloride	Drug				local_kg_curated
LFS:DRUG:Methacycline_hydrochloride	Methacycline hydrochloride	Drug				local_kg_curated
LFS:DRUG:Methantheline_bromide	Methantheline bromide	Drug				local_kg_curated
LFS:DRUG:Methapyrilene_hydrochloride	Methapyrilene hydrochloride	Drug				local_kg_curated
LFS:DRUG:Methazolamide	Methazolamide	Drug				local_kg_curated
LFS:DRUG:Methenamine	Methenamine	Drug				local_kg_curated
LFS:DRUG:Methiazole	Methiazole	Drug				local_kg_curated
LFS:DRUG:Methimazole	Methimazole	Drug				local_kg_curated
LFS:DRUG:Methiothepin_maleate	Methiothepin maleate	Drug				local_kg_curated
LFS:DRUG:Methocarbamol	Methocarbamol	Drug				local_kg_curated
LFS:DRUG:Methotrexate	Methotrexate	Drug				local_kg_curated
LFS:DRUG:Methotrimeprazine_maleat_salt	Methotrimeprazine maleat salt	Drug				local_kg_curated
LFS:DRUG:Methoxamine_hydrochloride	Methoxamine hydrochloride	Drug				local_kg_curated
LFS:DRUG:Methyl_benzethonium_chloride	Methyl benzethonium chloride	Drug				local_kg_curated
LFS:DRUG:Methylatropine_nitrate	Methylatropine nitrate	Drug				local_kg_curated
LFS:DRUG:Methyldopa_L_	Methyldopa (L,-)	Drug				local_kg_curated
LFS:DRUG:Methyldopate_hydrochloride	Methyldopate hydrochloride	Drug				local_kg_curated
LFS:DRUG:Methylergometrine_maleate	Methylergometrine maleate	Drug				local_kg_curated
LFS:DRUG:Methylhydantoin_5_D_	Methylhydantoin-5-(D)	Drug				local_kg_curated
LFS:DRUG:Methylhydantoin_5_L_	Methylhydantoin-5-(L)	Drug				local_kg_curated
LFS:DRUG:Methylprednisolone_6_alpha	Methylprednisolone, 6-alpha	Drug				local_kg_curated
LFS:DRUG:Meticrane	Meticrane	Drug				local_kg_curated
LFS:DRUG:Metixene_hydrochloride	Metixene hydrochloride	Drug				local_kg_curated
LFS:DRUG:Metoclopramide_monohydrochloride	Metoclopramide monohydrochloride	Drug				local_kg_curated
LFS:DRUG:Metolazone	Metolazone	Drug				local_kg_curated
LFS:DRUG:Metoprolol_tartrate_salt	Metoprolol-(+,-) (+)-tartrate salt	Drug				local_kg_curated
LFS:DRUG:Metrizamide	Metrizamide	Drug				local_kg_curated
LFS:DRUG:Metronidazole	Metronidazole	Drug				local_kg_curated
LFS:DRUG:Metyrapone	Metyrapone	Drug				local_kg_curated
LFS:DRUG:Mevalonic_D_L_acid_lactone	Mevalonic-D, L acid lactone	Drug				local_kg_curated
LFS:DRUG:Mevastatin	Mevastatin	Drug				local_kg_curated
LFS:DRUG:Mexiletine_hydrochloride	Mexiletine hydrochloride	Drug				local_kg_curated
LFS:DRUG:Mianserine_hydrochloride	Mianserine hydrochloride	Drug				local_kg_curated
LFS:DRUG:Miconazole	Miconazole	Drug				local_kg_curated
LFS:DRUG:Midodrine_hydrochloride	Midodrine hydrochloride	Drug				local_kg_curated
LFS:DRUG:Mifepristone	Mifepristone	Drug				local_kg_curated
LFS:DRUG:Miglitol	Miglitol	Drug				local_kg_curated
LFS:DRUG:Milrinone	Milrinone	Drug				local_kg_curated
LFS:DRUG:Minaprine_dihydrochloride	Minaprine dihydrochloride	Drug				local_kg_curated
LFS:DRUG:Minocycline_hydrochloride	Minocycline hydrochloride	Drug				local_kg_curated
LFS:DRUG:Minoxidil	Minoxidil	Drug				local_kg_curated
LFS:DRUG:Mirtazapine	Mirtazapine	Drug				local_kg_curated
LFS:DRUG:Misoprostol	Misoprostol	Drug				local_kg_curated
LFS:DRUG:Mitotane	Mitotane	Drug				local_kg_curated
LFS:DRUG:Mizolastine	Mizolastine	Drug				local_kg_curated
LFS:DRUG:Moclobemide	Moclobemide	Drug				local_kg_curated
LFS:DRUG:Modafinil	Modafinil	Drug				local_kg_curated
LFS:DRUG:Molindone_hydrochloride	Molindone hydrochloride	Drug				local_kg_curated
LFS:DRUG:Molsidomine	Molsidomine	Drug				local_kg_curated
LFS:DRUG:Mometasone_furoate	Mometasone furoate	Drug				local_kg_curated
LFS:DRUG:Monensin_sodium_salt	Monensin sodium salt	Drug				local_kg_curated
LFS:DRUG:Monobenzone	Monobenzone	Drug				local_kg_curated
LFS:DRUG:Montelukast	Montelukast	Drug				local_kg_curated
LFS:DRUG:Morantel_tartrate	Morantel tartrate	Drug				local_kg_curated
LFS:DRUG:Moricizine_hydrochloride	Moricizine hydrochloride	Drug				local_kg_curated
LFS:DRUG:Moroxidine_hydrochloride	Moroxidine hydrochloride	Drug				local_kg_curated
LFS:DRUG:Morpholinoethylamino_3_benzocyclohepta_5_6_c_pyridazine_dihydrochloride	Morpholinoethylamino-3-benzocyclohepta-(5,6-c)-pyridazine dihydrochloride	Drug				local_kg_curated
LFS:DRUG:Moxalactam_disodium_salt	Moxalactam disodium salt	Drug				local_kg_curated
LFS:DRUG:Moxifloxacin	Moxifloxacin	Drug				local_kg_curated
LFS:DRUG:Moxisylyte_hydrochoride	Moxisylyte hydrochoride	Drug				local_kg_curated
LFS:DRUG:Moxonidine	Moxonidine	Drug				local_kg_curated
LFS:DRUG:N6_methyladenosine	N6-methyladenosine	Drug				local_kg_curated
LFS:DRUG:N_Acetyl_DL_homocysteine_Thiolactone	N-Acetyl-DL-homocysteine Thiolactone	Drug				local_kg_curated
LFS:DRUG:N_Acetyl_L_leucine	N-Acetyl-L-leucine	Drug				local_kg_curated
LFS:DRUG:Nabumetone	Nabumetone	Drug				local_kg_curated
LFS:DRUG:Nadide	Nadide	Drug				local_kg_curated
LFS:DRUG:Nadifloxacin	Nadifloxacin	Drug				local_kg_curated
LFS:DRUG:Nadolol	Nadolol	Drug				local_kg_curated
LFS:DRUG:Nafcillin_sodium_salt_monohydrate	Nafcillin sodium salt monohydrate	Drug				local_kg_curated
LFS:DRUG:Nafronyl_oxalate	Nafronyl oxalate	Drug				local_kg_curated
LFS:DRUG:Naftifine_hydrochloride	Naftifine hydrochloride	Drug				local_kg_curated
LFS:DRUG:Naftopidil_dihydrochloride	Naftopidil dihydrochloride	Drug				local_kg_curated
LFS:DRUG:Nalbuphine_hydrochloride	Nalbuphine hydrochloride	Drug				local_kg_curated
LFS:DRUG:Nalidixic_acid_sodium_salt	Nalidixic acid sodium salt	Drug				local_kg_curated
LFS:DRUG:Nalmefene_hydrochloride	Nalmefene hydrochloride	Drug				local_kg_curated
LFS:DRUG:Naloxone_hydrochloride	Naloxone hydrochloride	Drug				local_kg_curated
LFS:DRUG:Naltrexone_hydrochloride_dihydrate	Naltrexone hydrochloride dihydrate	Drug				local_kg_curated
LFS:DRUG:Nandrolone	Nandrolone	Drug				local_kg_curated
LFS:DRUG:Naphazoline_hydrochloride	Naphazoline hydrochloride	Drug				local_kg_curated
LFS:DRUG:Naproxen	Naproxen	Drug				local_kg_curated
LFS:DRUG:Nefazodone_HCl	Nefazodone HCl	Drug				local_kg_curated
LFS:DRUG:Nefopam_hydrochloride	Nefopam hydrochloride	Drug				local_kg_curated
LFS:DRUG:Neomycin_sulfate	Neomycin sulfate	Drug				local_kg_curated
LFS:DRUG:Neostigmine_bromide	Neostigmine bromide	Drug				local_kg_curated
LFS:DRUG:Niacin	Niacin	Drug				local_kg_curated
LFS:DRUG:Nialamide	Nialamide	Drug				local_kg_curated
LFS:DRUG:Nicardipine_hydrochloride	Nicardipine hydrochloride	Drug				local_kg_curated
LFS:DRUG:Nicergoline	Nicergoline	Drug				local_kg_curated
LFS:DRUG:Niclosamide	Niclosamide	Drug				local_kg_curated
LFS:DRUG:Nicorandil	Nicorandil	Drug				local_kg_curated
LFS:DRUG:Nicotinamide	Nicotinamide	Drug				local_kg_curated
LFS:DRUG:Nifedipine	Nifedipine	Drug				local_kg_curated
LFS:DRUG:Nifenazone	Nifenazone	Drug				local_kg_curated
LFS:DRUG:Niflumic_acid	Niflumic acid	Drug				local_kg_curated
LFS:DRUG:Nifuroxazide	Nifuroxazide	Drug				local_kg_curated
LFS:DRUG:Nifurtimox	Nifurtimox	Drug				local_kg_curated
LFS:DRUG:Nilutamide	Nilutamide	Drug				local_kg_curated
LFS:DRUG:Nilvadipine	Nilvadipine	Drug				local_kg_curated
LFS:DRUG:Nimesulide	Nimesulide	Drug				local_kg_curated
LFS:DRUG:Nimodipine	Nimodipine	Drug				local_kg_curated
LFS:DRUG:Niridazole	Niridazole	Drug				local_kg_curated
LFS:DRUG:Nisoldipine	Nisoldipine	Drug				local_kg_curated
LFS:DRUG:Nisoxetine_hydrochloride	Nisoxetine hydrochloride	Drug				local_kg_curated
LFS:DRUG:Nitrendipine	Nitrendipine	Drug				local_kg_curated
LFS:DRUG:Nitrocaramiphen_hydrochloride	Nitrocaramiphen hydrochloride	Drug				local_kg_curated
LFS:DRUG:Nitrofural	Nitrofural	Drug				local_kg_curated
LFS:DRUG:Nitrofurantoin	Nitrofurantoin	Drug				local_kg_curated
LFS:DRUG:Nizatidine	Nizatidine	Drug				local_kg_curated
LFS:DRUG:Nocodazole	Nocodazole	Drug				local_kg_curated
LFS:DRUG:Nomegestrol_acetate	Nomegestrol acetate	Drug				local_kg_curated
LFS:DRUG:Nomifensine_maleate	Nomifensine maleate	Drug				local_kg_curated
LFS:DRUG:Norcyclobenzaprine	Norcyclobenzaprine	Drug				local_kg_curated
LFS:DRUG:Norethindrone	Norethindrone	Drug				local_kg_curated
LFS:DRUG:Norethynodrel	Norethynodrel	Drug				local_kg_curated
LFS:DRUG:Norfloxacin	Norfloxacin	Drug				local_kg_curated
LFS:DRUG:Norgestimate	Norgestimate	Drug				local_kg_curated
LFS:DRUG:Norgestrel_D	Norgestrel-(-)-D	Drug				local_kg_curated
LFS:DRUG:Nortriptyline_hydrochloride	Nortriptyline hydrochloride	Drug				local_kg_curated
LFS:DRUG:Novobiocin_sodium_salt	Novobiocin sodium salt	Drug				local_kg_curated
LFS:DRUG:Nylidrin	Nylidrin	Drug				local_kg_curated
LFS:DRUG:Nystatine	Nystatine	Drug				local_kg_curated
LFS:DRUG:Ofloxacin	Ofloxacin	Drug				local_kg_curated
LFS:DRUG:Olanzapine	Olanzapine	Drug				local_kg_curated
LFS:DRUG:Olmesartan	Olmesartan	Drug				local_kg_curated
LFS:DRUG:Olopatadine_hydrochloride	Olopatadine hydrochloride	Drug				local_kg_curated
LFS:DRUG:Omeprazole	Omeprazole	Drug				local_kg_curated
LFS:DRUG:Ondansetron_Hydrochloride	Ondansetron Hydrochloride	Drug				local_kg_curated
LFS:DRUG:Opipramol_dihydrochloride	Opipramol dihydrochloride	Drug				local_kg_curated
LFS:DRUG:Ornidazole	Ornidazole	Drug				local_kg_curated
LFS:DRUG:Orphenadrine_hydrochloride	Orphenadrine hydrochloride	Drug				local_kg_curated
LFS:DRUG:Oxacillin_sodium	Oxacillin sodium	Drug				local_kg_curated
LFS:DRUG:Oxalamine_citrate_salt	Oxalamine citrate salt	Drug				local_kg_curated
LFS:DRUG:Oxandrolone	Oxandrolone	Drug				local_kg_curated
LFS:DRUG:Oxantel_pamoate	Oxantel pamoate	Drug				local_kg_curated
LFS:DRUG:Oxaprozin	Oxaprozin	Drug				local_kg_curated
LFS:DRUG:Oxcarbazepine	Oxcarbazepine	Drug				local_kg_curated
LFS:DRUG:Oxethazaine	Oxethazaine	Drug				local_kg_curated
LFS:DRUG:Oxfendazol	Oxfendazol	Drug				local_kg_curated
LFS:DRUG:Oxibendazol	Oxibendazol	Drug				local_kg_curated
LFS:DRUG:Oxiconazole_Nitrate	Oxiconazole Nitrate	Drug				local_kg_curated
LFS:DRUG:Oxolinic_acid	Oxolinic acid	Drug				local_kg_curated
LFS:DRUG:Oxprenolol_hydrochloride	Oxprenolol hydrochloride	Drug				local_kg_curated
LFS:DRUG:Oxybenzone	Oxybenzone	Drug				local_kg_curated
LFS:DRUG:Oxybutynin_chloride	Oxybutynin chloride	Drug				local_kg_curated
LFS:DRUG:Oxymetazoline_hydrochloride	Oxymetazoline hydrochloride	Drug				local_kg_curated
LFS:DRUG:Oxyphenbutazone	Oxyphenbutazone	Drug				local_kg_curated
LFS:DRUG:Oxytetracycline_dihydrate	Oxytetracycline dihydrate	Drug				local_kg_curated
LFS:DRUG:Ozagrel_hydrochloride	Ozagrel hydrochloride	Drug				local_kg_curated
LFS:DRUG:Paclitaxel	Paclitaxel	Drug				local_kg_curated
LFS:DRUG:Pancuronium_bromide	Pancuronium bromide	Drug				local_kg_curated
LFS:DRUG:Panthenol_D_	Panthenol (D)	Drug				local_kg_curated
LFS:DRUG:Papaverine_hydrochloride	Papaverine hydrochloride	Drug				local_kg_curated
LFS:DRUG:Parbendazole	Parbendazole	Drug				local_kg_curated
LFS:DRUG:Pargyline_hydrochloride	Pargyline hydrochloride	Drug				local_kg_curated
LFS:DRUG:Paromomycin_sulfate	Paromomycin sulfate	Drug				local_kg_curated
LFS:DRUG:Paroxetine_Hydrochloride	Paroxetine Hydrochloride	Drug				local_kg_curated
LFS:DRUG:Parthenolide	Parthenolide	Drug				local_kg_curated
LFS:DRUG:Pefloxacine	Pefloxacine	Drug				local_kg_curated
LFS:DRUG:Pemirolast_potassium	Pemirolast potassium	Drug				local_kg_curated
LFS:DRUG:Pempidine_tartrate	Pempidine tartrate	Drug				local_kg_curated
LFS:DRUG:Penbutolol_sulfate	Penbutolol sulfate	Drug				local_kg_curated
LFS:DRUG:Penciclovir	Penciclovir	Drug				local_kg_curated
LFS:DRUG:Penicillamine	Penicillamine	Drug				local_kg_curated
LFS:DRUG:Pentamidine_isethionate	Pentamidine isethionate	Drug				local_kg_curated
LFS:DRUG:Pentetic_acid	Pentetic acid	Drug				local_kg_curated
LFS:DRUG:Pentobarbital	Pentobarbital	Drug				local_kg_curated
LFS:DRUG:Pentolinium_bitartrate	Pentolinium bitartrate	Drug				local_kg_curated
LFS:DRUG:Pentoxifylline	Pentoxifylline	Drug				local_kg_curated
LFS:DRUG:Pentylenetetrazole	Pentylenetetrazole	Drug				local_kg_curated
LFS:DRUG:Pepstatin_A	Pepstatin A	Drug				local_kg_curated
LFS:DRUG:Pergolide_mesylate	Pergolide mesylate	Drug				local_kg_curated
LFS:DRUG:Perhexiline_maleate	Perhexiline maleate	Drug				local_kg_curated
LFS:DRUG:Perindopril	Perindopril	Drug				local_kg_curated
LFS:DRUG:Perphenazine	Perphenazine	Drug				local_kg_curated
LFS:DRUG:Phenacetin	Phenacetin	Drug				local_kg_curated
LFS:DRUG:Phenazopyridine_hydrochloride	Phenazopyridine hydrochloride	Drug				local_kg_curated
LFS:DRUG:Phenelzine_sulfate	Phenelzine sulfate	Drug				local_kg_curated
LFS:DRUG:Phenethicillin_potassium_salt	Phenethicillin potassium salt	Drug				local_kg_curated
LFS:DRUG:Phenformin_hydrochloride	Phenformin hydrochloride	Drug				local_kg_curated
LFS:DRUG:Phenindione	Phenindione	Drug				local_kg_curated
LFS:DRUG:Pheniramine_maleate	Pheniramine maleate	Drug				local_kg_curated
LFS:DRUG:Phenoxybenzamine_hydrochloride	Phenoxybenzamine hydrochloride	Drug				local_kg_curated
LFS:DRUG:Phensuximide	Phensuximide	Drug				local_kg_curated
LFS:DRUG:Phentermine_hydrochloride	Phentermine hydrochloride	Drug				local_kg_curated
LFS:DRUG:Phentolamine_hydrochloride	Phentolamine hydrochloride	Drug				local_kg_curated
LFS:DRUG:Phenylbutazone	Phenylbutazone	Drug				local_kg_curated
LFS:DRUG:Phenylpropanolamine_hydrochloride	Phenylpropanolamine hydrochloride	Drug				local_kg_curated
LFS:DRUG:Phthalylsulfathiazole	Phthalylsulfathiazole	Drug				local_kg_curated
LFS:DRUG:Picotamide_monohydrate	Picotamide monohydrate	Drug				local_kg_curated
LFS:DRUG:Picrotoxinin	Picrotoxinin	Drug				local_kg_curated
LFS:DRUG:Pilocarpine_nitrate	Pilocarpine nitrate	Drug				local_kg_curated
LFS:DRUG:Pimethixene_maleate	Pimethixene maleate	Drug				local_kg_curated
LFS:DRUG:Pimozide	Pimozide	Drug				local_kg_curated
LFS:DRUG:Pinacidil	Pinacidil	Drug				local_kg_curated
LFS:DRUG:Pinaverium_bromide	Pinaverium bromide	Drug				local_kg_curated
LFS:DRUG:Pindolol	Pindolol	Drug				local_kg_curated
LFS:DRUG:Pioglitazone	Pioglitazone	Drug				local_kg_curated
LFS:DRUG:Pipemidic_acid	Pipemidic acid	Drug				local_kg_curated
LFS:DRUG:Pipenzolate_bromide	Pipenzolate bromide	Drug				local_kg_curated
LFS:DRUG:Piperacetazine	Piperacetazine	Drug				local_kg_curated
LFS:DRUG:Piperacillin_sodium_salt	Piperacillin sodium salt	Drug				local_kg_curated
LFS:DRUG:Piperidolate_hydrochloride	Piperidolate hydrochloride	Drug				local_kg_curated
LFS:DRUG:Piracetam	Piracetam	Drug				local_kg_curated
LFS:DRUG:Pirenperone	Pirenperone	Drug				local_kg_curated
LFS:DRUG:Pirenzepine_dihydrochloride	Pirenzepine dihydrochloride	Drug				local_kg_curated
LFS:DRUG:Piretanide	Piretanide	Drug				local_kg_curated
LFS:DRUG:Piribedil_hydrochloride	Piribedil hydrochloride	Drug				local_kg_curated
LFS:DRUG:Pirlindole_mesylate	Pirlindole mesylate	Drug				local_kg_curated
LFS:DRUG:Piromidic_acid	Piromidic acid	Drug				local_kg_curated
LFS:DRUG:Piroxicam	Piroxicam	Drug				local_kg_curated
LFS:DRUG:Pivampicillin	Pivampicillin	Drug				local_kg_curated
LFS:DRUG:Pivmecillinam_hydrochloride	Pivmecillinam hydrochloride	Drug				local_kg_curated
LFS:DRUG:Pizotifen_malate	Pizotifen malate	Drug				local_kg_curated
LFS:DRUG:Podophyllotoxin	Podophyllotoxin	Drug				local_kg_curated
LFS:DRUG:Practolol	Practolol	Drug				local_kg_curated
LFS:DRUG:Pralidoxime_chloride	Pralidoxime chloride	Drug				local_kg_curated
LFS:DRUG:Pramipexole	Pramipexole	Drug				local_kg_curated
LFS:DRUG:Pramoxine_hydrochloride	Pramoxine hydrochloride	Drug				local_kg_curated
LFS:DRUG:Pranlukast	Pranlukast	Drug				local_kg_curated
LFS:DRUG:Pranoprofen	Pranoprofen	Drug				local_kg_curated
LFS:DRUG:Pravastatin	Pravastatin	Drug				local_kg_curated
LFS:DRUG:Praziquantel	Praziquantel	Drug				local_kg_curated
LFS:DRUG:Prazosin_hydrochloride	Prazosin hydrochloride	Drug				local_kg_curated
LFS:DRUG:Prednicarbate	Prednicarbate	Drug				local_kg_curated
LFS:DRUG:Prednisolone	Prednisolone	Drug				local_kg_curated
LFS:DRUG:Prednisone	Prednisone	Drug				local_kg_curated
LFS:DRUG:Pregnenolone	Pregnenolone	Drug				local_kg_curated
LFS:DRUG:Prenylamine_lactate	Prenylamine lactate	Drug				local_kg_curated
LFS:DRUG:Pridinol_methanesulfonate_salt	Pridinol methanesulfonate salt	Drug				local_kg_curated
LFS:DRUG:Prilocaine_hydrochloride	Prilocaine hydrochloride	Drug				local_kg_curated
LFS:DRUG:Primaquine_diphosphate	Primaquine diphosphate	Drug				local_kg_curated
LFS:DRUG:Primidone	Primidone	Drug				local_kg_curated
LFS:DRUG:Proadifen_hydrochloride	Proadifen hydrochloride	Drug				local_kg_curated
LFS:DRUG:Probenecid	Probenecid	Drug				local_kg_curated
LFS:DRUG:Probucol	Probucol	Drug				local_kg_curated
LFS:DRUG:Procainamide_hydrochloride	Procainamide hydrochloride	Drug				local_kg_curated
LFS:DRUG:Procaine_hydrochloride	Procaine hydrochloride	Drug				local_kg_curated
LFS:DRUG:Procarbazine_hydrochloride	Procarbazine hydrochloride	Drug				local_kg_curated
LFS:DRUG:Prochlorperazine_dimaleate	Prochlorperazine dimaleate	Drug				local_kg_curated
LFS:DRUG:Procyclidine_hydrochloride	Procyclidine hydrochloride	Drug				local_kg_curated
LFS:DRUG:Progesterone	Progesterone	Drug				local_kg_curated
LFS:DRUG:Proglumide	Proglumide	Drug				local_kg_curated
LFS:DRUG:Proguanil_hydrochloride	Proguanil hydrochloride	Drug				local_kg_curated
LFS:DRUG:Promazine_hydrochloride	Promazine hydrochloride	Drug				local_kg_curated
LFS:DRUG:Promethazine_hydrochloride	Promethazine hydrochloride	Drug				local_kg_curated
LFS:DRUG:Pronethalol_hydrochloride	Pronethalol hydrochloride	Drug				local_kg_curated
LFS:DRUG:Propafenone_hydrochloride	Propafenone hydrochloride	Drug				local_kg_curated
LFS:DRUG:Propantheline_bromide	Propantheline bromide	Drug				local_kg_curated
LFS:DRUG:Proparacaine_hydrochloride	Proparacaine hydrochloride	Drug				local_kg_curated
LFS:DRUG:Propidium_iodide	Propidium iodide	Drug				local_kg_curated
LFS:DRUG:Propofol	Propofol	Drug				local_kg_curated
LFS:DRUG:Propoxycaine_hydrochloride	Propoxycaine hydrochloride	Drug				local_kg_curated
LFS:DRUG:Propylthiouracil	Propylthiouracil	Drug				local_kg_curated
LFS:DRUG:Proscillaridin_A	Proscillaridin A	Drug				local_kg_curated
LFS:DRUG:Prothionamide	Prothionamide	Drug				local_kg_curated
LFS:DRUG:Protriptyline_hydrochloride	Protriptyline hydrochloride	Drug				local_kg_curated
LFS:DRUG:Pyrantel_tartrate	Pyrantel tartrate	Drug				local_kg_curated
LFS:DRUG:Pyrazinamide	Pyrazinamide	Drug				local_kg_curated
LFS:DRUG:Pyridostigmine_iodide	Pyridostigmine iodide	Drug				local_kg_curated
LFS:DRUG:Pyridoxine_hydrochloride	Pyridoxine hydrochloride	Drug				local_kg_curated
LFS:DRUG:Pyrilamine_maleate	Pyrilamine maleate	Drug				local_kg_curated
LFS:DRUG:Pyrimethamine	Pyrimethamine	Drug				local_kg_curated
LFS:DRUG:Pyrithyldione	Pyrithyldione	Drug				local_kg_curated
LFS:DRUG:Pyrvinium_pamoate	Pyrvinium pamoate	Drug				local_kg_curated
LFS:DRUG:Quetiapine_hemifumarate	Quetiapine hemifumarate	Drug				local_kg_curated
LFS:DRUG:Quinacrine_dihydrochloride_dihydrate	Quinacrine dihydrochloride dihydrate	Drug				local_kg_curated
LFS:DRUG:Quinapril_HCl	Quinapril HCl	Drug				local_kg_curated
LFS:DRUG:Quinethazone	Quinethazone	Drug				local_kg_curated
LFS:DRUG:Quinidine_hydrochloride_monohydrate	Quinidine hydrochloride monohydrate	Drug				local_kg_curated
LFS:DRUG:Quipazine_dimaleate_salt	Quipazine dimaleate salt	Drug				local_kg_curated
LFS:DRUG:R_Apomorphine_hydrochloride_hemihydrate	R(-) Apomorphine hydrochloride hemihydrate	Drug				local_kg_curated
LFS:DRUG:Rabeprazole_Sodium_salt	Rabeprazole Sodium salt	Drug				local_kg_curated
LFS:DRUG:Racecadotril	Racecadotril	Drug				local_kg_curated
LFS:DRUG:Racepinephrine_HCl	Racepinephrine HCl	Drug				local_kg_curated
LFS:DRUG:Raclopride	Raclopride	Drug				local_kg_curated
LFS:DRUG:Raloxifene_hydrochloride	Raloxifene hydrochloride	Drug				local_kg_curated
LFS:DRUG:Ramipril	Ramipril	Drug				local_kg_curated
LFS:DRUG:Ranitidine_hydrochloride	Ranitidine hydrochloride	Drug				local_kg_curated
LFS:DRUG:Ranolazine	Ranolazine	Drug				local_kg_curated
LFS:DRUG:Rebamipide	Rebamipide	Drug				local_kg_curated
LFS:DRUG:Reboxetine_mesylate	Reboxetine mesylate	Drug				local_kg_curated
LFS:DRUG:Remoxipride_Hydrochloride	Remoxipride Hydrochloride	Drug				local_kg_curated
LFS:DRUG:Repaglinide	Repaglinide	Drug				local_kg_curated
LFS:DRUG:Reserpine	Reserpine	Drug				local_kg_curated
LFS:DRUG:Retinoic_acid	Retinoic acid	Drug				local_kg_curated
LFS:DRUG:Ribavirin	Ribavirin	Drug				local_kg_curated
LFS:DRUG:Ribostamycin_sulfate_salt	Ribostamycin sulfate salt	Drug				local_kg_curated
LFS:DRUG:Rifabutin	Rifabutin	Drug				local_kg_curated
LFS:DRUG:Rifampicin	Rifampicin	Drug				local_kg_curated
LFS:DRUG:Rifapentine	Rifapentine	Drug				local_kg_curated
LFS:DRUG:Rifaximin	Rifaximin	Drug				local_kg_curated
LFS:DRUG:Riluzole_hydrochloride	Riluzole hydrochloride	Drug				local_kg_curated
LFS:DRUG:Rimantadine_Hydrochloride	Rimantadine Hydrochloride	Drug				local_kg_curated
LFS:DRUG:Rimexolone	Rimexolone	Drug				local_kg_curated
LFS:DRUG:Risperidone	Risperidone	Drug				local_kg_curated
LFS:DRUG:Ritodrine_hydrochloride	Ritodrine hydrochloride	Drug				local_kg_curated
LFS:DRUG:Rivastigmine	Rivastigmine	Drug				local_kg_curated
LFS:DRUG:Rofecoxib	Rofecoxib	Drug				local_kg_curated
LFS:DRUG:Rolipram	Rolipram	Drug				local_kg_curated
LFS:DRUG:Ronidazole	Ronidazole	Drug				local_kg_curated
LFS:DRUG:Ropinirole_HCl	Ropinirole HCl	Drug				local_kg_curated
LFS:DRUG:Rosiglitazone_Hydrochloride	Rosiglitazone Hydrochloride	Drug				local_kg_curated
LFS:DRUG:Roxatidine_Acetate_HCl	Roxatidine Acetate HCl	Drug				local_kg_curated
LFS:DRUG:Roxithromycin	Roxithromycin	Drug				local_kg_curated
LFS:DRUG:Rufloxacin	Rufloxacin	Drug				local_kg_curated
LFS:DRUG:S_Eticlopride_hydrochloride	S(-)Eticlopride hydrochloride	Drug				local_kg_curated
LFS:DRUG:S_ibuprofen	S-(+)-ibuprofen	Drug				local_kg_curated
LFS:DRUG:Salbutamol	Salbutamol	Drug				local_kg_curated
LFS:DRUG:Salmeterol	Salmeterol	Drug				local_kg_curated
LFS:DRUG:Saquinavir_mesylate	Saquinavir mesylate	Drug				local_kg_curated
LFS:DRUG:Sarafloxacin	Sarafloxacin	Drug				local_kg_curated
LFS:DRUG:Scopolamin_N_oxide_hydrobromide	Scopolamin-N-oxide hydrobromide	Drug				local_kg_curated
LFS:DRUG:Scopolamine_hydrochloride	Scopolamine hydrochloride	Drug				local_kg_curated
LFS:DRUG:Secnidazole	Secnidazole	Drug				local_kg_curated
LFS:DRUG:Selegiline_hydrochloride	Selegiline hydrochloride	Drug				local_kg_curated
LFS:DRUG:Serotonin_hydrochloride	Serotonin hydrochloride	Drug				local_kg_curated
LFS:DRUG:Sertaconazole_nitrate	Sertaconazole nitrate	Drug				local_kg_curated
LFS:DRUG:Sertindole	Sertindole	Drug				local_kg_curated
LFS:DRUG:Sertraline	Sertraline	Drug				local_kg_curated
LFS:DRUG:Sibutramine_HCl	Sibutramine HCl	Drug				local_kg_curated
LFS:DRUG:Sildenafil	Sildenafil	Drug				local_kg_curated
LFS:DRUG:Simvastatin	Simvastatin	Drug				local_kg_curated
LFS:DRUG:Sisomicin_sulfate	Sisomicin sulfate	Drug				local_kg_curated
LFS:DRUG:Sotalol_hydrochloride	Sotalol hydrochloride	Drug				local_kg_curated
LFS:DRUG:Spaglumic_acid	Spaglumic acid	Drug				local_kg_curated
LFS:DRUG:Sparfloxacin	Sparfloxacin	Drug				local_kg_curated
LFS:DRUG:Spectinomycin_dihydrochloride	Spectinomycin dihydrochloride	Drug				local_kg_curated
LFS:DRUG:Spiperone	Spiperone	Drug				local_kg_curated
LFS:DRUG:Spiramycin	Spiramycin	Drug				local_kg_curated
LFS:DRUG:Spironolactone	Spironolactone	Drug				local_kg_curated
LFS:DRUG:Stanozolol	Stanozolol	Drug				local_kg_curated
LFS:DRUG:Stavudine	Stavudine	Drug				local_kg_curated
LFS:DRUG:Streptomycin_sulfate	Streptomycin sulfate	Drug				local_kg_curated
LFS:DRUG:Streptozotocin	Streptozotocin	Drug				local_kg_curated
LFS:DRUG:Succinylsulfathiazole	Succinylsulfathiazole	Drug				local_kg_curated
LFS:DRUG:Sulbactam	Sulbactam	Drug				local_kg_curated
LFS:DRUG:Sulconazole_nitrate	Sulconazole nitrate	Drug				local_kg_curated
LFS:DRUG:Sulfabenzamide	Sulfabenzamide	Drug				local_kg_curated
LFS:DRUG:Sulfacetamide_sodic_hydrate	Sulfacetamide sodic hydrate	Drug				local_kg_curated
LFS:DRUG:Sulfachloropyridazine	Sulfachloropyridazine	Drug				local_kg_curated
LFS:DRUG:Sulfadiazine	Sulfadiazine	Drug				local_kg_curated
LFS:DRUG:Sulfadimethoxine	Sulfadimethoxine	Drug				local_kg_curated
LFS:DRUG:Sulfadoxine	Sulfadoxine	Drug				local_kg_curated
LFS:DRUG:Sulfaguanidine	Sulfaguanidine	Drug				local_kg_curated
LFS:DRUG:Sulfamerazine	Sulfamerazine	Drug				local_kg_curated
LFS:DRUG:Sulfameter	Sulfameter	Drug				local_kg_curated
LFS:DRUG:Sulfamethazine_sodium_salt	Sulfamethazine sodium salt	Drug				local_kg_curated
LFS:DRUG:Sulfamethizole	Sulfamethizole	Drug				local_kg_curated
LFS:DRUG:Sulfamethoxazole	Sulfamethoxazole	Drug				local_kg_curated
LFS:DRUG:Sulfamethoxypyridazine	Sulfamethoxypyridazine	Drug				local_kg_curated
LFS:DRUG:Sulfamonomethoxine	Sulfamonomethoxine	Drug				local_kg_curated
LFS:DRUG:Sulfanilamide	Sulfanilamide	Drug				local_kg_curated
LFS:DRUG:Sulfaphenazole	Sulfaphenazole	Drug				local_kg_curated
LFS:DRUG:Sulfapyridine	Sulfapyridine	Drug				local_kg_curated
LFS:DRUG:Sulfaquinoxaline_sodium_salt	Sulfaquinoxaline sodium salt	Drug				local_kg_curated
LFS:DRUG:Sulfasalazine	Sulfasalazine	Drug				local_kg_curated
LFS:DRUG:Sulfathiazole	Sulfathiazole	Drug				local_kg_curated
LFS:DRUG:Sulfinpyrazone	Sulfinpyrazone	Drug				local_kg_curated
LFS:DRUG:Sulfisoxazole	Sulfisoxazole	Drug				local_kg_curated
LFS:DRUG:Sulindac	Sulindac	Drug				local_kg_curated
LFS:DRUG:Sulmazole	Sulmazole	Drug				local_kg_curated
LFS:DRUG:Suloctidil	Suloctidil	Drug				local_kg_curated
LFS:DRUG:Sulpiride	Sulpiride	Drug				local_kg_curated
LFS:DRUG:Sumatriptan_succinate	Sumatriptan succinate	Drug				local_kg_curated
LFS:DRUG:Suprofen	Suprofen	Drug				local_kg_curated
LFS:DRUG:Suxibuzone	Suxibuzone	Drug				local_kg_curated
LFS:DRUG:THIP_Hydrochloride	THIP Hydrochloride	Drug				local_kg_curated
LFS:DRUG:Tacrine_hydrochloride	Tacrine hydrochloride	Drug				local_kg_curated
LFS:DRUG:Talampicillin_hydrochloride	Talampicillin hydrochloride	Drug				local_kg_curated
LFS:DRUG:Tamoxifen_citrate	Tamoxifen citrate	Drug				local_kg_curated
LFS:DRUG:Tazobactam	Tazobactam	Drug				local_kg_curated
LFS:DRUG:Telenzepine_dihydrochloride	Telenzepine dihydrochloride	Drug				local_kg_curated
LFS:DRUG:Telmisartan	Telmisartan	Drug				local_kg_curated
LFS:DRUG:Temozolomide	Temozolomide	Drug				local_kg_curated
LFS:DRUG:Tenatoprazole	Tenatoprazole	Drug				local_kg_curated
LFS:DRUG:Tenoxicam	Tenoxicam	Drug				local_kg_curated
LFS:DRUG:Terazosin_hydrochloride	Terazosin hydrochloride	Drug				local_kg_curated
LFS:DRUG:Terbutaline_hemisulfate	Terbutaline hemisulfate	Drug				local_kg_curated
LFS:DRUG:Terconazole	Terconazole	Drug				local_kg_curated
LFS:DRUG:Terfenadine	Terfenadine	Drug				local_kg_curated
LFS:DRUG:Testosterone_propionate	Testosterone propionate	Drug				local_kg_curated
LFS:DRUG:Tetracaine_hydrochloride	Tetracaine hydrochloride	Drug				local_kg_curated
LFS:DRUG:Tetracycline_hydrochloride	Tetracycline hydrochloride	Drug				local_kg_curated
LFS:DRUG:Tetraethylenepentamine_pentahydrochloride	Tetraethylenepentamine pentahydrochloride	Drug				local_kg_curated
LFS:DRUG:Tetrahydroxy_1_4_quinone_monohydrate	Tetrahydroxy-1,4-quinone monohydrate	Drug				local_kg_curated
LFS:DRUG:Tetrahydrozoline_hydrochloride	Tetrahydrozoline hydrochloride	Drug				local_kg_curated
LFS:DRUG:Tetramisole_hydrochloride	Tetramisole hydrochloride	Drug				local_kg_curated
LFS:DRUG:Thalidomide	Thalidomide	Drug				local_kg_curated
LFS:DRUG:Theobromine	Theobromine	Drug				local_kg_curated
LFS:DRUG:Theophylline_monohydrate	Theophylline monohydrate	Drug				local_kg_curated
LFS:DRUG:Thiamine_hydrochloride	Thiamine hydrochloride	Drug				local_kg_curated
LFS:DRUG:Thiamphenicol	Thiamphenicol	Drug				local_kg_curated
LFS:DRUG:Thiethylperazine_dimalate	Thiethylperazine dimalate	Drug				local_kg_curated
LFS:DRUG:Thimerosal	Thimerosal	Drug				local_kg_curated
LFS:DRUG:Thiocolchicoside	Thiocolchicoside	Drug				local_kg_curated
LFS:DRUG:Thioguanosine	Thioguanosine	Drug				local_kg_curated
LFS:DRUG:Thioperamide_maleate	Thioperamide maleate	Drug				local_kg_curated
LFS:DRUG:Thioproperazine_dimesylate	Thioproperazine dimesylate	Drug				local_kg_curated
LFS:DRUG:Thioridazine_hydrochloride	Thioridazine hydrochloride	Drug				local_kg_curated
LFS:DRUG:Thiorphan	Thiorphan	Drug				local_kg_curated
LFS:DRUG:Thiostrepton	Thiostrepton	Drug				local_kg_curated
LFS:DRUG:Thonzonium_bromide	Thonzonium bromide	Drug				local_kg_curated
LFS:DRUG:Thyroxine_L_	Thyroxine (L)	Drug				local_kg_curated
LFS:DRUG:Tiabendazole	Tiabendazole	Drug				local_kg_curated
LFS:DRUG:Tiapride_hydrochloride	Tiapride hydrochloride	Drug				local_kg_curated
LFS:DRUG:Tiaprofenic_acid	Tiaprofenic acid	Drug				local_kg_curated
LFS:DRUG:Tibolone	Tibolone	Drug				local_kg_curated
LFS:DRUG:Ticarcillin_sodium	Ticarcillin sodium	Drug				local_kg_curated
LFS:DRUG:Ticlopidine_hydrochloride	Ticlopidine hydrochloride	Drug				local_kg_curated
LFS:DRUG:Tiletamine_hydrochloride	Tiletamine hydrochloride	Drug				local_kg_curated
LFS:DRUG:Timolol_maleate_salt	Timolol maleate salt	Drug				local_kg_curated
LFS:DRUG:Tinidazole	Tinidazole	Drug				local_kg_curated
LFS:DRUG:Tioconazole	Tioconazole	Drug				local_kg_curated
LFS:DRUG:Tiratricol_3_3_5_triiodothyroacetic_acid	Tiratricol, 3,3',5-triiodothyroacetic acid	Drug				local_kg_curated
LFS:DRUG:Tizanidine_HCl	Tizanidine HCl	Drug				local_kg_curated
LFS:DRUG:Tobramycin	Tobramycin	Drug				local_kg_curated
LFS:DRUG:Tocainide_hydrochloride	Tocainide hydrochloride	Drug				local_kg_curated
LFS:DRUG:Todralazine_hydrochloride	Todralazine hydrochloride	Drug				local_kg_curated
LFS:DRUG:Tolazamide	Tolazamide	Drug				local_kg_curated
LFS:DRUG:Tolazoline_hydrochloride	Tolazoline hydrochloride	Drug				local_kg_curated
LFS:DRUG:Tolbutamide	Tolbutamide	Drug				local_kg_curated
LFS:DRUG:Tolfenamic_acid	Tolfenamic acid	Drug				local_kg_curated
LFS:DRUG:Tolmetin_sodium_salt_dihydrate	Tolmetin sodium salt dihydrate	Drug				local_kg_curated
LFS:DRUG:Tolnaftate	Tolnaftate	Drug				local_kg_curated
LFS:DRUG:Toltrazuril	Toltrazuril	Drug				local_kg_curated
LFS:DRUG:Tomoxetine_hydrochloride	Tomoxetine hydrochloride	Drug				local_kg_curated
LFS:DRUG:Topiramate	Topiramate	Drug				local_kg_curated
LFS:DRUG:Topotecan	Topotecan	Drug				local_kg_curated
LFS:DRUG:Toremifene	Toremifene	Drug				local_kg_curated
LFS:DRUG:Torsemide	Torsemide	Drug				local_kg_curated
LFS:DRUG:Tosufloxacin_hydrochloride	Tosufloxacin hydrochloride	Drug				local_kg_curated
LFS:DRUG:Tracazolate_hydrochloride	Tracazolate hydrochloride	Drug				local_kg_curated
LFS:DRUG:Tramadol_hydrochloride	Tramadol hydrochloride	Drug				local_kg_curated
LFS:DRUG:Tranexamic_acid	Tranexamic acid	Drug				local_kg_curated
LFS:DRUG:Tranilast	Tranilast	Drug				local_kg_curated
LFS:DRUG:Tranylcypromine_hydrochloride	Tranylcypromine hydrochloride	Drug				local_kg_curated
LFS:DRUG:Trapidil	Trapidil	Drug				local_kg_curated
LFS:DRUG:Trazodone_hydrochloride	Trazodone hydrochloride	Drug				local_kg_curated
LFS:DRUG:Tremorine_dihydrochloride	Tremorine dihydrochloride	Drug				local_kg_curated
LFS:DRUG:Triamcinolone	Triamcinolone	Drug				local_kg_curated
LFS:DRUG:Triamterene	Triamterene	Drug				local_kg_curated
LFS:DRUG:Tribenoside	Tribenoside	Drug				local_kg_curated
LFS:DRUG:Trichlorfon	Trichlorfon	Drug				local_kg_curated
LFS:DRUG:Trichlormethiazide	Trichlormethiazide	Drug				local_kg_curated
LFS:DRUG:Triclosan	Triclosan	Drug				local_kg_curated
LFS:DRUG:Tridihexethyl_chloride	Tridihexethyl chloride	Drug				local_kg_curated
LFS:DRUG:Trifluoperazine_dihydrochloride	Trifluoperazine dihydrochloride	Drug				local_kg_curated
LFS:DRUG:Triflupromazine_hydrochloride	Triflupromazine hydrochloride	Drug				local_kg_curated
LFS:DRUG:Trifluridine	Trifluridine	Drug				local_kg_curated
LFS:DRUG:Triflusal	Triflusal	Drug				local_kg_curated
LFS:DRUG:Trihexyphenidyl_D_L_Hydrochloride	Trihexyphenidyl-D,L Hydrochloride	Drug				local_kg_curated
LFS:DRUG:Trimeprazine_tartrate	Trimeprazine tartrate	Drug				local_kg_curated
LFS:DRUG:Trimetazidine_dihydrochloride	Trimetazidine dihydrochloride	Drug				local_kg_curated
LFS:DRUG:Trimethadione	Trimethadione	Drug				local_kg_curated
LFS:DRUG:Trimethobenzamide_hydrochloride	Trimethobenzamide hydrochloride	Drug				local_kg_curated
LFS:DRUG:Trimethoprim	Trimethoprim	Drug				local_kg_curated
LFS:DRUG:Trimipramine_maleate_salt	Trimipramine maleate salt	Drug				local_kg_curated
LFS:DRUG:Trioxsalen	Trioxsalen	Drug				local_kg_curated
LFS:DRUG:Tripelennamine_hydrochloride	Tripelennamine hydrochloride	Drug				local_kg_curated
LFS:DRUG:Triprolidine_hydrochloride	Triprolidine hydrochloride	Drug				local_kg_curated
LFS:DRUG:Troglitazone	Troglitazone	Drug				local_kg_curated
LFS:DRUG:Troleandomycin	Troleandomycin	Drug				local_kg_curated
LFS:DRUG:Trolox	Trolox	Drug				local_kg_curated
LFS:DRUG:Tropicamide	Tropicamide	Drug				local_kg_curated
LFS:DRUG:Tropisetron_HCl	Tropisetron HCl	Drug				local_kg_curated
LFS:DRUG:Tulobuterol	Tulobuterol	Drug				local_kg_curated
LFS:DRUG:Tylosin	Tylosin	Drug				local_kg_curated
LFS:DRUG:Tyloxapol	Tyloxapol	Drug				local_kg_curated
LFS:DRUG:Urapidil_hydrochloride	Urapidil hydrochloride	Drug				local_kg_curated
LFS:DRUG:Urosiol	Urosiol	Drug				local_kg_curated
LFS:DRUG:Valacyclovir_hydrochloride	Valacyclovir hydrochloride	Drug				local_kg_curated
LFS:DRUG:Valproic_acid	Valproic acid	Drug				local_kg_curated
LFS:DRUG:Vancomycin_hydrochloride	Vancomycin hydrochloride	Drug				local_kg_curated
LFS:DRUG:Vardenafil	Vardenafil	Drug				local_kg_curated
LFS:DRUG:Vatalanib	Vatalanib	Drug				local_kg_curated
LFS:DRUG:Vecuronium_bromide	Vecuronium bromide	Drug				local_kg_curated
LFS:DRUG:Venlafaxine	Venlafaxine	Drug				local_kg_curated
LFS:DRUG:Verapamil_hydrochloride	Verapamil hydrochloride	Drug				local_kg_curated
LFS:DRUG:Vidarabine	Vidarabine	Drug				local_kg_curated
LFS:DRUG:Vigabatrin	Vigabatrin	Drug				local_kg_curated
LFS:DRUG:Viloxazine_hydrochloride	Viloxazine hydrochloride	Drug				local_kg_curated
LFS:DRUG:Vincamine	Vincamine	Drug				local_kg_curated
LFS:DRUG:Vinpocetine	Vinpocetine	Drug				local_kg_curated
LFS:DRUG:Viomycin_sulfate	Viomycin sulfate	Drug				local_kg_curated
LFS:DRUG:Voriconazole	Voriconazole	Drug				local_kg_curated
LFS:DRUG:Vorinostat	Vorinostat	Drug				local_kg_curated
LFS:DRUG:Warfarin	Warfarin	Drug				local_kg_curated
LFS:DRUG:Xamoterol_hemifumarate	Xamoterol hemifumarate	Drug				local_kg_curated
LFS:DRUG:Xylazine	Xylazine	Drug				local_kg_curated
LFS:DRUG:Xylometazoline_hydrochloride	Xylometazoline hydrochloride	Drug				local_kg_curated
LFS:DRUG:Yohimbine_hydrochloride	Yohimbine hydrochloride	Drug				local_kg_curated
LFS:DRUG:Zafirlukast	Zafirlukast	Drug				local_kg_curated
LFS:DRUG:Zalcitabine	Zalcitabine	Drug				local_kg_curated
LFS:DRUG:Zaleplon	Zaleplon	Drug				local_kg_curated
LFS:DRUG:Zaprinast	Zaprinast	Drug				local_kg_curated
LFS:DRUG:Zardaverine	Zardaverine	Drug				local_kg_curated
LFS:DRUG:Zidovudine_AZT	Zidovudine, AZT	Drug				local_kg_curated
LFS:DRUG:Zileuton	Zileuton	Drug				local_kg_curated
LFS:DRUG:Zimelidine_dihydrochloride_monohydrate	Zimelidine dihydrochloride monohydrate	Drug				local_kg_curated
LFS:DRUG:Ziprasidone_Hydrochloride	Ziprasidone  Hydrochloride	Drug				local_kg_curated
LFS:DRUG:Zomepirac_sodium_salt	Zomepirac sodium salt	Drug				local_kg_curated
LFS:DRUG:Zonisamide	Zonisamide	Drug				local_kg_curated
LFS:DRUG:Zopiclone	Zopiclone	Drug				local_kg_curated
LFS:DRUG:Zotepine	Zotepine	Drug				local_kg_curated
LFS:DRUG:Zoxazolamine	Zoxazolamine	Drug				local_kg_curated
LFS:DRUG:Zuclopenthixol_dihydrochloride	Zuclopenthixol dihydrochloride	Drug				local_kg_curated
LFS:DRUG:_Emtricitabine	(-)-Emtricitabine	Drug				local_kg_curated
LFS:DRUG:_Eseroline_fumarate_salt	(-)-Eseroline fumarate salt	Drug				local_kg_curated
LFS:DRUG:_Isoproterenol_bitartrate_salt	(+)-Isoproterenol (+)-bitartrate salt	Drug				local_kg_curated
LFS:DRUG:_Isoproterenol_hydrochloride	(-)-Isoproterenol hydrochloride	Drug				local_kg_curated
LFS:DRUG:_Levobunolol_hydrochloride	(-) -Levobunolol hydrochloride	Drug				local_kg_curated
LFS:DRUG:_MK_801_hydrogen_maleate	(-)-MK 801 hydrogen maleate	Drug				local_kg_curated
LFS:DRUG:_Octopamine_hydrochloride	(+,-)-Octopamine hydrochloride	Drug				local_kg_curated
LFS:DRUG:_R_Atenolol	(R)-(+)-Atenolol	Drug				local_kg_curated
LFS:DRUG:_R_Naproxen_sodium_salt	(R) -Naproxen sodium salt	Drug				local_kg_curated
LFS:DRUG:_R_Propranolol_hydrochloride	(R)-Propranolol hydrochloride	Drug				local_kg_curated
LFS:DRUG:_S_Atenolol	(S)-(-)-Atenolol	Drug				local_kg_curated
LFS:DRUG:_S_Cycloserine	(S)-(-)-Cycloserine	Drug				local_kg_curated
LFS:DRUG:_S_propranolol_hydrochloride	(S)-propranolol hydrochloride	Drug				local_kg_curated
LFS:DRUG:_Synephrine	(+,-)-Synephrine	Drug				local_kg_curated
NCBITaxon:1304	Streptococcus salivarius	Microbe				local_kg_curated
NCBITaxon:1318	Streptococcus parasanguinis	Microbe				local_kg_curated
NCBITaxon:1502	Clostridium perfringens	Microbe				local_kg_curated
NCBITaxon:1597	Lactobacillus paracasei	Microbe				local_kg_curated
NCBITaxon:166486	Roseburia intestinalis	Microbe				local_kg_curated
NCBITaxon:1680	Bifidobacterium adolescentis	Microbe				local_kg_curated
NCBITaxon:208479	Clostridium bolteae	Microbe				local_kg_curated
NCBITaxon:216816	Bifidobacterium longum	Microbe				local_kg_curated
NCBITaxon:239935	Akkermansia muciniphila	Microbe				local_kg_curated
NCBITaxon:28116	Bacteroides ovatus	Microbe				local_kg_curated
NCBITaxon:28118	Odoribacter splanchnicus	Microbe				local_kg_curated
NCBITaxon:29466	Veillonella parvula	Microbe				local_kg_curated
NCBITaxon:301301	Roseburia hominis	Microbe				local_kg_curated
NCBITaxon:33038	Ruminococcus gnavus	Microbe				local_kg_curated
NCBITaxon:33039	Ruminococcus torques	Microbe				local_kg_curated
NCBITaxon:35833	Bilophila wadsworthia	Microbe				local_kg_curated
NCBITaxon:371601	Bacteroides xylanisolvens	Microbe				local_kg_curated
NCBITaxon:39485	Eubacterium eligens	Microbe				local_kg_curated
NCBITaxon:39486	Dorea formicigenerans	Microbe				local_kg_curated
NCBITaxon:40518	Ruminococcus bromii	Microbe				local_kg_curated
NCBITaxon:40520	Blautia obeum	Microbe				local_kg_curated
NCBITaxon:410072	Coprococcus comes	Microbe				local_kg_curated
NCBITaxon:46503	Parabacteroides merdae	Microbe				local_kg_curated
NCBITaxon:47678	Bacteroides caccae	Microbe				local_kg_curated
NCBITaxon:585034	Escherichia coli IAI1	Microbe				local_kg_curated
NCBITaxon:585397	Escherichia coli ED1a	Microbe				local_kg_curated
NCBITaxon:74426	Collinsella aerofaciens	Microbe				local_kg_curated
NCBITaxon:817	Bacteroides fragilis (ET)	Microbe				local_kg_curated
NCBITaxon:818	Bacteroides thetaiotaomicron	Microbe				local_kg_curated
NCBITaxon:820	Bacteroides uniformis	Microbe				local_kg_curated
NCBITaxon:823	Parabacteroides distasonis	Microbe				local_kg_curated
NCBITaxon:84030	Clostridium saccharolyticum	Microbe				local_kg_curated
NCBITaxon:84112	Eggerthella lenta	Microbe				local_kg_curated
NCBITaxon:851	Fusobacterium nucleatum	Microbe				local_kg_curated
LFS:COND:Cervical_glandular_intraepithelial_neoplasia	Cervical glandular intraepithelial neoplasia	Disease				local_kg_curated
NCBITaxon:2702	Gardnerella vaginalis	Microbe			species	local_kg_curated
LFS:COND:Body_odor_measurement	Body odor measurement	Disease				local_kg_curated
NCBITaxon:1282	Staphylococcus epidermidis	Microbe			species	local_kg_curated
NCBITaxon:108981	Acinetobacter schindleri	Microbe			species	local_kg_curated
LFS:COND:Obesity	Obesity	Disease				local_kg_curated
NCBITaxon:621	Shigella boydii	Microbe			species	local_kg_curated
NCBITaxon:833	Fibrobacter succinogenes	Microbe			species	local_kg_curated
LFS:COND:Endometriosis	Endometriosis	Disease				local_kg_curated
LFS:COND:COVID_19	COVID-19	Disease				local_kg_curated
LFS:COND:Health_study_participation	Health study participation	Disease				local_kg_curated
NCBITaxon:47770	Lactobacillus crispatus	Microbe			species	local_kg_curated
NCBITaxon:1303	Streptococcus oralis	Microbe			species	local_kg_curated
NCBITaxon:4628	Canna indica	Microbe			species	local_kg_curated
NCBITaxon:33011	Cutibacterium granulosum	Microbe			species	local_kg_curated
NCBITaxon:158332	Epidendroideae	Microbe			species	local_kg_curated
NCBITaxon:28129	Prevotella denticola	Microbe			species	local_kg_curated
NCBITaxon:292800	Flavonifractor plautii	Microbe			species	local_kg_curated
NCBITaxon:72653	Coptotermitinae	Microbe			species	local_kg_curated
NCBITaxon:1286322	Leishmaniinae	Microbe			species	local_kg_curated
NCBITaxon:211162	Rotylenchulinae	Microbe			species	local_kg_curated
NCBITaxon:39778	Veillonella dispar	Microbe			species	local_kg_curated
LFS:COND:Granulomatosis_with_Polyangiitis	Granulomatosis with Polyangiitis	Disease				local_kg_curated
LFS:COND:Oral_ulcer	Oral ulcer	Disease				local_kg_curated
LFS:COND:Illness_severity_status	Illness severity status	Disease				local_kg_curated
LFS:COND:Antimicrobial_agent	Antimicrobial agent	Disease				local_kg_curated
LFS:COND:Oxygen	Oxygen	Disease				local_kg_curated
LFS:COND:High_fat_diet	High fat diet	Disease				local_kg_curated
NCBITaxon:604330	Parafannyhessea umbonata	Microbe			species	local_kg_curated
NCBITaxon:1499973	Escherichia marmotae	Microbe			species	local_kg_curated
LFS:COND:Parkinson_s_disease	Parkinson's disease	Disease				local_kg_curated
LFS:COND:Food_allergy	Food allergy	Disease				local_kg_curated
NCBITaxon:1280	Staphylococcus aureus	Microbe			species	local_kg_curated
LFS:COND:healthy	healthy	Disease				local_kg_curated
NCBITaxon:1580	Levilactobacillus brevis	Microbe			species	local_kg_curated
LFS:COND:Oral_squamous_cell_carcinoma	Oral squamous cell carcinoma	Disease				local_kg_curated
NCBITaxon:1018	Capnocytophaga ochracea	Microbe			species	local_kg_curated
NCBITaxon:467210	Lachnoanaerobaculum saburreum	Microbe			species	local_kg_curated
LFS:COND:Irritable_bowel_syndrome	Irritable bowel syndrome	Disease				local_kg_curated
NCBITaxon:853	Faecalibacterium prausnitzii	Microbe			species	local_kg_curated
LFS:COND:Type_II_diabetes_mellitus	Type II diabetes mellitus	Disease				local_kg_curated
LFS:COND:Cesarean_section	Cesarean section	Disease				local_kg_curated
LFS:COND:Autism	Autism	Disease				local_kg_curated
NCBITaxon:1535	[Clostridium] leptum	Microbe			species	local_kg_curated
LFS:COND:Autoimmune_disease	Autoimmune disease	Disease				local_kg_curated
LFS:COND:Place_of_residence_measurement_Ethnic_group	Place of residence measurement,Ethnic group	Disease				local_kg_curated
NCBITaxon:28025	Bifidobacterium animalis	Microbe			species	local_kg_curated
LFS:COND:Ethnic_group_Place_of_residence_measurement	Ethnic group,Place of residence measurement	Disease				local_kg_curated
NCBITaxon:1686	Bifidobacterium catenulatum	Microbe			species	local_kg_curated
NCBITaxon:1498	Hathewaya histolytica	Microbe			species	local_kg_curated
LFS:COND:Smoking_behavior	Smoking behavior	Disease				local_kg_curated
NCBITaxon:821	Phocaeicola vulgatus	Microbe			species	local_kg_curated
NCBITaxon:244328	uncultured Clostridia bacterium	Microbe			species	local_kg_curated
NCBITaxon:152509	uncultured Bacteroidota bacterium	Microbe			species	local_kg_curated
NCBITaxon:46228	[Ruminococcus] lactaris	Microbe			species	local_kg_curated
NCBITaxon:1590	Lactiplantibacillus plantarum	Microbe			species	local_kg_curated
LFS:COND:Colorectal_cancer	Colorectal cancer	Disease				local_kg_curated
LFS:COND:Sampling_site	Sampling site	Disease				local_kg_curated
LFS:COND:Response_to_diet	Response to diet	Disease				local_kg_curated
LFS:COND:Colorectal_carcinoma	Colorectal carcinoma	Disease				local_kg_curated
NCBITaxon:732	Aggregatibacter aphrophilus	Microbe			species	local_kg_curated
NCBITaxon:472	Acinetobacter sp.	Microbe			species	local_kg_curated
LFS:COND:Atopic_eczema	Atopic eczema	Disease				local_kg_curated
LFS:COND:Ulcerative_colitis	Ulcerative colitis	Disease				local_kg_curated
NCBITaxon:562	Escherichia coli	Microbe			species	local_kg_curated
LFS:COND:Rheumatoid_arthritis	Rheumatoid arthritis	Disease				local_kg_curated
LFS:COND:Colorectal_adenoma	Colorectal adenoma	Disease				local_kg_curated
NCBITaxon:39491	Agathobacter rectalis	Microbe			species	local_kg_curated
NCBITaxon:1581	Lentilactobacillus buchneri	Microbe			species	local_kg_curated
LFS:COND:Pregnancy	Pregnancy	Disease				local_kg_curated
LFS:COND:Response_to_transplant	Response to transplant	Disease				local_kg_curated
NCBITaxon:2763066	Ruminococcus intestinalis	Microbe			species	local_kg_curated
NCBITaxon:847	Oxalobacter formigenes	Microbe			species	local_kg_curated
NCBITaxon:511	Alcaligenes faecalis	Microbe			species	local_kg_curated
NCBITaxon:860	Fusobacterium periodonticum	Microbe			species	local_kg_curated
LFS:COND:Stimulus_or_stress_design	Stimulus or stress design	Disease				local_kg_curated
LFS:COND:Chronic_obstructive_pulmonary_disease	Chronic obstructive pulmonary disease	Disease				local_kg_curated
LFS:COND:Psoriasis	Psoriasis	Disease				local_kg_curated
LFS:COND:Influenza_A_H1N1	Influenza A (H1N1)	Disease				local_kg_curated
NCBITaxon:258515	Acetanaerobacterium elongatum	Microbe			species	local_kg_curated
LFS:COND:Eczema	Eczema	Disease				local_kg_curated
NCBITaxon:29343	[Clostridium] cellulosi	Microbe			species	local_kg_curated
LFS:COND:Lactobacillus_rhamnosus_GG	Lactobacillus rhamnosus GG	Disease				local_kg_curated
NCBITaxon:39496	Eubacterium ventriosum	Microbe			species	local_kg_curated
NCBITaxon:1496	Clostridioides difficile	Microbe			species	local_kg_curated
LFS:COND:Ethnic_group_Socioeconomic_status	Ethnic group,Socioeconomic status	Disease				local_kg_curated
LFS:COND:Type_I_diabetes_mellitus	Type I diabetes mellitus	Disease				local_kg_curated
LFS:COND:Non_alcoholic_fatty_liver_disease	Non-alcoholic fatty liver disease	Disease				local_kg_curated
NCBITaxon:2173	Methanobrevibacter smithii	Microbe			species	local_kg_curated
NCBITaxon:1598	Limosilactobacillus reuteri	Microbe			species	local_kg_curated
NCBITaxon:3814	Papilionoideae	Microbe			species	local_kg_curated
NCBITaxon:2030927	Bacteroidales bacterium	Microbe			species	local_kg_curated
NCBITaxon:1512	[Clostridium] symbiosum	Microbe			species	local_kg_curated
NCBITaxon:839	Xylanibacter ruminicola	Microbe			species	local_kg_curated
NCBITaxon:39488	Anaerobutyricum hallii	Microbe			species	local_kg_curated
NCBITaxon:119853	Oscillospira guilliermondii	Microbe			species	local_kg_curated
NCBITaxon:36835	[Clostridium] colinum	Microbe			species	local_kg_curated
NCBITaxon:214851	Subdoligranulum variabile	Microbe			species	local_kg_curated
LFS:COND:Chronic_otitis_media	Chronic otitis media	Disease				local_kg_curated
LFS:COND:Periodontitis	Periodontitis	Disease				local_kg_curated
NCBITaxon:1302	Streptococcus gordonii	Microbe			species	local_kg_curated
NCBITaxon:135083	Centipeda noxia	Microbe			species	local_kg_curated
NCBITaxon:28112	Tannerella forsythia	Microbe			species	local_kg_curated
NCBITaxon:484	Neisseria flavescens	Microbe			species	local_kg_curated
NCBITaxon:58231	Treponema medium	Microbe			species	local_kg_curated
NCBITaxon:158	Treponema denticola	Microbe			species	local_kg_curated
NCBITaxon:68892	Streptococcus infantis	Microbe			species	local_kg_curated
NCBITaxon:1591	Lactobacillus sp.	Microbe			species	local_kg_curated
LFS:COND:Air_pollution	Air pollution	Disease				local_kg_curated
NCBITaxon:1409	Bacillus sp. (in: firmicutes)	Microbe			species	local_kg_curated
LFS:COND:Human_papilloma_virus_infection	Human papilloma virus infection	Disease				local_kg_curated
LFS:COND:Physical_activity	Physical activity	Disease				local_kg_curated
NCBITaxon:1596	Lactobacillus gasseri	Microbe			species	local_kg_curated
LFS:COND:Chronic_periodontitis	Chronic periodontitis	Disease				local_kg_curated
NCBITaxon:53419	Treponema socranskii	Microbe			species	local_kg_curated
NCBITaxon:143393	[Eubacterium] sulci	Microbe			species	local_kg_curated
NCBITaxon:712637	Streptococcus sp. oral taxon A95	Microbe			species	local_kg_curated
NCBITaxon:157688	Leptotrichia hofstadii	Microbe			species	local_kg_curated
LFS:COND:Chronic_fatigue_syndrome	Chronic fatigue syndrome	Disease				local_kg_curated
LFS:COND:Oral_mucositis	Oral mucositis	Disease				local_kg_curated
LFS:COND:Autism_spectrum_disorder	Autism spectrum disorder	Disease				local_kg_curated
NCBITaxon:1264	Hominimerdicola alba	Microbe			species	local_kg_curated
LFS:COND:Diabetes_mellitus	Diabetes mellitus	Disease				local_kg_curated
LFS:COND:Prediabetes_syndrome	Prediabetes syndrome	Disease				local_kg_curated
LFS:COND:Arthritis	Arthritis	Disease				local_kg_curated
NCBITaxon:1926307	Veillonella sp.	Microbe			species	local_kg_curated
LFS:COND:Gestational_diabetes	Gestational diabetes	Disease				local_kg_curated
LFS:COND:Vulvovaginitis	Vulvovaginitis	Disease				local_kg_curated
NCBITaxon:1328	Streptococcus anginosus	Microbe			species	local_kg_curated
LFS:COND:Nasopharyngeal_squamous_cell_carcinoma	Nasopharyngeal squamous cell carcinoma	Disease				local_kg_curated
LFS:COND:HIV_infection	HIV infection	Disease				local_kg_curated
LFS:COND:Non_Hodgkins_lymphoma	Non-Hodgkins lymphoma	Disease				local_kg_curated
LFS:COND:Breast_carcinoma	Breast carcinoma	Disease				local_kg_curated
LFS:COND:Dental_caries	Dental caries	Disease				local_kg_curated
NCBITaxon:1309	Streptococcus mutans	Microbe			species	local_kg_curated
LFS:COND:Premature_birth	Premature birth	Disease				local_kg_curated
LFS:COND:Crohn_s_disease	Crohn's disease	Disease				local_kg_curated
LFS:COND:Lifestyle_measurement	Lifestyle measurement	Disease				local_kg_curated
NCBITaxon:301302	Roseburia faecis	Microbe			species	local_kg_curated
NCBITaxon:423410	Enterococcaceae bacterium RF39	Microbe			species	local_kg_curated
NCBITaxon:180978	Candidatus Phytoplasma citri	Microbe			species	local_kg_curated
NCBITaxon:113287	Pseudoramibacter alactolyticus	Microbe			species	local_kg_curated
NCBITaxon:272548	Actinomyces dentalis	Microbe			species	local_kg_curated
LFS:COND:Clostridium_difficile_infection	Clostridium difficile infection	Disease				local_kg_curated
LFS:COND:Response_to_metformin	Response to metformin	Disease				local_kg_curated
LFS:COND:Gastric_cancer	Gastric cancer	Disease				local_kg_curated
LFS:COND:Response_to_antiviral_drug	Response to antiviral drug	Disease				local_kg_curated
LFS:COND:Constipation	Constipation	Disease				local_kg_curated
LFS:COND:Ethnic_group	Ethnic group	Disease				local_kg_curated
NCBITaxon:187101	Sneathia vaginalis	Microbe			species	local_kg_curated
LFS:COND:Ethnic_group_Bacterial_vaginosis	Ethnic group,Bacterial vaginosis	Disease				local_kg_curated
NCBITaxon:699240	Candidatus Lachnocurva vaginae	Microbe			species	local_kg_curated
NCBITaxon:43662	Pseudoalteromonas piscicida	Microbe			species	local_kg_curated
NCBITaxon:55212	Erwinia rhapontici	Microbe			species	local_kg_curated
LFS:COND:Squamous_cell_carcinoma	Squamous cell carcinoma	Disease				local_kg_curated
LFS:COND:Alcohol_drinking_Smoking_behavior	Alcohol drinking,Smoking behavior	Disease				local_kg_curated
LFS:COND:Psoriatic_arthritis	Psoriatic arthritis	Disease				local_kg_curated
NCBITaxon:28123	Porphyromonas asaccharolytica	Microbe			species	local_kg_curated
LFS:COND:Delivery_method	Delivery method	Disease				local_kg_curated
LFS:COND:Chlamydia_trachomatis	Chlamydia trachomatis	Disease				local_kg_curated
LFS:COND:Autoimmune_type_1_diabetes	Autoimmune type 1 diabetes	Disease				local_kg_curated
NCBITaxon:1265	Ruminococcus flavefaciens	Microbe			species	local_kg_curated
NCBITaxon:1311	Streptococcus agalactiae	Microbe			species	local_kg_curated
LFS:COND:Antimicrobial_agent_Urinary_tract_infection	Antimicrobial agent,Urinary tract infection	Disease				local_kg_curated
LFS:COND:Socioeconomic_status	Socioeconomic status	Disease				local_kg_curated
LFS:COND:Sigmoid_neoplasm	Sigmoid neoplasm	Disease				local_kg_curated
NCBITaxon:88431	Dorea longicatena	Microbe			species	local_kg_curated
NCBITaxon:100884	Coprobacillus cateniformis	Microbe			species	local_kg_curated
NCBITaxon:204516	Phocaeicola massiliensis	Microbe			species	local_kg_curated
NCBITaxon:39777	Veillonella atypica	Microbe			species	local_kg_curated
NCBITaxon:1656	Actinomyces viscosus	Microbe			species	local_kg_curated
NCBITaxon:2049040	Roseburia sp.	Microbe			species	local_kg_curated
LFS:COND:Urinary_tract_infection	Urinary tract infection	Disease				local_kg_curated
NCBITaxon:287	Pseudomonas aeruginosa	Microbe			species	local_kg_curated
NCBITaxon:49118	Candidatus Arthromitus sp. SFB-mouse	Microbe			species	local_kg_curated
NCBITaxon:1532	Blautia producta	Microbe			species	local_kg_curated
LFS:COND:Unipolar_depression	Unipolar depression	Disease				local_kg_curated
LFS:COND:Graft_versus_host_disease	Graft versus host disease	Disease				local_kg_curated
LFS:COND:Response_to_antibiotic	Response to antibiotic	Disease				local_kg_curated
NCBITaxon:2776143	Sneathia sp.	Microbe			species	local_kg_curated
LFS:COND:Autoantibody_measurement	Autoantibody measurement	Disease				local_kg_curated
LFS:COND:Abnormal_stool_composition	Abnormal stool composition	Disease				local_kg_curated
NCBITaxon:1898207	Clostridiales bacterium	Microbe			species	local_kg_curated
LFS:COND:Pneumonia	Pneumonia	Disease				local_kg_curated
NCBITaxon:552398	Ruminococcaceae bacterium D16	Microbe			species	local_kg_curated
NCBITaxon:41200	Bifidobacterium sp.	Microbe			species	local_kg_curated
LFS:COND:Nutraceutical	Nutraceutical	Disease				local_kg_curated
LFS:COND:Asthma	Asthma	Disease				local_kg_curated
NCBITaxon:349106	Psychrobacter sp. PRwf-1	Microbe			species	local_kg_curated
NCBITaxon:33034	Anaerococcus prevotii	Microbe			species	local_kg_curated
LFS:COND:Multiple_sclerosis	Multiple sclerosis	Disease				local_kg_curated
NCBITaxon:1308	Streptococcus thermophilus	Microbe			species	local_kg_curated
NCBITaxon:245010	butyrate-producing bacterium SL7/1	Microbe			species	local_kg_curated
NCBITaxon:387090	Phocaeicola coprophilus	Microbe			species	local_kg_curated
NCBITaxon:165179	Segatella copri	Microbe			species	local_kg_curated
LFS:COND:Milk_allergic_reaction	Milk allergic reaction	Disease				local_kg_curated
LFS:COND:Anorexia_nervosa	Anorexia nervosa	Disease				local_kg_curated
NCBITaxon:28131	Prevotella intermedia	Microbe			species	local_kg_curated
NCBITaxon:59823	Prevotella sp.	Microbe			species	local_kg_curated
NCBITaxon:76761	Pseudomonas veronii	Microbe			species	local_kg_curated
NCBITaxon:41978	Ruminococcus sp.	Microbe			species	local_kg_curated
NCBITaxon:396015	Rothia terrae	Microbe			species	local_kg_curated
NCBITaxon:68766	Fusobacterium sp.	Microbe			species	local_kg_curated
NCBITaxon:363265	Leyella stercorea	Microbe			species	local_kg_curated
NCBITaxon:188932	Pedobacter cryoconitis	Microbe			species	local_kg_curated
NCBITaxon:1894999	Enhydrobacter sp.	Microbe			species	local_kg_curated
NCBITaxon:181675	Limosilactobacillus coleohominis	Microbe			species	local_kg_curated
LFS:COND:Chronic_hepatitis_B_virus_infection	Chronic hepatitis B virus infection	Disease				local_kg_curated
LFS:COND:Esophageal_cancer	Esophageal cancer	Disease				local_kg_curated
NCBITaxon:59620	uncultured Clostridium sp.	Microbe			species	local_kg_curated
NCBITaxon:1310087	uncultured Haematobacter sp.	Microbe			species	local_kg_curated
LFS:COND:Polycystic_ovary_syndrome	Polycystic ovary syndrome	Disease				local_kg_curated
LFS:COND:Systemic_scleroderma	Systemic scleroderma	Disease				local_kg_curated
LFS:COND:Abdominal_distention	Abdominal distention	Disease				local_kg_curated
LFS:COND:Diarrheal_disease	Diarrheal disease	Disease				local_kg_curated
LFS:COND:Gastrointestinal_disease	Gastrointestinal disease	Disease				local_kg_curated
NCBITaxon:460384	Enterocloster lavalensis	Microbe			species	local_kg_curated
NCBITaxon:469610	Burkholderiales bacterium 1_1_47	Microbe			species	local_kg_curated
NCBITaxon:651822	Fretibacterium fastidiosum	Microbe			species	local_kg_curated
NCBITaxon:81462	Thermanaerovibrio acidaminovorans	Microbe			species	local_kg_curated
NCBITaxon:984	Pedobacter heparinus	Microbe			species	local_kg_curated
LFS:COND:Human_immunodeficiency_virus	Human immunodeficiency virus	Disease				local_kg_curated
NCBITaxon:599	Salmonella sp.	Microbe			species	local_kg_curated
NCBITaxon:1853550	[Candida] sp.	Microbe			species	local_kg_curated
NCBITaxon:4932	Saccharomyces cerevisiae	Microbe			species	local_kg_curated
LFS:COND:Oral_leukoplakia	Oral leukoplakia	Disease				local_kg_curated
NCBITaxon:1971605	Faecalibacterium sp.	Microbe			species	local_kg_curated
LFS:COND:Urolithiasis_Nephrolithiasis	Urolithiasis,Nephrolithiasis	Disease				local_kg_curated
LFS:COND:Pulmonary_tuberculosis	Pulmonary tuberculosis	Disease				local_kg_curated
LFS:COND:Insecticide	Insecticide	Disease				local_kg_curated
NCBITaxon:1601	Ligilactobacillus agilis	Microbe			species	local_kg_curated
NCBITaxon:1261	Peptostreptococcus anaerobius	Microbe			species	local_kg_curated
LFS:COND:Sex_design	Sex design	Disease				local_kg_curated
NCBITaxon:310297	Phocaeicola plebeius	Microbe			species	local_kg_curated
LFS:COND:Behcet_s_syndrome	Behcet's syndrome	Disease				local_kg_curated
NCBITaxon:729	Haemophilus parainfluenzae	Microbe			species	local_kg_curated
NCBITaxon:41976	Porphyromonas catoniae	Microbe			species	local_kg_curated
NCBITaxon:1969407	Oribacterium sp.	Microbe			species	local_kg_curated
NCBITaxon:1603	Amylolactobacillus amylophilus	Microbe			species	local_kg_curated
LFS:COND:Breast_cancer	Breast cancer	Disease				local_kg_curated
NCBITaxon:46506	Bacteroides stercoris	Microbe			species	local_kg_curated
NCBITaxon:45634	Streptococcus cristatus	Microbe			species	local_kg_curated
LFS:COND:Experimental_arthritis	Experimental arthritis	Disease				local_kg_curated
NCBITaxon:649756	Anaerostipes hadrus	Microbe			species	local_kg_curated
NCBITaxon:290055	Faecalicatena fissicatena	Microbe			species	local_kg_curated
LFS:COND:Acute_lymphoblastic_leukemia	Acute lymphoblastic leukemia	Disease				local_kg_curated
LFS:COND:Risk_factor	Risk factor	Disease				local_kg_curated
LFS:COND:Hepatitis	Hepatitis	Disease				local_kg_curated
LFS:COND:Chronic_kidney_disease_Stage_5_chronic_kidney_disease	Chronic kidney disease,Stage 5 chronic kidney disease	Disease				local_kg_curated
NCBITaxon:68904	unidentified Actinomycete OPB41	Microbe			species	local_kg_curated
NCBITaxon:1940338	Escherichia/Shigella sp.	Microbe			species	local_kg_curated
LFS:COND:Pancreatic_carcinoma	Pancreatic carcinoma	Disease				local_kg_curated
LFS:COND:Cognitive_impairment	Cognitive impairment	Disease				local_kg_curated
LFS:COND:Interleukin_1_beta_measurement	Interleukin-1 beta measurement	Disease				local_kg_curated
LFS:COND:Inflammation	Inflammation	Disease				local_kg_curated
LFS:COND:Interleukin_10_measurement	Interleukin 10 measurement	Disease				local_kg_curated
LFS:COND:Extraction_protocol	Extraction protocol	Disease				local_kg_curated
LFS:COND:Juvenile_idiopathic_arthritis	Juvenile idiopathic arthritis	Disease				local_kg_curated
NCBITaxon:1506	Clostridium sp.	Microbe			species	local_kg_curated
LFS:COND:Atopic_asthma	Atopic asthma	Disease				local_kg_curated
LFS:COND:Endometrial_cancer	Endometrial cancer	Disease				local_kg_curated
LFS:COND:Bipolar_disorder	Bipolar disorder	Disease				local_kg_curated
LFS:COND:Hyperplastic_Polyp	Hyperplastic Polyp	Disease				local_kg_curated
NCBITaxon:57037	Lacticaseibacillus zeae	Microbe			species	local_kg_curated
LFS:COND:Colon_Sessile_Serrated_Adenoma_Polyp	Colon Sessile Serrated Adenoma/Polyp	Disease				local_kg_curated
LFS:COND:Age_related_macular_degeneration	Age-related macular degeneration	Disease				local_kg_curated
NCBITaxon:28111	Bacteroides eggerthii	Microbe			species	local_kg_curated
LFS:COND:Microbiome	Microbiome	Disease				local_kg_curated
LFS:COND:Head_and_neck_squamous_cell_carcinoma	Head and neck squamous cell carcinoma	Disease				local_kg_curated
NCBITaxon:133926	Olsenella uli	Microbe			species	local_kg_curated
NCBITaxon:204	Campylobacter showae	Microbe			species	local_kg_curated
NCBITaxon:152490	Helicobacter marmotae	Microbe			species	local_kg_curated
LFS:COND:Acute_myeloid_leukemia	Acute myeloid leukemia	Disease				local_kg_curated
LFS:COND:Leukemia	Leukemia	Disease				local_kg_curated
LFS:COND:Systemic_lupus_erythematosus	Systemic lupus erythematosus	Disease				local_kg_curated
NCBITaxon:172042	Rothia aeria	Microbe			species	local_kg_curated
NCBITaxon:327575	Capnocytophaga leadbetteri	Microbe			species	local_kg_curated
NCBITaxon:156456	Megasphaera geminata	Microbe			species	local_kg_curated
LFS:COND:Response_to_ketogenic_diet	Response to ketogenic diet	Disease				local_kg_curated
NCBITaxon:42445	Sinorhizobium sp.	Microbe			species	local_kg_curated
LFS:COND:Response_to_immunochemotherapy	Response to immunochemotherapy	Disease				local_kg_curated
NCBITaxon:360807	Roseburia inulinivorans	Microbe			species	local_kg_curated
NCBITaxon:1735	Holdemanella biformis	Microbe			species	local_kg_curated
NCBITaxon:89152	Peptacetobacter hiranonis	Microbe			species	local_kg_curated
NCBITaxon:100176	Papillibacter cinnamivorans	Microbe			species	local_kg_curated
NCBITaxon:33043	Coprococcus eutactus	Microbe			species	local_kg_curated
LFS:COND:Psychosis	Psychosis	Disease				local_kg_curated
NCBITaxon:1689	Bifidobacterium dentium	Microbe			species	local_kg_curated
NCBITaxon:115778	Leuconostoc gasicomitatum	Microbe			species	local_kg_curated
LFS:COND:Allergic_rhinitis	Allergic rhinitis	Disease				local_kg_curated
LFS:COND:Hidradenitis_suppurativa	Hidradenitis suppurativa	Disease				local_kg_curated
NCBITaxon:470	Acinetobacter baumannii	Microbe			species	local_kg_curated
LFS:COND:Chronic_hepatitis_C_virus_infection	Chronic hepatitis C virus infection	Disease				local_kg_curated
LFS:COND:Substance_related_disorder	Substance-related disorder	Disease				local_kg_curated
LFS:COND:Response_to_anti_tuberculosis_drug	Response to anti-tuberculosis drug	Disease				local_kg_curated
NCBITaxon:1031694	Pleosporales sp. PIMO_118	Microbe			species	local_kg_curated
LFS:COND:Ankylosing_spondylitis	Ankylosing spondylitis	Disease				local_kg_curated
NCBITaxon:658659	Erysipelotrichaceae bacterium 3_1_53	Microbe			species	local_kg_curated
LFS:COND:Urinary_schistosomiasis	Urinary schistosomiasis	Disease				local_kg_curated
LFS:COND:Treatment_outcome_measurement	Treatment outcome measurement	Disease				local_kg_curated
LFS:COND:Gingivitis	Gingivitis	Disease				local_kg_curated
LFS:COND:REM_sleep_behavior_disorder	REM sleep behavior disorder	Disease				local_kg_curated
NCBITaxon:1662277	uncultured Stomatobaculum sp.	Microbe			species	local_kg_curated
NCBITaxon:159275	uncultured Selenomonas sp.	Microbe			species	local_kg_curated
LFS:COND:Chronic_constipation	Chronic constipation	Disease				local_kg_curated
NCBITaxon:1978181	Cercidoideae	Microbe			species	local_kg_curated
LFS:COND:Attention_deficit_hyperactivity_disorder	Attention deficit hyperactivity disorder	Disease				local_kg_curated
LFS:COND:Population	Population	Disease				local_kg_curated
NCBITaxon:302911	Bifidobacterium animalis subsp. lactis	Microbe			species	local_kg_curated
NCBITaxon:33035	Blautia producta	Microbe			species	local_kg_curated
LFS:COND:Carrier_status	Carrier status	Disease				local_kg_curated
LFS:COND:Environmental_factor	Environmental factor	Disease				local_kg_curated
NCBITaxon:615	Serratia marcescens	Microbe			species	local_kg_curated
LFS:COND:Halitosis	Halitosis	Disease				local_kg_curated
LFS:COND:Hashimoto_s_thyroiditis	Hashimoto's thyroiditis	Disease				local_kg_curated
LFS:COND:Bacterial_vaginosis	Bacterial vaginosis	Disease				local_kg_curated
NCBITaxon:1351	Enterococcus faecalis	Microbe			species	local_kg_curated
LFS:COND:Biofilm	Biofilm	Disease				local_kg_curated
LFS:COND:Ketogenic_diet	Ketogenic diet	Disease				local_kg_curated
LFS:COND:Epilepsy	Epilepsy	Disease				local_kg_curated
LFS:COND:Chronic_periodontitis_Dental_caries	Chronic periodontitis,Dental caries	Disease				local_kg_curated
NCBITaxon:738	Glaesserella parasuis	Microbe			species	local_kg_curated
NCBITaxon:409322	Treponema pedis	Microbe			species	local_kg_curated
NCBITaxon:47715	Lacticaseibacillus rhamnosus	Microbe			species	local_kg_curated
LFS:COND:Lung_cancer	Lung cancer	Disease				local_kg_curated
LFS:COND:Alzheimer_s_disease	Alzheimer's disease	Disease				local_kg_curated
LFS:COND:Hepatitis_Alcoholic	Hepatitis, Alcoholic	Disease				local_kg_curated
NCBITaxon:351	Azotobacter group	Microbe			species	local_kg_curated
LFS:COND:Disease_staging	Disease staging	Disease				local_kg_curated
LFS:COND:Timepoint	Timepoint	Disease				local_kg_curated
LFS:COND:Non_small_cell_lung_carcinoma_Renal_cell_carcinoma_Disease_progression_measurement	Non-small cell lung carcinoma,Renal cell carcinoma,Disease progression measurement	Disease				local_kg_curated
NCBITaxon:169292	Corynebacterium aurimucosum	Microbe			species	local_kg_curated
LFS:COND:Gastric_carcinoma	Gastric carcinoma	Disease				local_kg_curated
LFS:COND:HSV2_virologic_severity_measurement	HSV2 virologic severity measurement	Disease				local_kg_curated
LFS:COND:Menopause	Menopause	Disease				local_kg_curated
LFS:COND:Exercise	Exercise	Disease				local_kg_curated
NCBITaxon:8710	Crotalinae	Microbe			species	local_kg_curated
NCBITaxon:1288121	Alistipes senegalensis	Microbe			species	local_kg_curated
NCBITaxon:1766	Mycolicibacterium fortuitum	Microbe			species	local_kg_curated
NCBITaxon:33917	Microbacterium barkeri	Microbe			species	local_kg_curated
NCBITaxon:69710	Treponema vincentii	Microbe			species	local_kg_curated
LFS:COND:Age_at_assessment	Age at assessment	Disease				local_kg_curated
NCBITaxon:956	Wolbachia sp.	Microbe			species	local_kg_curated
NCBITaxon:1747	Cutibacterium acnes	Microbe			species	local_kg_curated
LFS:COND:Biological_sex	Biological sex	Disease				local_kg_curated
LFS:COND:Overactive_bladder	Overactive bladder	Disease				local_kg_curated
LFS:COND:Anxiety	Anxiety	Disease				local_kg_curated
LFS:COND:Depressive_disorder	Depressive disorder	Disease				local_kg_curated
NCBITaxon:507843	Sporobacterium sp. WAL 1855D	Microbe			species	local_kg_curated
LFS:COND:Gestational_age	Gestational age	Disease				local_kg_curated
LFS:COND:Nucleic_acid_extraction_protocol	Nucleic acid extraction protocol	Disease				local_kg_curated
LFS:COND:Chlamydia_trachomatis_infectious_disease	Chlamydia trachomatis infectious disease	Disease				local_kg_curated
NCBITaxon:87541	Aerococcus christensenii	Microbe			species	local_kg_curated
LFS:COND:Chlamydophila_infectious_disease_Human_papilloma_virus_infection	Chlamydophila infectious disease,Human papilloma virus infection	Disease				local_kg_curated
NCBITaxon:813	Chlamydia trachomatis	Microbe			species	local_kg_curated
LFS:COND:Egg_allergy	Egg allergy	Disease				local_kg_curated
NCBITaxon:69823	Selenomonas sputigena	Microbe			species	local_kg_curated
NCBITaxon:1305	Streptococcus sanguinis	Microbe			species	local_kg_curated
NCBITaxon:419208	Veillonella denticariosi	Microbe			species	local_kg_curated
NCBITaxon:33033	Parvimonas micra	Microbe			species	local_kg_curated
LFS:COND:Schizophrenia	Schizophrenia	Disease				local_kg_curated
NCBITaxon:2212467	Bacteroidaceae bacterium	Microbe			species	local_kg_curated
LFS:COND:Nephrolithiasis_Urolithiasis	Nephrolithiasis,Urolithiasis	Disease				local_kg_curated
NCBITaxon:1343	Streptococcus vestibularis	Microbe			species	local_kg_curated
LFS:COND:Chronic_pancreatitis	Chronic pancreatitis	Disease				local_kg_curated
NCBITaxon:160404	Anaerotignum lactatifermentans	Microbe			species	local_kg_curated
LFS:COND:Sampling_time	Sampling time	Disease				local_kg_curated
LFS:COND:Helminthiasis	Helminthiasis	Disease				local_kg_curated
LFS:COND:Phenylketonuria	Phenylketonuria	Disease				local_kg_curated
NCBITaxon:713070	Veillonellaceae bacterium oral taxon 483	Microbe			species	local_kg_curated
NCBITaxon:423477	Veillonella rogosae	Microbe			species	local_kg_curated
NCBITaxon:208968	Alkanindiges hongkongensis	Microbe			species	local_kg_curated
LFS:COND:Henoch_Schoenlein_purpura	Henoch-Schoenlein purpura	Disease				local_kg_curated
NCBITaxon:166	Treponema sp.	Microbe			species	local_kg_curated
LFS:COND:Response_to_allogeneic_hematopoietic_stem_cell_transplant	Response to allogeneic hematopoietic stem cell transplant	Disease				local_kg_curated
NCBITaxon:827	Campylobacter ureolyticus	Microbe			species	local_kg_curated
NCBITaxon:82135	Fannyhessea vaginae	Microbe			species	local_kg_curated
NCBITaxon:1584	Lactobacillus delbrueckii	Microbe			species	local_kg_curated
NCBITaxon:351091	Oscillibacter valericigenes	Microbe			species	local_kg_curated
NCBITaxon:1872444	Alistipes sp.	Microbe			species	local_kg_curated
LFS:COND:Anterior_uveitis	Anterior uveitis	Disease				local_kg_curated
LFS:COND:Anterior_uveitis_Ankylosing_spondylitis	Anterior uveitis,Ankylosing spondylitis	Disease				local_kg_curated
LFS:COND:HIV_mother_to_child_transmission	HIV mother to child transmission	Disease				local_kg_curated
NCBITaxon:150055	Streptococcus lutetiensis	Microbe			species	local_kg_curated
NCBITaxon:684066	Streptococcus lactarius	Microbe			species	local_kg_curated
LFS:COND:Cell_activation	Cell activation	Disease				local_kg_curated
NCBITaxon:549	Pantoea agglomerans	Microbe			species	local_kg_curated
NCBITaxon:1837329	Lachnospiraceae bacterium DW52	Microbe			species	local_kg_curated
NCBITaxon:32025	Helicobacter hepaticus	Microbe			species	local_kg_curated
LFS:COND:Alcohol_drinking	Alcohol drinking	Disease				local_kg_curated
NCBITaxon:137732	Granulicatella elegans	Microbe			species	local_kg_curated
LFS:COND:Acne	Acne	Disease				local_kg_curated
NCBITaxon:162156	uncultured Bacteroides sp.	Microbe			species	local_kg_curated
NCBITaxon:626947	Parasutterella secunda	Microbe			species	local_kg_curated
NCBITaxon:40543	Sneathia sanguinegens	Microbe			species	local_kg_curated
LFS:COND:Cervical_cancer	Cervical cancer	Disease				local_kg_curated
NCBITaxon:33007	Winkia neuii	Microbe			species	local_kg_curated
NCBITaxon:29318	Winkia neuii subsp. anitrata	Microbe			species	local_kg_curated
NCBITaxon:28125	Prevotella bivia	Microbe			species	local_kg_curated
NCBITaxon:755172	Aedoeadaptatus coxii	Microbe			species	local_kg_curated
LFS:COND:Human_papilloma_virus_infection_Cervical_cancer	Human papilloma virus infection,Cervical cancer	Disease				local_kg_curated
NCBITaxon:187328	Veillonella montpellierensis	Microbe			species	local_kg_curated
NCBITaxon:76860	Streptococcus constellatus	Microbe			species	local_kg_curated
NCBITaxon:52768	Schaalia georgiae	Microbe			species	local_kg_curated
NCBITaxon:1226342	SR1 bacterium oral taxon 875	Microbe			species	local_kg_curated
NCBITaxon:2049048	Rikenellaceae bacterium	Microbe			species	local_kg_curated
LFS:COND:HIV_infection_Oral_candidiasis	HIV infection,Oral candidiasis	Disease				local_kg_curated
LFS:COND:Coinfection_Age	Coinfection,Age	Disease				local_kg_curated
LFS:COND:Viral_load	Viral load	Disease				local_kg_curated
NCBITaxon:53418	Treponema lecithinolyticum	Microbe			species	local_kg_curated
NCBITaxon:1796646	Muribaculum intestinale	Microbe			species	local_kg_curated
LFS:COND:CD4_positive_T_lymphocyte_count	CD4-positive T-lymphocyte count	Disease				local_kg_curated
LFS:COND:Bladder_carcinoma	Bladder carcinoma	Disease				local_kg_curated
LFS:COND:Disease_recurrence	Disease recurrence	Disease				local_kg_curated
LFS:COND:Disease_progression_measurement	Disease progression measurement	Disease				local_kg_curated
NCBITaxon:159447	uncultured Corynebacterium sp.	Microbe			species	local_kg_curated
LFS:COND:Diarrhea	Diarrhea	Disease				local_kg_curated
NCBITaxon:1268254	Peptoniphilus timonensis	Microbe			species	local_kg_curated
NCBITaxon:1586779	uncultured Lachnoclostridium sp.	Microbe			species	local_kg_curated
LFS:COND:Hepatic_steatosis	Hepatic steatosis	Disease				local_kg_curated
NCBITaxon:147802	Lactobacillus iners	Microbe			species	local_kg_curated
NCBITaxon:1833	Rhodococcus erythropolis	Microbe			species	local_kg_curated
NCBITaxon:2807717	Ruminococcaceae bacterium EM3	Microbe			species	local_kg_curated
NCBITaxon:536633	Blautia glucerasea	Microbe			species	local_kg_curated
NCBITaxon:1537	Romboutsia lituseburensis	Microbe			species	local_kg_curated
LFS:COND:Anxiety_disorder	Anxiety disorder	Disease				local_kg_curated
LFS:COND:Number_of_siblings	Number of siblings	Disease				local_kg_curated
NCBITaxon:290252	uncultured Synergistes sp.	Microbe			species	local_kg_curated
NCBITaxon:2044938	candidate division SR1 bacterium	Microbe			species	local_kg_curated
LFS:COND:Cotinine_measurement	Cotinine measurement	Disease				local_kg_curated
NCBITaxon:1540874	SR1 bacterium human oral taxon HOT-345	Microbe			species	local_kg_curated
NCBITaxon:2942972	Crudevirinae	Microbe			species	local_kg_curated
NCBITaxon:2955582	Carjivirus communis	Microbe			species	local_kg_curated
NCBITaxon:1262970	Subdoligranulum sp. CAG:314	Microbe			species	local_kg_curated
NCBITaxon:5141	Neurospora crassa	Microbe			species	local_kg_curated
NCBITaxon:79591	Epichloe glyceriae	Microbe			species	local_kg_curated
NCBITaxon:24	Shewanella putrefaciens	Microbe			species	local_kg_curated
NCBITaxon:1633	Limosilactobacillus vaginalis	Microbe			species	local_kg_curated
LFS:COND:Chronic_kidney_disease	Chronic kidney disease	Disease				local_kg_curated
NCBITaxon:1522	[Clostridium] innocuum	Microbe			species	local_kg_curated
LFS:COND:Prostate_cancer	Prostate cancer	Disease				local_kg_curated
LFS:COND:Head_and_neck_carcinoma	Head and neck carcinoma	Disease				local_kg_curated
LFS:COND:Maternal_milk	Maternal milk	Disease				local_kg_curated
LFS:COND:Neonatal_jaundice	Neonatal jaundice	Disease				local_kg_curated
NCBITaxon:1694	Bifidobacterium pseudolongum	Microbe			species	local_kg_curated
LFS:COND:Inflammatory_bowel_disease	Inflammatory bowel disease	Disease				local_kg_curated
LFS:COND:Graves_disease	Graves disease	Disease				local_kg_curated
NCBITaxon:582	Morganella morganii	Microbe			species	local_kg_curated
LFS:COND:Sjogren_syndrome	Sjogren syndrome	Disease				local_kg_curated
NCBITaxon:56774	[Eubacterium] infirmum	Microbe			species	local_kg_curated
NCBITaxon:157692	Pseudoleptotrichia goodfellowii	Microbe			species	local_kg_curated
LFS:COND:Breastfeeding_duration	Breastfeeding duration	Disease				local_kg_curated
NCBITaxon:142586	Eubacterium sp.	Microbe			species	local_kg_curated
NCBITaxon:387661	Parabacteroides johnsonii	Microbe			species	local_kg_curated
NCBITaxon:2130	Ureaplasma urealyticum	Microbe			species	local_kg_curated
LFS:COND:Necrotizing_enterocolitis	Necrotizing enterocolitis	Disease				local_kg_curated
NCBITaxon:457412	Ruminococcus sp. 5_1_39BFAA	Microbe			species	local_kg_curated
LFS:COND:HIV_infection_Diabetes_mellitus	HIV infection,Diabetes mellitus	Disease				local_kg_curated
LFS:COND:Age_Human_papilloma_virus_infection	Age,Human papilloma virus infection	Disease				local_kg_curated
LFS:COND:Cervical_glandular_intraepithelial_neoplasia_Human_papilloma_virus_infection	Cervical glandular intraepithelial neoplasia,Human papilloma virus infection	Disease				local_kg_curated
LFS:COND:Iron_deficiency_anemia	Iron deficiency anemia	Disease				local_kg_curated
NCBITaxon:137838	Clostridium neonatale	Microbe			species	local_kg_curated
NCBITaxon:879970	Defluviitalea saccharophila	Microbe			species	local_kg_curated
NCBITaxon:1623	Ligilactobacillus ruminis	Microbe			species	local_kg_curated
LFS:COND:Osteoarthritis_Rheumatoid_arthritis	Osteoarthritis,Rheumatoid arthritis	Disease				local_kg_curated
NCBITaxon:134821	Ureaplasma parvum	Microbe			species	local_kg_curated
NCBITaxon:218538	Dialister invisus	Microbe			species	local_kg_curated
NCBITaxon:1763509	Lachnotalea glycerini	Microbe			species	local_kg_curated
NCBITaxon:1297424	Anaerobacterium chartisolvens	Microbe			species	local_kg_curated
LFS:COND:Azithromycin	Azithromycin	Disease				local_kg_curated
NCBITaxon:165187	uncultured Bifidobacterium sp.	Microbe			species	local_kg_curated
LFS:COND:Extrahepatic_cholestasis	Extrahepatic cholestasis	Disease				local_kg_curated
NCBITaxon:879276	Mannheimia caviae	Microbe			species	local_kg_curated
NCBITaxon:77917	Fusobacterium naviforme	Microbe			species	local_kg_curated
NCBITaxon:39824	Klebsiella granulomatis	Microbe			species	local_kg_curated
NCBITaxon:626343	Sphingobacterium shayense	Microbe			species	local_kg_curated
NCBITaxon:1290	Staphylococcus hominis	Microbe			species	local_kg_curated
NCBITaxon:76773	Malassezia globosa	Microbe			species	local_kg_curated
NCBITaxon:61235	Fusarium equiseti	Microbe			species	local_kg_curated
NCBITaxon:35518	[Eubacterium] nodatum	Microbe			species	local_kg_curated
LFS:COND:Gastric_adenocarcinoma	Gastric adenocarcinoma	Disease				local_kg_curated
LFS:COND:Gingival_disease	Gingival disease	Disease				local_kg_curated
NCBITaxon:1077464	Streptococcus oralis subsp. tigurinus	Microbe			species	local_kg_curated
NCBITaxon:257462	uncultured Phyllobacteriaceae bacterium	Microbe			species	local_kg_curated
LFS:COND:Traditional_Chinese_medicine_type	Traditional Chinese medicine type	Disease				local_kg_curated
LFS:COND:Esophageal_adenocarcinoma	Esophageal adenocarcinoma	Disease				local_kg_curated
LFS:COND:Gastroesophageal_reflux_disease	Gastroesophageal reflux disease	Disease				local_kg_curated
LFS:COND:Barrett_s_esophagus	Barrett's esophagus	Disease				local_kg_curated
NCBITaxon:487	Neisseria meningitidis	Microbe			species	local_kg_curated
NCBITaxon:2169595	Firstpapillomavirinae	Microbe			species	local_kg_curated
NCBITaxon:651591	Bacteroidetes bacterium oral taxon 272	Microbe			species	local_kg_curated
NCBITaxon:837	Porphyromonas gingivalis	Microbe			species	local_kg_curated
NCBITaxon:2137877	Eubacteriales Family XIII. Incertae Sedis bacterium	Microbe			species	local_kg_curated
NCBITaxon:735	Haemophilus parahaemolyticus	Microbe			species	local_kg_curated
NCBITaxon:228604	Segatella salivae	Microbe			species	local_kg_curated
LFS:COND:Methionine_measurement	Methionine measurement	Disease				local_kg_curated
LFS:COND:Thyroid_carcinoma	Thyroid carcinoma	Disease				local_kg_curated
NCBITaxon:318552	Astronotinae	Microbe			species	local_kg_curated
NCBITaxon:172044	Sphingomonas yabuuchiae	Microbe			species	local_kg_curated
NCBITaxon:121428	Sphingobium xenophagum	Microbe			species	local_kg_curated
LFS:COND:Root	Root	Disease				local_kg_curated
LFS:COND:Preterm_premature_rupture_of_the_membranes	Preterm premature rupture of the membranes	Disease				local_kg_curated
LFS:COND:Titanium_dioxide_nanoparticle	Titanium dioxide nanoparticle	Disease				local_kg_curated
NCBITaxon:234266	bacterium Ellin6075	Microbe			species	local_kg_curated
NCBITaxon:286136	uncultured Coriobacterium sp.	Microbe			species	local_kg_curated
LFS:COND:Graves_ophthalmopathy	Graves ophthalmopathy	Disease				local_kg_curated
LFS:COND:Hepatocellular_carcinoma	Hepatocellular carcinoma	Disease				local_kg_curated
LFS:COND:Schistosomiasis	Schistosomiasis	Disease				local_kg_curated
LFS:COND:Syncope	Syncope	Disease				local_kg_curated
LFS:COND:Nutraceutical_Colorectal_cancer	Nutraceutical,Colorectal cancer	Disease				local_kg_curated
LFS:COND:Colorectal_cancer_Nutraceutical	Colorectal cancer,Nutraceutical	Disease				local_kg_curated
NCBITaxon:2098	Metamycoplasma hominis	Microbe			species	local_kg_curated
LFS:COND:Ovarian_cancer	Ovarian cancer	Disease				local_kg_curated
NCBITaxon:330920	Sphingomonas azotifigens	Microbe			species	local_kg_curated
NCBITaxon:1364	Pseudolactococcus piscium	Microbe			species	local_kg_curated
LFS:COND:Ascariasis	Ascariasis	Disease				local_kg_curated
NCBITaxon:165186	uncultured Ruminococcus sp.	Microbe			species	local_kg_curated
LFS:COND:Stroke	Stroke	Disease				local_kg_curated
NCBITaxon:423432	Streptococcaceae bacterium RF32	Microbe			species	local_kg_curated
LFS:COND:Equol	Equol	Disease				local_kg_curated
NCBITaxon:446660	Adlercreutzia equolifaciens	Microbe			species	local_kg_curated
NCBITaxon:572010	Slackia isoflavoniconvertens	Microbe			species	local_kg_curated
NCBITaxon:852	Fusobacterium perfoetens	Microbe			species	local_kg_curated
NCBITaxon:856	Fusobacterium varium	Microbe			species	local_kg_curated
LFS:COND:Celiac_disease	Celiac disease	Disease				local_kg_curated
NCBITaxon:3068309	Ruminococcaceae bacterium UCG-005	Microbe			species	local_kg_curated
LFS:COND:Otitis_media_with_effusion	Otitis media with effusion	Disease				local_kg_curated
LFS:COND:Environmental_exposure_measurement	Environmental exposure measurement	Disease				local_kg_curated
LFS:COND:Acute_graft_vs_host_disease	Acute graft vs. host disease	Disease				local_kg_curated
LFS:COND:Cervical_cerclage	Cervical cerclage	Disease				local_kg_curated
NCBITaxon:257758	Streptococcus pseudopneumoniae	Microbe			species	local_kg_curated
NCBITaxon:1681	Bifidobacterium bifidum	Microbe			species	local_kg_curated
LFS:COND:Medroxyprogesterone_acetate	Medroxyprogesterone acetate	Disease				local_kg_curated
NCBITaxon:214856	Alistipes finegoldii	Microbe			species	local_kg_curated
NCBITaxon:1531	Enterocloster clostridioformis	Microbe			species	local_kg_curated
LFS:COND:Severe_aplastic_anemia	Severe aplastic anemia	Disease				local_kg_curated
NCBITaxon:1924944	Porphyromonas sp.	Microbe			species	local_kg_curated
NCBITaxon:425941	Hoylesella nanceiensis	Microbe			species	local_kg_curated
NCBITaxon:84135	Gemella sanguinis	Microbe			species	local_kg_curated
NCBITaxon:43675	Rothia mucilaginosa	Microbe			species	local_kg_curated
NCBITaxon:290053	Bacteroides helcogenes	Microbe			species	local_kg_curated
NCBITaxon:1904861	Peptostreptococcaceae bacterium	Microbe			species	local_kg_curated
NCBITaxon:113107	Streptococcus australis	Microbe			species	local_kg_curated
LFS:COND:Testosterone_measurement	Testosterone measurement	Disease				local_kg_curated
LFS:COND:Estradiol_measurement	Estradiol measurement	Disease				local_kg_curated
LFS:COND:HIV_infection_Antimicrobial_agent	HIV infection,Antimicrobial agent	Disease				local_kg_curated
NCBITaxon:2585118	Alistipes communis	Microbe			species	local_kg_curated
LFS:COND:Progesterone	Progesterone	Disease				local_kg_curated
LFS:COND:Developmental_stage	Developmental stage	Disease				local_kg_curated
LFS:COND:Phenotype	Phenotype	Disease				local_kg_curated
NCBITaxon:28135	Segatella oris	Microbe			species	local_kg_curated
LFS:COND:Tobacco_smoke_exposure_measurement	Tobacco smoke exposure measurement	Disease				local_kg_curated
NCBITaxon:876091	uncultured Oscillibacter sp.	Microbe			species	local_kg_curated
NCBITaxon:512314	uncultured Roseburia sp.	Microbe			species	local_kg_curated
NCBITaxon:1945593	Oscillibacter sp.	Microbe			species	local_kg_curated
NCBITaxon:544580	Actinomyces oris	Microbe			species	local_kg_curated
NCBITaxon:279828	Microcella alkaliphila	Microbe			species	local_kg_curated
LFS:COND:Periodontitis_Type_II_diabetes_mellitus	Periodontitis,Type II diabetes mellitus	Disease				local_kg_curated
NCBITaxon:39950	Dialister pneumosintes	Microbe			species	local_kg_curated
NCBITaxon:824	Campylobacter gracilis	Microbe			species	local_kg_curated
NCBITaxon:28251	Ornithobacterium rhinotracheale	Microbe			species	local_kg_curated
NCBITaxon:1539298	Treponema sp. OMZ 838	Microbe			species	local_kg_curated
LFS:COND:Susceptibility_to_malaria	Susceptibility to malaria	Disease				local_kg_curated
NCBITaxon:102148	Solobacterium moorei	Microbe			species	local_kg_curated
NCBITaxon:28051	Lachnospira multipara	Microbe			species	local_kg_curated
NCBITaxon:201571	Oleidesulfovibrio vietnamensis	Microbe			species	local_kg_curated
NCBITaxon:29505	Desulfovibrio longreachensis	Microbe			species	local_kg_curated
NCBITaxon:1872413	Aggregatibacter sp.	Microbe			species	local_kg_curated
NCBITaxon:712711	Tannerella sp. oral taxon 808	Microbe			species	local_kg_curated
NCBITaxon:325787	Streptococcus sp. oral clone ASCB04	Microbe			species	local_kg_curated
LFS:COND:Autoimmune_Hepatitis	Autoimmune Hepatitis	Disease				local_kg_curated
LFS:COND:Pemphigus_vulgaris	Pemphigus vulgaris	Disease				local_kg_curated
LFS:COND:Acetaldehyde	Acetaldehyde	Disease				local_kg_curated
NCBITaxon:470565	Prevotella histicola	Microbe			species	local_kg_curated
LFS:COND:Fibromyalgia	Fibromyalgia	Disease				local_kg_curated
LFS:COND:Non_alcoholic_steatohepatitis	Non-alcoholic steatohepatitis	Disease				local_kg_curated
LFS:COND:Liver_fibrosis_measurement	Liver fibrosis measurement	Disease				local_kg_curated
NCBITaxon:1335	Streptococcus equinus	Microbe			species	local_kg_curated
NCBITaxon:109790	Lactobacillus jensenii	Microbe			species	local_kg_curated
LFS:COND:Hyperglycemia	Hyperglycemia	Disease				local_kg_curated
LFS:COND:Waist_circumference	Waist circumference	Disease				local_kg_curated
LFS:COND:Hypertension	Hypertension	Disease				local_kg_curated
LFS:COND:Hypertriglyceridemia	Hypertriglyceridemia	Disease				local_kg_curated
LFS:COND:HDL_cholesterol	HDL cholesterol	Disease				local_kg_curated
NCBITaxon:29347	[Clostridium] scindens	Microbe			species	local_kg_curated
LFS:COND:Carcinogenicity	Carcinogenicity	Disease				local_kg_curated
NCBITaxon:758	Rodentibacter pneumotropicus	Microbe			species	local_kg_curated
NCBITaxon:1624	Ligilactobacillus salivarius	Microbe			species	local_kg_curated
NCBITaxon:1639133	Citrobacter portucalensis	Microbe			species	local_kg_curated
LFS:COND:Digestive_system_cancer	Digestive system cancer	Disease				local_kg_curated
LFS:COND:Tongue_neoplasm	Tongue neoplasm	Disease				local_kg_curated
NCBITaxon:1306	Streptococcus sp.	Microbe			species	local_kg_curated
LFS:COND:Diet_measurement	Diet measurement	Disease				local_kg_curated
LFS:COND:Dry_eye_syndrome	Dry eye syndrome	Disease				local_kg_curated
NCBITaxon:70775	Pseudomonas plecoglossicida	Microbe			species	local_kg_curated
NCBITaxon:1408	Bacillus pumilus	Microbe			species	local_kg_curated
LFS:COND:Cannabis_use	Cannabis use	Disease				local_kg_curated
NCBITaxon:227945	Lactobacillus ultunensis	Microbe			species	local_kg_curated
NCBITaxon:712149	Aggregatibacter sp. oral taxon 512	Microbe			species	local_kg_curated
LFS:COND:Rosacea	Rosacea	Disease				local_kg_curated
NCBITaxon:38313	Shewanella algae	Microbe			species	local_kg_curated
LFS:COND:Delivery_measurement	Delivery measurement	Disease				local_kg_curated
NCBITaxon:1352	Enterococcus faecium	Microbe			species	local_kg_curated
NCBITaxon:573	Klebsiella pneumoniae	Microbe			species	local_kg_curated
NCBITaxon:1685	Bifidobacterium breve	Microbe			species	local_kg_curated
LFS:COND:Place_of_residence_measurement	Place of residence measurement	Disease				local_kg_curated
NCBITaxon:1379	Gemella haemolysans	Microbe			species	local_kg_curated
NCBITaxon:33010	Cutibacterium avidum	Microbe			species	local_kg_curated
NCBITaxon:1260	Finegoldia magna	Microbe			species	local_kg_curated
NCBITaxon:571	Klebsiella oxytoca	Microbe			species	local_kg_curated
NCBITaxon:68891	Streptococcus peroris	Microbe			species	local_kg_curated
NCBITaxon:418240	Blautia wexlerae	Microbe			species	local_kg_curated
LFS:COND:Smoking_status_measurement	Smoking status measurement	Disease				local_kg_curated
NCBITaxon:29434	Neisseria pharyngis	Microbe			species	local_kg_curated
LFS:COND:Spontaneous_abortion	Spontaneous abortion	Disease				local_kg_curated
LFS:COND:Vulvovaginal_candidiasis	Vulvovaginal candidiasis	Disease				local_kg_curated
NCBITaxon:186265	Cactoideae	Microbe			species	local_kg_curated
NCBITaxon:29387	Staphylococcus sp.	Microbe			species	local_kg_curated
NCBITaxon:1909303	Roseateles sp.	Microbe			species	local_kg_curated
NCBITaxon:161879	Corynebacterium kroppenstedtii	Microbe			species	local_kg_curated
LFS:COND:HIV_infection_Methamphetamine_dependence	HIV infection,Methamphetamine dependence	Disease				local_kg_curated
LFS:COND:Methamphetamine_dependence	Methamphetamine dependence	Disease				local_kg_curated
LFS:COND:Lower_respiratory_tract_disease	Lower respiratory tract disease	Disease				local_kg_curated
NCBITaxon:29321	Corynebacterium otitidis	Microbe			species	local_kg_curated
NCBITaxon:45579	Dujonia railenensis	Microbe			species	local_kg_curated
NCBITaxon:1853546	Debaryomyces sp.	Microbe			species	local_kg_curated
LFS:COND:Small_intestine_enteropathy	Small intestine enteropathy	Disease				local_kg_curated
LFS:COND:Multiple_myeloma	Multiple myeloma	Disease				local_kg_curated
NCBITaxon:28141	Cronobacter sakazakii	Microbe			species	local_kg_curated
NCBITaxon:424554	Nicotianoideae	Microbe			species	local_kg_curated
NCBITaxon:28121	Butyrivibrio sp.	Microbe			species	local_kg_curated
LFS:COND:Nicotine_dependence_Smoking_behavior	Nicotine dependence,Smoking behavior	Disease				local_kg_curated
LFS:COND:Abnormality_on_pulmonary_function_testing	Abnormality on pulmonary function testing	Disease				local_kg_curated
LFS:COND:Temperature	Temperature	Disease				local_kg_curated
NCBITaxon:671267	Phocaeicola sartorii	Microbe			species	local_kg_curated
LFS:COND:Relapsing_remitting_multiple_sclerosis	Relapsing-remitting multiple sclerosis	Disease				local_kg_curated
NCBITaxon:487174	Barnesiella intestinihominis	Microbe			species	local_kg_curated
NCBITaxon:341694	Peptostreptococcus stomatis	Microbe			species	local_kg_curated
NCBITaxon:1898203	Lachnospiraceae bacterium	Microbe			species	local_kg_curated
NCBITaxon:230143	Scardovia wiggsiae	Microbe			species	local_kg_curated
NCBITaxon:152682	Sphingomonas melonis	Microbe			species	local_kg_curated
LFS:COND:Restricted_to_specific_location	Restricted to specific location	Disease				local_kg_curated
NCBITaxon:78448	Bifidobacterium pullorum	Microbe			species	local_kg_curated
NCBITaxon:206096	uncultured Dysgonomonas sp.	Microbe			species	local_kg_curated
NCBITaxon:1676614	Xylanibacter rarus	Microbe			species	local_kg_curated
NCBITaxon:1501392	Coprobacter secundus	Microbe			species	local_kg_curated
NCBITaxon:1965550	Faecalibacterium sp. An121	Microbe			species	local_kg_curated
NCBITaxon:712621	Streptococcus sp. oral taxon 057	Microbe			species	local_kg_curated
LFS:COND:Sexually_transmitted_disease	Sexually transmitted disease	Disease				local_kg_curated
LFS:COND:Health_trait	Health trait	Disease				local_kg_curated
LFS:COND:Phenotypic_sex	Phenotypic sex	Disease				local_kg_curated
NCBITaxon:438033	Ruminococcus gauvreauii	Microbe			species	local_kg_curated
NCBITaxon:35517	[Eubacterium] brachy	Microbe			species	local_kg_curated
NCBITaxon:5480	Lodderomyces parapsilosis	Microbe			species	local_kg_curated
NCBITaxon:76775	Malassezia restricta	Microbe			species	local_kg_curated
LFS:COND:Esophageal_squamous_cell_carcinoma	Esophageal squamous cell carcinoma	Disease				local_kg_curated
LFS:COND:Prion_disease	Prion disease	Disease				local_kg_curated
LFS:COND:Neuromyelitis_optica	Neuromyelitis optica	Disease				local_kg_curated
LFS:COND:Postmenopausal	Postmenopausal	Disease				local_kg_curated
LFS:COND:Response_to_vaccine	Response to vaccine	Disease				local_kg_curated
LFS:COND:Vitiligo	Vitiligo	Disease				local_kg_curated
LFS:COND:Environmental_history	Environmental history	Disease				local_kg_curated
LFS:COND:Abnormality_of_the_gastrointestinal_tract	Abnormality of the gastrointestinal tract	Disease				local_kg_curated
NCBITaxon:31971	Amedibacillus dolichus	Microbe			species	local_kg_curated
LFS:COND:Response_to_stress	Response to stress	Disease				local_kg_curated
LFS:COND:Behavior_or_behavioral_disorder_measurement	Behavior or behavioral disorder measurement	Disease				local_kg_curated
LFS:COND:Renal_transplant_outcome_measurement	Renal transplant outcome measurement	Disease				local_kg_curated
NCBITaxon:328868	Trapezitinae	Microbe			species	local_kg_curated
NCBITaxon:82877	Oxytelinae	Microbe			species	local_kg_curated
LFS:COND:Major_depressive_disorder	Major depressive disorder	Disease				local_kg_curated
NCBITaxon:658655	Lachnospiraceae bacterium 1_4_56FAA	Microbe			species	local_kg_curated
NCBITaxon:707003	uncultured Oscillospiraceae bacterium	Microbe			species	local_kg_curated
LFS:COND:Remission	Remission	Disease				local_kg_curated
LFS:COND:Fasting	Fasting	Disease				local_kg_curated
LFS:COND:Colorectal_adenocarcinoma	Colorectal adenocarcinoma	Disease				local_kg_curated
LFS:COND:Intestinal_polyp	Intestinal polyp	Disease				local_kg_curated
NCBITaxon:1583331	Porphyromonas pasteri	Microbe			species	local_kg_curated
NCBITaxon:391	Rhizobium sp.	Microbe			species	local_kg_curated
LFS:COND:Nephrolithiasis	Nephrolithiasis	Disease				local_kg_curated
NCBITaxon:35783	Enterococcus sp.	Microbe			species	local_kg_curated
LFS:COND:Stevens_Johnson_syndrome	Stevens-Johnson syndrome	Disease				local_kg_curated
LFS:COND:Aging	Aging	Disease				local_kg_curated
NCBITaxon:2902634	Candidatus Nanosynbacter sp. TM7-053	Microbe			species	local_kg_curated
LFS:COND:Gingival_bleeding	Gingival bleeding	Disease				local_kg_curated
NCBITaxon:2572088	Candidatus Nanosynbacter featherlites	Microbe			species	local_kg_curated
LFS:COND:Dentures	Dentures	Disease				local_kg_curated
LFS:COND:Coffee_consumption	Coffee consumption	Disease				local_kg_curated
LFS:COND:Tea_consumption_measurement	Tea consumption measurement	Disease				local_kg_curated
NCBITaxon:288965	Acetivibrio clariflavus	Microbe			species	local_kg_curated
LFS:COND:Response_to_low_calorie_diet	Response to low calorie diet	Disease				local_kg_curated
LFS:COND:Serum_alanine_aminotransferase_measurement	Serum alanine aminotransferase measurement	Disease				local_kg_curated
NCBITaxon:39492	[Eubacterium] siraeum	Microbe			species	local_kg_curated
NCBITaxon:245014	butyrate-producing bacterium SS3/4	Microbe			species	local_kg_curated
LFS:COND:Antipsychotic_drug	Antipsychotic drug	Disease				local_kg_curated
NCBITaxon:548	Klebsiella aerogenes	Microbe			species	local_kg_curated
LFS:COND:Genital_neoplasm_female	Genital neoplasm, female	Disease				local_kg_curated
NCBITaxon:1871336	Criibacterium bergeronii	Microbe			species	local_kg_curated
NCBITaxon:877420	Lachnospiraceae bacterium NK4A136	Microbe			species	local_kg_curated
LFS:COND:Kidney_disease	Kidney disease	Disease				local_kg_curated
NCBITaxon:3062497	Ruminococcus bicirculans (ex Liu et al. 2021)	Microbe			species	local_kg_curated
LFS:COND:Oral_lichen_planus	Oral lichen planus	Disease				local_kg_curated
NCBITaxon:2049031	Lachnospira sp.	Microbe			species	local_kg_curated
LFS:COND:Human_papillomavirus	Human papillomavirus	Disease				local_kg_curated
LFS:COND:HIV_AIDS_pre_exposure_prophylaxis	HIV/AIDS pre-exposure prophylaxis	Disease				local_kg_curated
LFS:COND:Preeclampsia	Preeclampsia	Disease				local_kg_curated
LFS:COND:Mood_disorder	Mood disorder	Disease				local_kg_curated
NCBITaxon:2049024	Coprococcus sp.	Microbe			species	local_kg_curated
LFS:COND:Helminthiasis_animal	Helminthiasis, animal	Disease				local_kg_curated
LFS:COND:Obsessive_compulsive_disorder	Obsessive-compulsive disorder	Disease				local_kg_curated
LFS:COND:Respiratory_system_disease	Respiratory system disease	Disease				local_kg_curated
LFS:COND:Male_infertility_due_to_sperm_disorder	Male infertility due to sperm disorder	Disease				local_kg_curated
NCBITaxon:233502	Brevibacterium aureum	Microbe			species	local_kg_curated
LFS:COND:Reduced_sperm_motility	Reduced sperm motility	Disease				local_kg_curated
LFS:COND:Reduced_sperm_motility_Sperm_measurement	Reduced sperm motility,Sperm measurement	Disease				local_kg_curated
NCBITaxon:386414	Hoylesella timonensis	Microbe			species	local_kg_curated
NCBITaxon:1262740	Bacteroides sp. CAG:462	Microbe			species	local_kg_curated
NCBITaxon:1262936	Prevotella sp. CAG:873	Microbe			species	local_kg_curated
NCBITaxon:487175	Parasutterella excrementihominis	Microbe			species	local_kg_curated
NCBITaxon:1378168	Firmicutes bacterium ASF500	Microbe			species	local_kg_curated
NCBITaxon:291645	Bacteroides nordii	Microbe			species	local_kg_curated
LFS:COND:Graves_disease_Graves_ophthalmopathy	Graves disease,Graves ophthalmopathy	Disease				local_kg_curated
NCBITaxon:28037	Streptococcus mitis	Microbe			species	local_kg_curated
NCBITaxon:1492	Clostridium butyricum	Microbe			species	local_kg_curated
LFS:COND:HER2_Positive_Breast_Carcinoma	HER2 Positive Breast Carcinoma	Disease				local_kg_curated
LFS:COND:Age_at_menarche	Age at menarche	Disease				local_kg_curated
LFS:COND:Estrogen_receptor_status	Estrogen receptor status	Disease				local_kg_curated
LFS:COND:Breast_cancer_stage	Breast cancer stage	Disease				local_kg_curated
LFS:COND:Parous	Parous	Disease				local_kg_curated
LFS:COND:Body_mass_index	Body mass index	Disease				local_kg_curated
LFS:COND:Body_fat_percentage	Body fat percentage	Disease				local_kg_curated
LFS:COND:Ischemic_stroke	Ischemic stroke	Disease				local_kg_curated
LFS:COND:Stroke_outcome_severity_measurement	Stroke outcome severity measurement	Disease				local_kg_curated
NCBITaxon:225992	Comamonas kerstersii	Microbe			species	local_kg_curated
NCBITaxon:3700837	Jacobvirinae	Microbe			species	local_kg_curated
NCBITaxon:665949	Tannerella sp. 6_1_58FAA_CT1	Microbe			species	local_kg_curated
LFS:COND:Female_infertility	Female infertility	Disease				local_kg_curated
NCBITaxon:154288	Turicibacter sanguinis	Microbe			species	local_kg_curated
NCBITaxon:1872530	Anaerostipes sp.	Microbe			species	local_kg_curated
LFS:COND:Cervical_glandular_intraepithelial_neoplasia_Cervical_cancer	Cervical glandular intraepithelial neoplasia,Cervical cancer	Disease				local_kg_curated
NCBITaxon:1773	Mycobacterium tuberculosis	Microbe			species	local_kg_curated
LFS:COND:Liver_fat_measurement	Liver fat measurement	Disease				local_kg_curated
NCBITaxon:2301481	uncultured Muribaculaceae bacterium	Microbe			species	local_kg_curated
NCBITaxon:329911	uncultured Peptococcaceae bacterium	Microbe			species	local_kg_curated
LFS:COND:Response_to_heat	Response to heat	Disease				local_kg_curated
NCBITaxon:56448	Xanthomonas arboricola	Microbe			species	local_kg_curated
NCBITaxon:1200751	Ruminococcaceae bacterium P7	Microbe			species	local_kg_curated
LFS:COND:Ruminative_stress_response	Ruminative stress response	Disease				local_kg_curated
NCBITaxon:1945890	Bacteroidales bacterium WCE2004	Microbe			species	local_kg_curated
NCBITaxon:495	Neisseria elongata	Microbe			species	local_kg_curated
NCBITaxon:931244	Alphapapillomavirus 14	Microbe			species	local_kg_curated
NCBITaxon:27978	Nosema bombycis	Microbe			species	local_kg_curated
LFS:COND:Meibomian_cyst	Meibomian cyst	Disease				local_kg_curated
NCBITaxon:4952	Yarrowia lipolytica	Microbe			species	local_kg_curated
NCBITaxon:29388	Staphylococcus capitis	Microbe			species	local_kg_curated
NCBITaxon:1609977	Sphingomonas hengshuiensis	Microbe			species	local_kg_curated
NCBITaxon:80869	Paracidovorax citrulli	Microbe			species	local_kg_curated
LFS:COND:Dementia	Dementia	Disease				local_kg_curated
NCBITaxon:1946507	Faecalibacterium sp. UBA1819	Microbe			species	local_kg_curated
NCBITaxon:328813	Alistipes onderdonkii	Microbe			species	local_kg_curated
LFS:COND:Chronic_rhinosinusitis	Chronic rhinosinusitis	Disease				local_kg_curated
LFS:COND:Mucositis	Mucositis	Disease				local_kg_curated
NCBITaxon:248039	Mucispirillum schaedleri	Microbe			species	local_kg_curated
LFS:COND:Acute_respiratory_distress_syndrome	Acute respiratory distress syndrome	Disease				local_kg_curated
LFS:COND:Acute_respiratory_failure	Acute respiratory failure	Disease				local_kg_curated
NCBITaxon:2052	Mobiluncus mulieris	Microbe			species	local_kg_curated
NCBITaxon:1703	Brevibacterium linens	Microbe			species	local_kg_curated
NCBITaxon:33036	Anaerococcus tetradius	Microbe			species	local_kg_curated
NCBITaxon:419005	Prevotella amnii	Microbe			species	local_kg_curated
NCBITaxon:33031	Peptoniphilus lacrimalis	Microbe			species	local_kg_curated
LFS:COND:Primary_ovarian_insufficiency	Primary ovarian insufficiency	Disease				local_kg_curated
LFS:COND:Peptic_esophagitis	Peptic esophagitis	Disease				local_kg_curated
NCBITaxon:1955243	Blautia sp.	Microbe			species	local_kg_curated
LFS:COND:Amyotrophic_lateral_sclerosis	Amyotrophic lateral sclerosis	Disease				local_kg_curated
NCBITaxon:641107	Clostridium sp. DL-VIII	Microbe			species	local_kg_curated
NCBITaxon:157687	Leptotrichia wadei	Microbe			species	local_kg_curated
NCBITaxon:29374	Filifactor villosus	Microbe			species	local_kg_curated
NCBITaxon:194702	Cardiobacterium valvarum	Microbe			species	local_kg_curated
NCBITaxon:143361	Filifactor alocis	Microbe			species	local_kg_curated
NCBITaxon:374811	Rhodothermus clarus	Microbe			species	local_kg_curated
NCBITaxon:1613	Limosilactobacillus fermentum	Microbe			species	local_kg_curated
NCBITaxon:1310	Streptococcus sobrinus	Microbe			species	local_kg_curated
NCBITaxon:2699746	Fretibacterium sp.	Microbe			species	local_kg_curated
NCBITaxon:1382	Lancefieldella parvula	Microbe			species	local_kg_curated
NCBITaxon:51123	[Eubacterium] saphenum	Microbe			species	local_kg_curated
NCBITaxon:217202	Terrahaemophilus aromaticivorans	Microbe			species	local_kg_curated
LFS:COND:Protein_modification_process	Protein modification process	Disease				local_kg_curated
NCBITaxon:207598	Homininae	Microbe			species	local_kg_curated
NCBITaxon:674529	Bacteroides faecis	Microbe			species	local_kg_curated
LFS:COND:Treatment	Treatment	Disease				local_kg_curated
LFS:COND:Neoplasm	Neoplasm	Disease				local_kg_curated
NCBITaxon:281920	Porphyromonas uenonis	Microbe			species	local_kg_curated
LFS:COND:Digestive_System_Carcinoma	Digestive System Carcinoma	Disease				local_kg_curated
NCBITaxon:1262798	Clostridium sp. CAG:352	Microbe			species	local_kg_curated
NCBITaxon:297314	uncultured Lachnospiraceae bacterium	Microbe			species	local_kg_curated
LFS:COND:Esophageal_carcinoma	Esophageal carcinoma	Disease				local_kg_curated
NCBITaxon:310298	Phocaeicola coprocola	Microbe			species	local_kg_curated
NCBITaxon:1817405	Abyssicoccus albus	Microbe			species	local_kg_curated
LFS:COND:Diabetic_neuropathy	Diabetic neuropathy	Disease				local_kg_curated
NCBITaxon:234908	Sutterella stercoricanis	Microbe			species	local_kg_curated
LFS:COND:Encephalitis	Encephalitis	Disease				local_kg_curated
LFS:COND:Body_weight	Body weight	Disease				local_kg_curated
NCBITaxon:331632	uncultured Coriobacteriaceae bacterium	Microbe			species	local_kg_curated
NCBITaxon:331630	uncultured Erysipelotrichaceae bacterium	Microbe			species	local_kg_curated
LFS:COND:Stage_5_chronic_kidney_disease	Stage 5 chronic kidney disease	Disease				local_kg_curated
LFS:COND:Huntington_disease	Huntington disease	Disease				local_kg_curated
LFS:COND:Postpartum_depression	Postpartum depression	Disease				local_kg_curated
LFS:COND:Puberty	Puberty	Disease				local_kg_curated
LFS:COND:Contraception	Contraception	Disease				local_kg_curated
NCBITaxon:508451	Lactobacillus taiwanensis	Microbe			species	local_kg_curated
NCBITaxon:28130	Prevotella disiens	Microbe			species	local_kg_curated
LFS:COND:Simian_immunodeficiency_virus_infection	Simian immunodeficiency virus infection	Disease				local_kg_curated
NCBITaxon:1227267	Leptotrichia sp. oral taxon 879	Microbe			species	local_kg_curated
NCBITaxon:223184	Kocuria marina	Microbe			species	local_kg_curated
NCBITaxon:2051	Mobiluncus curtisii	Microbe			species	local_kg_curated
NCBITaxon:35841	Caldibacillus thermoamylovorans	Microbe			species	local_kg_curated
NCBITaxon:439703	Segatella maculosa	Microbe			species	local_kg_curated
NCBITaxon:55507	Schwartzia succinivorans	Microbe			species	local_kg_curated
LFS:COND:Spontaneous_preterm_birth	Spontaneous preterm birth	Disease				local_kg_curated
NCBITaxon:1284775	Prevotella sp. S7-1-8	Microbe			species	local_kg_curated
NCBITaxon:33959	Lactobacillus johnsonii	Microbe			species	local_kg_curated
NCBITaxon:40324	Stenotrophomonas maltophilia	Microbe			species	local_kg_curated
NCBITaxon:38815	Trichloromonas acetexigens	Microbe			species	local_kg_curated
NCBITaxon:1682	Bifidobacterium longum subsp. infantis	Microbe			species	local_kg_curated
NCBITaxon:380638	Erysipelothrix muris	Microbe			species	local_kg_curated
NCBITaxon:43948	Tolumonas auensis	Microbe			species	local_kg_curated
LFS:COND:Transplant_outcome_measurement	Transplant outcome measurement	Disease				local_kg_curated
LFS:COND:Disposition_index_measurement	Disposition index measurement	Disease				local_kg_curated
LFS:COND:Fasting_blood_glucose_measurement	Fasting blood glucose measurement	Disease				local_kg_curated
LFS:COND:Glucose_measurement	Glucose measurement	Disease				local_kg_curated
LFS:COND:Insulin_sensitivity_measurement	Insulin sensitivity measurement	Disease				local_kg_curated
LFS:COND:Gestational_weight_gain_measurement	Gestational weight gain measurement	Disease				local_kg_curated
NCBITaxon:38284	Corynebacterium accolens	Microbe			species	local_kg_curated
LFS:COND:Vaginal_inflammation	Vaginal inflammation	Disease				local_kg_curated
NCBITaxon:230139	Megasphaera genomosp. C1	Microbe			species	local_kg_curated
LFS:COND:Graves_disease_Hashimoto_s_thyroiditis	Graves disease,Hashimoto's thyroiditis	Disease				local_kg_curated
NCBITaxon:1217282	Parabacteroides faecis	Microbe			species	local_kg_curated
LFS:COND:Growth_condition	Growth condition	Disease				local_kg_curated
NCBITaxon:1632	Limosilactobacillus oris	Microbe			species	local_kg_curated
NCBITaxon:522485	Campylobacter avium	Microbe			species	local_kg_curated
LFS:COND:Temporomandibular_joint_disorder	Temporomandibular joint disorder	Disease				local_kg_curated
LFS:COND:Glioma	Glioma	Disease				local_kg_curated
LFS:COND:Response_to_temozolomide	Response to temozolomide	Disease				local_kg_curated
LFS:COND:Sleep_Disorder	Sleep Disorder	Disease				local_kg_curated
LFS:COND:Adenomyosis_Endometriosis	Adenomyosis,Endometriosis	Disease				local_kg_curated
LFS:COND:Colon_carcinoma	Colon carcinoma	Disease				local_kg_curated
NCBITaxon:1638786	Ruminococcus sp. UNK.MGS-30	Microbe			species	local_kg_curated
NCBITaxon:147368	Pooideae	Microbe			species	local_kg_curated
NCBITaxon:984307	Paraburkholderia kururiensis	Microbe			species	local_kg_curated
NCBITaxon:424551	Solanoideae	Microbe			species	local_kg_curated
NCBITaxon:39490	Eubacterium ramulus	Microbe			species	local_kg_curated
NCBITaxon:1334	Streptococcus dysgalactiae	Microbe			species	local_kg_curated
NCBITaxon:65764	unidentified rumen bacterium 12-124	Microbe			species	local_kg_curated
NCBITaxon:1391542	delta proteobacterium WX152	Microbe			species	local_kg_curated
LFS:COND:Total_cholesterol_measurement	Total cholesterol measurement	Disease				local_kg_curated
LFS:COND:Triglyceride_measurement	Triglyceride measurement	Disease				local_kg_curated
LFS:COND:Low_density_lipoprotein_cholesterol_measurement	Low density lipoprotein cholesterol measurement	Disease				local_kg_curated
LFS:COND:High_density_lipoprotein_cholesterol_measurement	High density lipoprotein cholesterol measurement	Disease				local_kg_curated
LFS:COND:Aspartate_aminotransferase_to_alanine_aminotransferase_ratio	Aspartate aminotransferase to alanine aminotransferase ratio	Disease				local_kg_curated
LFS:COND:Serum_gamma_glutamyl_transferase_measurement	Serum gamma-glutamyl transferase measurement	Disease				local_kg_curated
LFS:COND:Insulin_resistance	Insulin resistance	Disease				local_kg_curated
NCBITaxon:2053608	Ruminiclostridium sp.	Microbe			species	local_kg_curated
LFS:COND:Hepatocellular_carcinoma_Non_alcoholic_fatty_liver_disease	Hepatocellular carcinoma,Non-alcoholic fatty liver disease	Disease				local_kg_curated
LFS:COND:Non_alcoholic_fatty_liver_disease_Hepatocellular_carcinoma	Non-alcoholic fatty liver disease,Hepatocellular carcinoma	Disease				local_kg_curated
NCBITaxon:2109691	Lachnospiraceae bacterium GAM79	Microbe			species	local_kg_curated
NCBITaxon:397865	Barnesiella viscericola	Microbe			species	local_kg_curated
NCBITaxon:1406512	Candidatus Methanomassiliicoccus intestinalis	Microbe			species	local_kg_curated
LFS:COND:Caffeine	Caffeine	Disease				local_kg_curated
NCBITaxon:1896336	Citrobacter sp.	Microbe			species	local_kg_curated
NCBITaxon:1869337	Parabacteroides sp.	Microbe			species	local_kg_curated
NCBITaxon:2292890	Firmicutes bacterium AM10-47	Microbe			species	local_kg_curated
NCBITaxon:40545	Sutterella wadsworthensis	Microbe			species	local_kg_curated
LFS:COND:Seasonality_measurement	Seasonality measurement	Disease				local_kg_curated
NCBITaxon:60686	unidentified rumen bacterium RFP12	Microbe			species	local_kg_curated
LFS:COND:Mixed_sex_population	Mixed sex population	Disease				local_kg_curated
LFS:COND:Reproductive_behaviour_measurement	Reproductive behaviour measurement	Disease				local_kg_curated
NCBITaxon:1463165	Klebsiella quasipneumoniae	Microbe			species	local_kg_curated
NCBITaxon:538949	uncultured Alistipes sp.	Microbe			species	local_kg_curated
LFS:COND:Diabetic_retinopathy	Diabetic retinopathy	Disease				local_kg_curated
LFS:COND:Dental_fluorosis	Dental fluorosis	Disease				local_kg_curated
NCBITaxon:1179782	Gemella parahaemolysans	Microbe			species	local_kg_curated
NCBITaxon:617123	Lachnoanaerobaculum umeaense	Microbe			species	local_kg_curated
NCBITaxon:1358	Lactococcus lactis	Microbe			species	local_kg_curated
NCBITaxon:1660	Schaalia odontolytica	Microbe			species	local_kg_curated
NCBITaxon:28132	Prevotella melaninogenica	Microbe			species	local_kg_curated
NCBITaxon:2173181	Xylodon flaviporus	Microbe			species	local_kg_curated
NCBITaxon:258	Sphingobacterium spiritivorum	Microbe			species	local_kg_curated
LFS:COND:Postcholecystectomy_syndrome	Postcholecystectomy syndrome	Disease				local_kg_curated
NCBITaxon:1194595	Hannaella sp. CMON52	Microbe			species	local_kg_curated
NCBITaxon:1720	Corynebacterium sp.	Microbe			species	local_kg_curated
NCBITaxon:550	Enterobacter cloacae	Microbe			species	local_kg_curated
LFS:COND:Household_income	Household income	Disease				local_kg_curated
LFS:COND:Colorectal_Gastrointestinal_Stromal_Tumor	Colorectal Gastrointestinal Stromal Tumor	Disease				local_kg_curated
LFS:COND:Survival_time	Survival time	Disease				local_kg_curated
NCBITaxon:48256	Ruminiclostridium hungatei	Microbe			species	local_kg_curated
LFS:COND:Eczema_Urticaria	Eczema,Urticaria	Disease				local_kg_curated
LFS:COND:Eczema_Allergic_rhinitis	Eczema,Allergic rhinitis	Disease				local_kg_curated
LFS:COND:Metformin	Metformin	Disease				local_kg_curated
NCBITaxon:29523	Bacteroides sp.	Microbe			species	local_kg_curated
LFS:COND:Growth_rate_measurement	Growth rate measurement	Disease				local_kg_curated
NCBITaxon:1547	Thomasclavelia ramosa	Microbe			species	local_kg_curated
NCBITaxon:187326	Megasphaera micronuciformis	Microbe			species	local_kg_curated
LFS:COND:Protein_intake_measurement	Protein intake measurement	Disease				local_kg_curated
LFS:COND:Appendicular_lean_mass	Appendicular lean mass	Disease				local_kg_curated
LFS:COND:Gait_measurement	Gait measurement	Disease				local_kg_curated
LFS:COND:Systolic_blood_pressure	Systolic blood pressure	Disease				local_kg_curated
LFS:COND:Diastolic_blood_pressure	Diastolic blood pressure	Disease				local_kg_curated
LFS:COND:Colorectal_cancer_cell_line	Colorectal cancer cell line	Disease				local_kg_curated
NCBITaxon:338188	Bacteroides finegoldii	Microbe			species	local_kg_curated
LFS:COND:Electroencephalogram_measurement	Electroencephalogram measurement	Disease				local_kg_curated
LFS:COND:Anemia	Anemia	Disease				local_kg_curated
LFS:COND:Crohn_ileitis	Crohn ileitis	Disease				local_kg_curated
LFS:COND:Crohn_s_colitis	Crohn's colitis	Disease				local_kg_curated
LFS:COND:Pancolitis	Pancolitis	Disease				local_kg_curated
LFS:COND:Distal_colitis	Distal colitis	Disease				local_kg_curated
LFS:COND:Increased_intestinal_transit_time	Increased intestinal transit time	Disease				local_kg_curated
LFS:COND:Xenobiotic	Xenobiotic	Disease				local_kg_curated
NCBITaxon:658083	Lachnospiraceae bacterium 6_1_63FAA	Microbe			species	local_kg_curated
NCBITaxon:457392	Bacteroides sp. 3_2_5	Microbe			species	local_kg_curated
NCBITaxon:1150298	Fusicatenibacter saccharivorans	Microbe			species	local_kg_curated
NCBITaxon:169388	Fusarium solani	Microbe			species	local_kg_curated
NCBITaxon:168477	Phialomyces arenicola	Microbe			species	local_kg_curated
NCBITaxon:474922	Colletotrichum gloeosporioides	Microbe			species	local_kg_curated
NCBITaxon:64495	Rhizopus arrhizus	Microbe			species	local_kg_curated
NCBITaxon:1053101	Fusicolla acetilerea	Microbe			species	local_kg_curated
NCBITaxon:5476	Candida albicans	Microbe			species	local_kg_curated
NCBITaxon:75750	Aspergillus sydowii	Microbe			species	local_kg_curated
NCBITaxon:443342	candidate division TM7 genomosp. GTL1	Microbe			species	local_kg_curated
NCBITaxon:172788	uncultured phototrophic eukaryote	Microbe			species	local_kg_curated
LFS:COND:Retinopathy	Retinopathy	Disease				local_kg_curated
NCBITaxon:47671	Lautropia mirabilis	Microbe			species	local_kg_curated
LFS:COND:Gallstones	Gallstones	Disease				local_kg_curated
LFS:COND:Osteoarthritis_knee	Osteoarthritis, knee	Disease				local_kg_curated
LFS:COND:Diffuse_large_B_cell_lymphoma	Diffuse large B-cell lymphoma	Disease				local_kg_curated
LFS:COND:Keratoconjunctivitis	Keratoconjunctivitis	Disease				local_kg_curated
LFS:COND:Glucose_tolerance_test	Glucose tolerance test	Disease				local_kg_curated
LFS:COND:Hormone_measurement	Hormone measurement	Disease				local_kg_curated
LFS:COND:Follicle_stimulating_hormone_measurement	Follicle stimulating hormone measurement	Disease				local_kg_curated
LFS:COND:Luteinizing_hormone_measurement	Luteinizing hormone measurement	Disease				local_kg_curated
LFS:COND:Free_androgen_index	Free androgen index	Disease				local_kg_curated
LFS:COND:Sex_hormone_binding_globulin_measurement	Sex hormone-binding globulin measurement	Disease				local_kg_curated
LFS:COND:Sun_exposure_measurement	Sun exposure measurement	Disease				local_kg_curated
NCBITaxon:328812	Parabacteroides goldsteinii	Microbe			species	local_kg_curated
LFS:COND:Bronchiectasis	Bronchiectasis	Disease				local_kg_curated
LFS:COND:Tumor_stage	Tumor stage	Disease				local_kg_curated
NCBITaxon:1608898	Haemophilus sp. HMSC71H05	Microbe			species	local_kg_curated
NCBITaxon:901	Desulfovibrio piger	Microbe			species	local_kg_curated
NCBITaxon:457421	Clostridiales bacterium 1_7_47FAA	Microbe			species	local_kg_curated
NCBITaxon:116085	Pseudocoprococcus catus	Microbe			species	local_kg_curated
LFS:COND:Tumor_size	Tumor size	Disease				local_kg_curated
NCBITaxon:1547597	Sanguibacteroides justesenii	Microbe			species	local_kg_curated
LFS:COND:Tumor_grading	Tumor grading	Disease				local_kg_curated
NCBITaxon:358743	Enterocloster citroniae	Microbe			species	local_kg_curated
NCBITaxon:1034346	Dielma fastidiosa	Microbe			species	local_kg_curated
NCBITaxon:29361	Faecalimonas nexilis	Microbe			species	local_kg_curated
NCBITaxon:2946646	Stephanstirmvirinae	Microbe			species	local_kg_curated
NCBITaxon:358742	Enterocloster aldenensis	Microbe			species	local_kg_curated
LFS:COND:Response_to_combination_chemotherapy	Response to combination chemotherapy	Disease				local_kg_curated
NCBITaxon:169435	Anaerotruncus colihominis	Microbe			species	local_kg_curated
LFS:COND:Adverse_effect	Adverse effect	Disease				local_kg_curated
NCBITaxon:1262921	Prevotella sp. CAG:1185	Microbe			species	local_kg_curated
NCBITaxon:1262886	Eubacterium sp. CAG:251	Microbe			species	local_kg_curated
NCBITaxon:53345	Enterococcus durans	Microbe			species	local_kg_curated
NCBITaxon:333367	Enterocloster asparagiformis	Microbe			species	local_kg_curated
NCBITaxon:248315	Veillonella rodentium	Microbe			species	local_kg_curated
LFS:COND:Constipation_Parkinson_s_disease	Constipation,Parkinson's disease	Disease				local_kg_curated
NCBITaxon:1750	Arachnia propionica	Microbe			species	local_kg_curated
NCBITaxon:82688	Liquorilactobacillus nagelii	Microbe			species	local_kg_curated
NCBITaxon:292	Burkholderia cepacia	Microbe			species	local_kg_curated
LFS:COND:SAPHO_syndrome	SAPHO syndrome	Disease				local_kg_curated
NCBITaxon:2043424	Metriorrhynchinae	Microbe			species	local_kg_curated
LFS:COND:Dermatitis	Dermatitis	Disease				local_kg_curated
NCBITaxon:357276	Phocaeicola dorei	Microbe			species	local_kg_curated
LFS:COND:Food_allergy_Dermatitis	Food allergy,Dermatitis	Disease				local_kg_curated
NCBITaxon:55565	Actinomyces graevenitzii	Microbe			species	local_kg_curated
NCBITaxon:2028282	Lachnoclostridium sp.	Microbe			species	local_kg_curated
NCBITaxon:1872529	Anaerosporobacter sp.	Microbe			species	local_kg_curated
NCBITaxon:658082	Lachnospiraceae bacterium 2_1_58FAA	Microbe			species	local_kg_curated
NCBITaxon:115294	Calobatinae	Microbe			species	local_kg_curated
NCBITaxon:133076	Aphidinae	Microbe			species	local_kg_curated
NCBITaxon:622	Shigella dysenteriae	Microbe			species	local_kg_curated
NCBITaxon:512316	uncultured Oscillospira sp.	Microbe			species	local_kg_curated
NCBITaxon:28117	Alistipes putredinis	Microbe			species	local_kg_curated
NCBITaxon:69824	Thomasclavelia cocleata	Microbe			species	local_kg_curated
LFS:COND:Glaucoma	Glaucoma	Disease				local_kg_curated
NCBITaxon:1338	Streptococcus intermedius	Microbe			species	local_kg_curated
NCBITaxon:1708540	Wallemia tropicalis	Microbe			species	local_kg_curated
NCBITaxon:5482	Candida tropicalis	Microbe			species	local_kg_curated
LFS:COND:Species_design	Species design	Disease				local_kg_curated
NCBITaxon:188913	Cetobacterium somerae	Microbe			species	local_kg_curated
NCBITaxon:43768	Corynebacterium matruchotii	Microbe			species	local_kg_curated
NCBITaxon:446	Legionella pneumophila	Microbe			species	local_kg_curated
NCBITaxon:28901	Salmonella enterica	Microbe			species	local_kg_curated
NCBITaxon:632	Yersinia pestis	Microbe			species	local_kg_curated
NCBITaxon:197	Campylobacter jejuni	Microbe			species	local_kg_curated
NCBITaxon:263	Francisella tularensis	Microbe			species	local_kg_curated
NCBITaxon:630	Yersinia enterocolitica	Microbe			species	local_kg_curated
NCBITaxon:412384	Priestia aryabhattai	Microbe			species	local_kg_curated
NCBITaxon:28031	Lysinibacillus fusiformis	Microbe			species	local_kg_curated
LFS:COND:Metabolic_process	Metabolic process	Disease				local_kg_curated
NCBITaxon:2897707	Merdimmobilis hominis	Microbe			species	local_kg_curated
NCBITaxon:1776392	Massiliimicrobium timonense	Microbe			species	local_kg_curated
NCBITaxon:1383	Lancefieldella rimae	Microbe			species	local_kg_curated
NCBITaxon:33053	Neisseria perflava	Microbe			species	local_kg_curated
NCBITaxon:172901	Victivallis vadensis	Microbe			species	local_kg_curated
NCBITaxon:624	Shigella sonnei	Microbe			species	local_kg_curated
NCBITaxon:167968	uncultured Desulfovibrio sp.	Microbe			species	local_kg_curated
NCBITaxon:905011	uncultured Anaerotruncus sp.	Microbe			species	local_kg_curated
NCBITaxon:59892	Treponema amylovorum	Microbe			species	local_kg_curated
NCBITaxon:28133	Prevotella nigrescens	Microbe			species	local_kg_curated
LFS:COND:Gene_expression_protocol	Gene expression protocol	Disease				local_kg_curated
NCBITaxon:1262942	Roseburia sp. CAG:182	Microbe			species	local_kg_curated
NCBITaxon:1262988	Firmicutes bacterium CAG:95	Microbe			species	local_kg_curated
LFS:COND:Seborrheic_dermatitis	Seborrheic dermatitis	Disease				local_kg_curated
NCBITaxon:29448	Bradyrhizobium elkanii	Microbe			species	local_kg_curated
NCBITaxon:1872471	Alloprevotella sp.	Microbe			species	local_kg_curated
LFS:COND:Response_to_risperidone	Response to risperidone	Disease				local_kg_curated
NCBITaxon:501571	Butyricicoccus pullicaecorum	Microbe			species	local_kg_curated
LFS:COND:Open_angle_glaucoma	Open-angle glaucoma	Disease				local_kg_curated
NCBITaxon:1235790	Eubacterium sp. 14-2	Microbe			species	local_kg_curated
LFS:COND:Pneumonia_severity_measurement	Pneumonia severity measurement	Disease				local_kg_curated
LFS:COND:Chewing_tobacco_behavior	Chewing tobacco behavior	Disease				local_kg_curated
NCBITaxon:1922	Streptomyces plicatus	Microbe			species	local_kg_curated
LFS:COND:Metabolic_syndrome	Metabolic syndrome	Disease				local_kg_curated
LFS:COND:Triple_negative_breast_cancer	Triple-negative breast cancer	Disease				local_kg_curated
NCBITaxon:327045	Orthoretrovirinae	Microbe			species	local_kg_curated
NCBITaxon:1938606	Janthinobacterium sp. LM6	Microbe			species	local_kg_curated
LFS:COND:Sleep_duration	Sleep duration	Disease				local_kg_curated
NCBITaxon:641148	Neisseria sp. oral taxon 014	Microbe			species	local_kg_curated
LFS:COND:Surgical_resection	Surgical resection	Disease				local_kg_curated
LFS:COND:Pelvic_Inflammatory_Disease	Pelvic Inflammatory Disease	Disease				local_kg_curated
LFS:COND:Cancer	Cancer	Disease				local_kg_curated
NCBITaxon:1732	Eubacterium oxidoreducens	Microbe			species	local_kg_curated
LFS:COND:Organism_part_comparison_design	Organism part comparison design	Disease				local_kg_curated
NCBITaxon:290054	Eubacterium coprostanoligenes	Microbe			species	local_kg_curated
LFS:COND:Chorioamnionitis	Chorioamnionitis	Disease				local_kg_curated
LFS:COND:Neonatal_sepsis	Neonatal sepsis	Disease				local_kg_curated
LFS:COND:Retinopathy_of_prematurity	Retinopathy of prematurity	Disease				local_kg_curated
NCBITaxon:529385	uncultured Bilophila sp.	Microbe			species	local_kg_curated
NCBITaxon:47846	Brachybacterium conglomeratum	Microbe			species	local_kg_curated
NCBITaxon:28090	Acinetobacter lwoffii	Microbe			species	local_kg_curated
LFS:COND:SARS_coronavirus	SARS coronavirus	Disease				local_kg_curated
NCBITaxon:60133	Prevotella pallens	Microbe			species	local_kg_curated
NCBITaxon:1984869	Stomatobaculum sp.	Microbe			species	local_kg_curated
NCBITaxon:713057	TM7 phylum sp. oral taxon 356	Microbe			species	local_kg_curated
NCBITaxon:29317	Actinomyces sp.	Microbe			species	local_kg_curated
NCBITaxon:712626	Streptococcus sp. oral taxon 066	Microbe			species	local_kg_curated
NCBITaxon:39498	[Eubacterium] yurii	Microbe			species	local_kg_curated
LFS:COND:Gingivitis_Mucositis	Gingivitis,Mucositis	Disease				local_kg_curated
NCBITaxon:38286	Corynebacterium afermentans	Microbe			species	local_kg_curated
LFS:COND:Health_related_quality_of_life_measurement	Health-related quality of life measurement	Disease				local_kg_curated
LFS:COND:Bowel_dysfunction	Bowel dysfunction	Disease				local_kg_curated
NCBITaxon:135080	Centipeda flueggei	Microbe			species	local_kg_curated
NCBITaxon:1898104	Bacteroidota bacterium	Microbe			species	local_kg_curated
LFS:COND:Sensory_perception_of_bitter_taste	Sensory perception of bitter taste	Disease				local_kg_curated
NCBITaxon:104608	Leptotrichia sp.	Microbe			species	local_kg_curated
NCBITaxon:1501332	Oribacterium asaccharolyticum	Microbe			species	local_kg_curated
NCBITaxon:46125	Abiotrophia defectiva	Microbe			species	local_kg_curated
LFS:COND:Respiratory_Syncytial_Virus_Infection	Respiratory Syncytial Virus Infection	Disease				local_kg_curated
NCBITaxon:1173061	Geotrichum candidum	Microbe			species	local_kg_curated
NCBITaxon:88167	Poterioochromonas malhamensis	Microbe			species	local_kg_curated
LFS:COND:Sample_treatment_protocol	Sample treatment protocol	Disease				local_kg_curated
NCBITaxon:1293577	candidate division SR1 bacterium MGEHA	Microbe			species	local_kg_curated
NCBITaxon:284549	Gymnostachydoideae	Microbe			species	local_kg_curated
NCBITaxon:433515	Luciolinae	Microbe			species	local_kg_curated
NCBITaxon:204925	Streptomyces nanchangensis	Microbe			species	local_kg_curated
NCBITaxon:168695	Salinispora tropica	Microbe			species	local_kg_curated
NCBITaxon:36873	Paraburkholderia xenovorans	Microbe			species	local_kg_curated
NCBITaxon:480	Moraxella catarrhalis	Microbe			species	local_kg_curated
NCBITaxon:29484	Yersinia frederiksenii	Microbe			species	local_kg_curated
NCBITaxon:29382	Staphylococcus cohnii	Microbe			species	local_kg_curated
NCBITaxon:262209	Janibacter melonis	Microbe			species	local_kg_curated
NCBITaxon:1017	Capnocytophaga gingivalis	Microbe			species	local_kg_curated
NCBITaxon:5478	Nakaseomyces glabratus	Microbe			species	local_kg_curated
NCBITaxon:584	Proteus mirabilis	Microbe			species	local_kg_curated
LFS:COND:Post_traumatic_stress_disorder	Post-traumatic stress disorder	Disease				local_kg_curated
LFS:COND:Clinical_treatment	Clinical treatment	Disease				local_kg_curated
LFS:COND:Platelet_count	Platelet count	Disease				local_kg_curated
LFS:COND:Creatinine_measurement	Creatinine measurement	Disease				local_kg_curated
LFS:COND:Neutrophil_percentage_of_leukocytes	Neutrophil percentage of leukocytes	Disease				local_kg_curated
LFS:COND:Uric_acid_measurement	Uric acid measurement	Disease				local_kg_curated
LFS:COND:Melanoma	Melanoma	Disease				local_kg_curated
NCBITaxon:1521	Ruminiclostridium cellulolyticum	Microbe			species	local_kg_curated
NCBITaxon:36832	Lacrimispora aerotolerans	Microbe			species	local_kg_curated
LFS:COND:Fibrosarcoma	Fibrosarcoma	Disease				local_kg_curated
NCBITaxon:1417852	Flintibacter butyricus	Microbe			species	local_kg_curated
NCBITaxon:1841857	Culturomica massiliensis	Microbe			species	local_kg_curated
NCBITaxon:394340	Adlercreutzia equolifaciens subsp. celatus	Microbe			species	local_kg_curated
NCBITaxon:626929	Bacteroides clarus	Microbe			species	local_kg_curated
LFS:COND:Renal_cell_carcinoma	Renal cell carcinoma	Disease				local_kg_curated
NCBITaxon:1605	Ligilactobacillus animalis	Microbe			species	local_kg_curated
LFS:COND:Response_to_vancomycin	Response to vancomycin	Disease				local_kg_curated
LFS:COND:Birth_measurement	Birth measurement	Disease				local_kg_curated
NCBITaxon:1917865	Sediminibacterium sp.	Microbe			species	local_kg_curated
NCBITaxon:1971214	Peptoniphilus sp.	Microbe			species	local_kg_curated
NCBITaxon:796942	Stomatobaculum longum	Microbe			species	local_kg_curated
NCBITaxon:35519	Mogibacterium timidum	Microbe			species	local_kg_curated
NCBITaxon:726	Haemophilus haemolyticus	Microbe			species	local_kg_curated
NCBITaxon:2047	Rothia dentocariosa	Microbe			species	local_kg_curated
NCBITaxon:28449	Neisseria subflava	Microbe			species	local_kg_curated
NCBITaxon:985266	Moraxella sp. S2	Microbe			species	local_kg_curated
LFS:COND:Cirrhosis_of_liver	Cirrhosis of liver	Disease				local_kg_curated
LFS:COND:Lymph_node_metastatic_carcinoma	Lymph node metastatic carcinoma	Disease				local_kg_curated
LFS:COND:Serotonin	Serotonin	Disease				local_kg_curated
LFS:COND:Brain_derived_neurotrophic_factor_measurement	Brain-derived neurotrophic factor measurement	Disease				local_kg_curated
LFS:COND:Glucagon_like_peptide_1_measurement	Glucagon-like peptide-1 measurement	Disease				local_kg_curated
LFS:COND:Gonorrhea	Gonorrhea	Disease				local_kg_curated
LFS:COND:Diabetic_nephropathy	Diabetic nephropathy	Disease				local_kg_curated
NCBITaxon:1221381	uncultured Kopriimonas sp.	Microbe			species	local_kg_curated
NCBITaxon:2053618	Subdoligranulum sp.	Microbe			species	local_kg_curated
NCBITaxon:1211	uncultured cyanobacterium	Microbe			species	local_kg_curated
LFS:COND:Creatinine	Creatinine	Disease				local_kg_curated
LFS:COND:Gamma_glutamyl_transpeptidase_deficiency	Gamma-glutamyl transpeptidase deficiency	Disease				local_kg_curated
LFS:COND:Uric_acid	Uric acid	Disease				local_kg_curated
LFS:COND:Bilirubin	Bilirubin	Disease				local_kg_curated
LFS:COND:Otitis_media_Otitis_externa	Otitis media,Otitis externa	Disease				local_kg_curated
LFS:COND:Otitis_externa_Otitis_media	Otitis externa,Otitis media	Disease				local_kg_curated
NCBITaxon:349920	uncultured Coriobacteriales bacterium	Microbe			species	local_kg_curated
NCBITaxon:2735681	uncultured Frankiales bacterium	Microbe			species	local_kg_curated
NCBITaxon:271151	uncultured Rhizobiaceae bacterium	Microbe			species	local_kg_curated
NCBITaxon:194926	uncultured Desulfovibrionaceae bacterium	Microbe			species	local_kg_curated
NCBITaxon:666559	uncultured Erysipelotrichia bacterium	Microbe			species	local_kg_curated
NCBITaxon:2485925	Oscillospiraceae bacterium	Microbe			species	local_kg_curated
LFS:COND:Genotyping_design	Genotyping design	Disease				local_kg_curated
LFS:COND:Response_to_exercise	Response to exercise	Disease				local_kg_curated
LFS:COND:Energy_expenditure	Energy expenditure	Disease				local_kg_curated
NCBITaxon:1924094	Anaeromassilibacillus sp.	Microbe			species	local_kg_curated
LFS:COND:Energy_intake	Energy intake	Disease				local_kg_curated
LFS:COND:Carbohydrate_intake_measurement	Carbohydrate intake measurement	Disease				local_kg_curated
NCBITaxon:2048138	Agathobaculum sp.	Microbe			species	local_kg_curated
LFS:COND:Trans_fatty_acid_measurement	Trans fatty acid measurement	Disease				local_kg_curated
NCBITaxon:876	Desulfovibrio desulfuricans	Microbe			species	local_kg_curated
LFS:COND:Cholesterol	Cholesterol	Disease				local_kg_curated
LFS:COND:Hemoglobin_A1_measurement	Hemoglobin A1 measurement	Disease				local_kg_curated
LFS:COND:Beverage_consumption_measurement	Beverage consumption measurement	Disease				local_kg_curated
NCBITaxon:1625	Fructilactobacillus sanfranciscensis	Microbe			species	local_kg_curated
LFS:COND:Response_to_immune_checkpoint_inhibitor	Response to immune checkpoint inhibitor	Disease				local_kg_curated
NCBITaxon:1263000	Firmicutes bacterium CAG:110	Microbe			species	local_kg_curated
NCBITaxon:1299998	Tractidigestivibacter scatoligenes	Microbe			species	local_kg_curated
NCBITaxon:1653434	Sellimonas intestinalis	Microbe			species	local_kg_curated
NCBITaxon:1262954	Ruminococcus sp. CAG:330	Microbe			species	local_kg_curated
NCBITaxon:2292283	Bacteroides sp. OM05-12	Microbe			species	local_kg_curated
NCBITaxon:437898	Sutterella parvirubra	Microbe			species	local_kg_curated
LFS:COND:Antibody_measurement	Antibody measurement	Disease				local_kg_curated
NCBITaxon:53443	Blautia hydrogenotrophica	Microbe			species	local_kg_curated
LFS:COND:Adenomyosis	Adenomyosis	Disease				local_kg_curated
LFS:COND:Mycobacterium_tuberculosis_Lung_cancer	Mycobacterium tuberculosis,Lung cancer	Disease				local_kg_curated
NCBITaxon:1283	Staphylococcus haemolyticus	Microbe			species	local_kg_curated
LFS:COND:Mycobacterium_tuberculosis	Mycobacterium tuberculosis	Disease				local_kg_curated
NCBITaxon:305	Ralstonia solanacearum	Microbe			species	local_kg_curated
NCBITaxon:2099584	Streptomyces sp. ICC4	Microbe			species	local_kg_curated
LFS:COND:Mastitis	Mastitis	Disease				local_kg_curated
NCBITaxon:1151637	Clostridiales bacterium canine oral taxon 260	Microbe			species	local_kg_curated
NCBITaxon:1230734	Clostridiales bacterium S5-A14a	Microbe			species	local_kg_curated
LFS:COND:Cutaneous_melanoma	Cutaneous melanoma	Disease				local_kg_curated
LFS:COND:Breed	Breed	Disease				local_kg_curated
LFS:COND:Sample_splitting	Sample splitting	Disease				local_kg_curated
LFS:COND:Intestinal_helminthiasis	Intestinal helminthiasis	Disease				local_kg_curated
LFS:COND:Vaginitis	Vaginitis	Disease				local_kg_curated
LFS:COND:Iron_biomarker_measurement	Iron biomarker measurement	Disease				local_kg_curated
LFS:COND:Brain_growth_measurement	Brain growth measurement	Disease				local_kg_curated
LFS:COND:Meningioma	Meningioma	Disease				local_kg_curated
LFS:COND:Malignant_glioma	Malignant glioma	Disease				local_kg_curated
LFS:COND:Freeze_dried_specimen	Freeze dried specimen	Disease				local_kg_curated
NCBITaxon:1115758	Romboutsia ilealis	Microbe			species	local_kg_curated
NCBITaxon:1622	Ligilactobacillus murinus	Microbe			species	local_kg_curated
NCBITaxon:28026	Bifidobacterium pseudocatenulatum	Microbe			species	local_kg_curated
NCBITaxon:151781	Lactobacillus intestinalis	Microbe			species	local_kg_curated
LFS:COND:Interleukin_6_measurement	Interleukin-6 measurement	Disease				local_kg_curated
LFS:COND:Tumor_necrosis_factor_alpha_measurement	Tumor necrosis factor-alpha measurement	Disease				local_kg_curated
LFS:COND:Cutaneous_T_cell_lymphoma	Cutaneous T-cell lymphoma	Disease				local_kg_curated
NCBITaxon:1307	Streptococcus suis	Microbe			species	local_kg_curated
NCBITaxon:158787	Bifidobacterium scardovii	Microbe			species	local_kg_curated
LFS:COND:Perceived_unattractiveness_to_mosquitos_measurement	Perceived unattractiveness to mosquitos measurement	Disease				local_kg_curated
NCBITaxon:114708	uncultured Variovorax sp.	Microbe			species	local_kg_curated
NCBITaxon:66219	Lachnoclostridium phytofermentans	Microbe			species	local_kg_curated
LFS:COND:Lung_transplantation	Lung transplantation	Disease				local_kg_curated
LFS:COND:Bacterial_vaginosis_Human_papilloma_virus_infection	Bacterial vaginosis,Human papilloma virus infection	Disease				local_kg_curated
LFS:COND:Human_papilloma_virus_infection_Cervical_intraepithelial_neoplasia	Human papilloma virus infection,Cervical intraepithelial neoplasia	Disease				local_kg_curated
LFS:COND:Bacterial_vaginosis_Cervical_intraepithelial_neoplasia_Human_papilloma_virus_infection	Bacterial vaginosis,Cervical intraepithelial neoplasia,Human papilloma virus infection	Disease				local_kg_curated
LFS:COND:Cervical_intraepithelial_neoplasia_Human_papilloma_virus_infection	Cervical intraepithelial neoplasia,Human papilloma virus infection	Disease				local_kg_curated
LFS:COND:Upper_digestive_tract_disease	Upper digestive tract disease	Disease				local_kg_curated
LFS:COND:Helicobacter_pylori	Helicobacter pylori	Disease				local_kg_curated
LFS:COND:Light	Light	Disease				local_kg_curated
NCBITaxon:163601	TM7 phylum sp. oral clone CW040	Microbe			species	local_kg_curated
LFS:COND:Response_to_exercise_Response_to_diet	Response to exercise,Response to diet	Disease				local_kg_curated
NCBITaxon:2081702	Actinomyces sp. oral taxon 897	Microbe			species	local_kg_curated
NCBITaxon:223967	Methylorubrum populi	Microbe			species	local_kg_curated
NCBITaxon:638619	Bifidobacterium actinocoloniiforme	Microbe			species	local_kg_curated
NCBITaxon:197614	Streptococcus pasteurianus	Microbe			species	local_kg_curated
NCBITaxon:191610	Corynebacterium atypicum	Microbe			species	local_kg_curated
NCBITaxon:2026240	Klebsiella quasivariicola	Microbe			species	local_kg_curated
LFS:COND:Non_alcoholic_fatty_liver_disease_severity_measurement	Non-alcoholic fatty liver disease severity measurement	Disease				local_kg_curated
LFS:COND:Positive_regulation_of_defecation	Positive regulation of defecation	Disease				local_kg_curated
LFS:COND:Peptide_measurement	Peptide measurement	Disease				local_kg_curated
LFS:COND:Fatty_acid_measurement	Fatty acid measurement	Disease				local_kg_curated
LFS:COND:Gastrin_secretion_abnormality	Gastrin secretion abnormality	Disease				local_kg_curated
LFS:COND:Acetic_acid	Acetic acid	Disease				local_kg_curated
LFS:COND:Cellular_protein_metabolic_process	Cellular protein metabolic process	Disease				local_kg_curated
LFS:COND:Endothelin_1	Endothelin-1	Disease				local_kg_curated
LFS:COND:COVID_19_symptoms_measurement	COVID-19 symptoms measurement	Disease				local_kg_curated
NCBITaxon:52773	Schaalia meyeri	Microbe			species	local_kg_curated
NCBITaxon:85698	Achromobacter xylosoxidans	Microbe			species	local_kg_curated
NCBITaxon:40542	Leptotrichia buccalis	Microbe			species	local_kg_curated
NCBITaxon:1396	Bacillus cereus	Microbe			species	local_kg_curated
NCBITaxon:1679	Bifidobacterium longum subsp. longum	Microbe			species	local_kg_curated
NCBITaxon:1981025	Sutterella sp.	Microbe			species	local_kg_curated
NCBITaxon:626932	Alistipes indistinctus	Microbe			species	local_kg_curated
NCBITaxon:2774292	Lachnobacterium sp.	Microbe			species	local_kg_curated
NCBITaxon:2023260	Megasphaera sp.	Microbe			species	local_kg_curated
NCBITaxon:38289	Corynebacterium jeikeium	Microbe			species	local_kg_curated
NCBITaxon:10357	Betaherpesvirinae	Microbe			species	local_kg_curated
NCBITaxon:155892	Caulobacter vibrioides	Microbe			species	local_kg_curated
LFS:COND:Dermatomyositis	Dermatomyositis	Disease				local_kg_curated
LFS:COND:Alzheimer_s_disease_biomarker_measurement	Alzheimer's disease biomarker measurement	Disease				local_kg_curated
LFS:COND:Menstrual_disorder	Menstrual disorder	Disease				local_kg_curated
LFS:COND:Disease_prognosis_measurement	Disease prognosis measurement	Disease				local_kg_curated
NCBITaxon:41274	Tissierella sp.	Microbe			species	local_kg_curated
NCBITaxon:39497	Eubacterium xylanophilum	Microbe			species	local_kg_curated
NCBITaxon:1486937	Prevotella sp. 1-8	Microbe			species	local_kg_curated
LFS:COND:Compound_based_treatment	Compound based treatment	Disease				local_kg_curated
NCBITaxon:397290	Lachnospiraceae bacterium A2	Microbe			species	local_kg_curated
NCBITaxon:626934	Slackia piriformis	Microbe			species	local_kg_curated
LFS:COND:Atrophic_gastritis	Atrophic gastritis	Disease				local_kg_curated
LFS:COND:Gastric_Metaplasia	Gastric Metaplasia	Disease				local_kg_curated
LFS:COND:Metastatic_colorectal_cancer	Metastatic colorectal cancer	Disease				local_kg_curated
LFS:COND:Periodontitis_Crohn_s_disease	Periodontitis,Crohn's disease	Disease				local_kg_curated
NCBITaxon:1151733	TM7 phylum sp. canine oral taxon 237	Microbe			species	local_kg_curated
LFS:COND:Periodontal_Pocket	Periodontal Pocket	Disease				local_kg_curated
NCBITaxon:1365	Pseudolactococcus plantarum	Microbe			species	local_kg_curated
LFS:COND:Distal_colitis_Pancolitis	Distal colitis,Pancolitis	Disease				local_kg_curated
NCBITaxon:342942	Mediterraneibacter glycyrrhizinilyticus	Microbe			species	local_kg_curated
LFS:COND:Ileocolitis	Ileocolitis	Disease				local_kg_curated
NCBITaxon:1583	Weissella confusa	Microbe			species	local_kg_curated
NCBITaxon:2053632	Tyzzerella sp.	Microbe			species	local_kg_curated
NCBITaxon:1965233	Odoribacter sp.	Microbe			species	local_kg_curated
NCBITaxon:76122	Alloprevotella tannerae	Microbe			species	local_kg_curated
NCBITaxon:205	Campylobacter sp.	Microbe			species	local_kg_curated
NCBITaxon:2049034	Mitsuokella sp.	Microbe			species	local_kg_curated
NCBITaxon:159272	uncultured Prevotella sp.	Microbe			species	local_kg_curated
NCBITaxon:630129	Bifidobacterium catenulatum subsp. kashiwanohense	Microbe			species	local_kg_curated
LFS:COND:Human_african_trypanosomiasis	Human african trypanosomiasis	Disease				local_kg_curated
LFS:COND:Brain_neoplasm	Brain neoplasm	Disease				local_kg_curated
LFS:COND:Parkinson_s_disease_symptom_measurement	Parkinson's disease symptom measurement	Disease				local_kg_curated
LFS:COND:Tongue_disease	Tongue disease	Disease				local_kg_curated
LFS:COND:Metabolite_measurement	Metabolite measurement	Disease				local_kg_curated
LFS:COND:Insulin_measurement	Insulin measurement	Disease				local_kg_curated
LFS:COND:Waist_hip_ratio	Waist-hip ratio	Disease				local_kg_curated
LFS:COND:Androstenedione_measurement	Androstenedione measurement	Disease				local_kg_curated
LFS:COND:Dehydroepiandrosterone_sulphate_measurement	Dehydroepiandrosterone sulphate measurement	Disease				local_kg_curated
LFS:COND:Lichen_planopilaris	Lichen planopilaris	Disease				local_kg_curated
NCBITaxon:384638	[Bacteroides] pectinophilus	Microbe			species	local_kg_curated
NCBITaxon:1262979	Tannerella sp. CAG:51	Microbe			species	local_kg_curated
LFS:COND:Prostate_carcinoma	Prostate carcinoma	Disease				local_kg_curated
NCBITaxon:164546	Cupriavidus taiwanensis	Microbe			species	local_kg_curated
NCBITaxon:54007	Anaerococcus octavius	Microbe			species	local_kg_curated
NCBITaxon:545	Citrobacter koseri	Microbe			species	local_kg_curated
NCBITaxon:454154	Paraprevotella clara	Microbe			species	local_kg_curated
LFS:COND:Increased_inflammatory_response	Increased inflammatory response	Disease				local_kg_curated
NCBITaxon:861	Fusobacterium ulcerans	Microbe			species	local_kg_curated
NCBITaxon:202789	Actinobaculum massiliense	Microbe			species	local_kg_curated
NCBITaxon:33012	Propionimicrobium lymphophilum	Microbe			species	local_kg_curated
NCBITaxon:59505	Actinotignum schaalii	Microbe			species	local_kg_curated
NCBITaxon:103892	Veillonella ratti	Microbe			species	local_kg_curated
LFS:COND:Blepharitis	Blepharitis	Disease				local_kg_curated
NCBITaxon:2842412	Enquatrovirinae	Microbe			species	local_kg_curated
NCBITaxon:2126319	Variovorax sp. PMC12	Microbe			species	local_kg_curated
NCBITaxon:1827285	Acinetobacter sp. MYb10	Microbe			species	local_kg_curated
LFS:COND:Kidney_transplant	Kidney transplant	Disease				local_kg_curated
NCBITaxon:1750560	Parabacteroides massiliensis	Microbe			species	local_kg_curated
NCBITaxon:1193534	uncultured Flavonifractor sp.	Microbe			species	local_kg_curated
LFS:COND:Papillary_thyroid_carcinoma	Papillary thyroid carcinoma	Disease				local_kg_curated
LFS:COND:Hormone	Hormone	Disease				local_kg_curated
LFS:COND:Antibody	Antibody	Disease				local_kg_curated
LFS:COND:Biliary_atresia	Biliary atresia	Disease				local_kg_curated
LFS:COND:Glucose	Glucose	Disease				local_kg_curated
NCBITaxon:261299	Intestinibacter bartlettii	Microbe			species	local_kg_curated
LFS:COND:Insulin	Insulin	Disease				local_kg_curated
LFS:COND:Interleukin_17_measurement	Interleukin 17 measurement	Disease				local_kg_curated
LFS:COND:Monocyte_chemotactic_protein_1_measurement	Monocyte chemotactic protein 1 measurement	Disease				local_kg_curated
LFS:COND:Interleukin_4_measurement	Interleukin 4 measurement	Disease				local_kg_curated
LFS:COND:Macrophage_inflammatory_protein_1a_measurement	Macrophage inflammatory protein 1a measurement	Disease				local_kg_curated
LFS:COND:CXCL10_measurement	CXCL10 measurement	Disease				local_kg_curated
LFS:COND:Interleukin_8_measurement	Interleukin 8 measurement	Disease				local_kg_curated
LFS:COND:CCL5_measurement	CCL5 measurement	Disease				local_kg_curated
LFS:COND:Interferon_gamma_measurement	Interferon gamma measurement	Disease				local_kg_curated
LFS:COND:Macrophage_inflammatory_protein_1b_measurement	Macrophage inflammatory protein 1b measurement	Disease				local_kg_curated
LFS:COND:Blastocystis_hominis_infectious_disease	Blastocystis hominis infectious disease	Disease				local_kg_curated
NCBITaxon:226910	Pseudomonas batumici	Microbe			species	local_kg_curated
LFS:COND:Small_for_gestational_age	Small for gestational age	Disease				local_kg_curated
NCBITaxon:329	Ralstonia pickettii	Microbe			species	local_kg_curated
LFS:COND:Neurodevelopmental_delay	Neurodevelopmental delay	Disease				local_kg_curated
NCBITaxon:1862668	Ileibacterium valens	Microbe			species	local_kg_curated
LFS:COND:CD8_positive_T_lymphocyte_count	CD8-positive T-lymphocyte count	Disease				local_kg_curated
LFS:COND:Non_high_density_lipoprotein_cholesterol_measurement	Non-high density lipoprotein cholesterol measurement	Disease				local_kg_curated
LFS:COND:C_peptide_measurement	C-peptide measurement	Disease				local_kg_curated
LFS:COND:Ulcerative_proctosigmoiditis	Ulcerative proctosigmoiditis	Disease				local_kg_curated
LFS:COND:Sickle_cell_anemia	Sickle cell anemia	Disease				local_kg_curated
NCBITaxon:1816689	Sutterella massiliensis	Microbe			species	local_kg_curated
LFS:COND:Sickle_cell_disease_associated_with_an_other_hemoglobin_anomaly	Sickle cell disease associated with an other hemoglobin anomaly	Disease				local_kg_curated
NCBITaxon:157673	[Mannheimia] succiniciproducens	Microbe			species	local_kg_curated
LFS:COND:Transport	Transport	Disease				local_kg_curated
NCBITaxon:63612	Sodalis glossinidius	Microbe			species	local_kg_curated
NCBITaxon:245188	Yoonia vestfoldensis	Microbe			species	local_kg_curated
NCBITaxon:33903	Streptomyces avermitilis	Microbe			species	local_kg_curated
NCBITaxon:408	Methylorubrum extorquens	Microbe			species	local_kg_curated
NCBITaxon:34085	Riemerella anatipestifer	Microbe			species	local_kg_curated
NCBITaxon:43305	Butyrivibrio proteoclasticus	Microbe			species	local_kg_curated
LFS:COND:Breastfeeding_duration_Transport	Breastfeeding duration,Transport	Disease				local_kg_curated
LFS:COND:Primary_bacterial_infectious_disease	Primary bacterial infectious disease	Disease				local_kg_curated
NCBITaxon:1376	Aerococcus urinae	Microbe			species	local_kg_curated
LFS:COND:Hormone_replacement_therapy	Hormone replacement therapy	Disease				local_kg_curated
NCBITaxon:1313	Streptococcus pneumoniae	Microbe			species	local_kg_curated
LFS:COND:Down_syndrome	Down syndrome	Disease				local_kg_curated
NCBITaxon:490	Neisseria sicca	Microbe			species	local_kg_curated
NCBITaxon:739	Aggregatibacter segnis	Microbe			species	local_kg_curated
NCBITaxon:1870991	Massilioclostridium coli	Microbe			species	local_kg_curated
LFS:COND:Glucose_metabolism_measurement	Glucose metabolism measurement	Disease				local_kg_curated
LFS:COND:Cervical_squamous_cell_carcinoma	Cervical squamous cell carcinoma	Disease				local_kg_curated
LFS:COND:Response_to_radiation	Response to radiation	Disease				local_kg_curated
NCBITaxon:487173	Dialister succinatiphilus	Microbe			species	local_kg_curated
NCBITaxon:46867	Clostridium chauvoei	Microbe			species	local_kg_curated
NCBITaxon:47246	[Clostridium] viride	Microbe			species	local_kg_curated
NCBITaxon:29364	[Clostridium] polysaccharolyticum	Microbe			species	local_kg_curated
NCBITaxon:138595	Olsenella profusa	Microbe			species	local_kg_curated
NCBITaxon:361365	Tindallia texcoconensis	Microbe			species	local_kg_curated
NCBITaxon:342666	Gracilibacter thermotolerans	Microbe			species	local_kg_curated
NCBITaxon:180332	Robinsoniella peoriensis	Microbe			species	local_kg_curated
NCBITaxon:69825	Lacrimispora indolis	Microbe			species	local_kg_curated
NCBITaxon:259063	Anaerocolumna jejuensis	Microbe			species	local_kg_curated
LFS:COND:Vitamin_supplement_exposure_measurement	Vitamin supplement exposure measurement	Disease				local_kg_curated
NCBITaxon:1352374	Ruminococcus sp. YE78	Microbe			species	local_kg_curated
NCBITaxon:1686378	Citrobacter sp. MGH103	Microbe			species	local_kg_curated
LFS:COND:Vitamin_D	Vitamin D	Disease				local_kg_curated
NCBITaxon:762210	Bifidobacterium saguini	Microbe			species	local_kg_curated
NCBITaxon:267212	Neisseria bacilliformis	Microbe			species	local_kg_curated
NCBITaxon:1898956	Ottowia sp.	Microbe			species	local_kg_curated
NCBITaxon:286138	uncultured Dorea sp.	Microbe			species	local_kg_curated
NCBITaxon:850	Fusobacterium mortiferum	Microbe			species	local_kg_curated
NCBITaxon:237778	uncultured Neisseria sp.	Microbe			species	local_kg_curated
NCBITaxon:163588	Actinomyces sp. oral clone DR002	Microbe			species	local_kg_curated
NCBITaxon:1737424	Blautia massiliensis (ex Durand et al. 2017)	Microbe			species	local_kg_curated
LFS:COND:Menopausal_or_post_menopausal_disease	Menopausal or post-menopausal disease	Disease				local_kg_curated
LFS:COND:Abnormality_of_the_respiratory_system	Abnormality of the respiratory system	Disease				local_kg_curated
NCBITaxon:2093824	Nanosynbacter lyticus	Microbe			species	local_kg_curated
LFS:COND:Meningeal_tuberculosis	Meningeal tuberculosis	Disease				local_kg_curated
LFS:COND:Memory_impairment	Memory impairment	Disease				local_kg_curated
LFS:COND:Myostatin_related_muscle_hypertrophy	Myostatin-related muscle hypertrophy	Disease				local_kg_curated
LFS:COND:Cognitive_impairment_measurement	Cognitive impairment measurement	Disease				local_kg_curated
LFS:COND:White_matter_volume_measurement	White matter volume measurement	Disease				local_kg_curated
LFS:COND:Cerebrospinal_fluid_volume_measurement	Cerebrospinal fluid volume measurement	Disease				local_kg_curated
LFS:COND:Hippocampal_volume	Hippocampal volume	Disease				local_kg_curated
LFS:COND:Interferon_gamma	Interferon gamma	Disease				local_kg_curated
LFS:COND:Interleukin_2_measurement	Interleukin 2 measurement	Disease				local_kg_curated
LFS:COND:Language_measurement	Language measurement	Disease				local_kg_curated
LFS:COND:Body_mass_index_Physical_activity	Body mass index,Physical activity	Disease				local_kg_curated
LFS:COND:Lung_cancer_Pulmonary_tuberculosis	Lung cancer,Pulmonary tuberculosis	Disease				local_kg_curated
LFS:COND:Pulmonary_tuberculosis_Pneumonia	Pulmonary tuberculosis,Pneumonia	Disease				local_kg_curated
LFS:COND:Lung_cancer_Pneumonia	Lung cancer,Pneumonia	Disease				local_kg_curated
LFS:COND:Response_to_oxcarbazepine	Response to oxcarbazepine	Disease				local_kg_curated
LFS:COND:Infant_head_circumference	Infant head circumference	Disease				local_kg_curated
NCBITaxon:71999	Kocuria palustris	Microbe			species	local_kg_curated
LFS:COND:Curcumin	Curcumin	Disease				local_kg_curated
NCBITaxon:83427	uncultured Streptococcus sp.	Microbe			species	local_kg_curated
NCBITaxon:165185	uncultured Eubacterium sp.	Microbe			species	local_kg_curated
NCBITaxon:1757166	uncultured Ruminiclostridium sp.	Microbe			species	local_kg_curated
NCBITaxon:45242	Capnocytophaga granulosa	Microbe			species	local_kg_curated
NCBITaxon:209285	Thermochaetoides thermophila	Microbe			species	local_kg_curated
NCBITaxon:128442	Talaromyces pinophilus	Microbe			species	local_kg_curated
NCBITaxon:879612	Megasphaera indica	Microbe			species	local_kg_curated
LFS:COND:Lewy_body_dementia	Lewy body dementia	Disease				local_kg_curated
LFS:COND:Respiratory_tract_infectious_disease	Respiratory tract infectious disease	Disease				local_kg_curated
NCBITaxon:1156431	Streptococcus ilei	Microbe			species	local_kg_curated
NCBITaxon:485	Neisseria gonorrhoeae	Microbe			species	local_kg_curated
LFS:COND:Immune_system_disease	Immune system disease	Disease				local_kg_curated
NCBITaxon:482957	Burkholderia lata	Microbe			species	local_kg_curated
LFS:COND:Specimen	Specimen	Disease				local_kg_curated
NCBITaxon:152480	Burkholderia ambifaria	Microbe			species	local_kg_curated
NCBITaxon:598660	Corynebacterium pyruviciproducens	Microbe			species	local_kg_curated
NCBITaxon:1723384	Fenollaria timonensis	Microbe			species	local_kg_curated
LFS:COND:Hypercholesterolemia	Hypercholesterolemia	Disease				local_kg_curated
LFS:COND:Interaction_with_host	Interaction with host	Disease				local_kg_curated
NCBITaxon:2320082	Anaerotruncus sp. 1XD22-93	Microbe			species	local_kg_curated
NCBITaxon:158847	Megamonas hypermegale	Microbe			species	local_kg_curated
NCBITaxon:491921	Megamonas rupellensis	Microbe			species	local_kg_curated
LFS:COND:Non_alcoholic_fatty_liver_disease_Obesity	Non-alcoholic fatty liver disease,Obesity	Disease				local_kg_curated
LFS:COND:Abnormality_of_body_weight	Abnormality of body weight	Disease				local_kg_curated
LFS:COND:Appendicitis	Appendicitis	Disease				local_kg_curated
NCBITaxon:654	Aeromonas veronii	Microbe			species	local_kg_curated
NCBITaxon:1042156	Clostridium sp. SY8519	Microbe			species	local_kg_curated
NCBITaxon:1715860	Staphylococcus sp. AntiMn-1	Microbe			species	local_kg_curated
LFS:COND:Streptococcal_infection	Streptococcal infection	Disease				local_kg_curated
NCBITaxon:1852373	Murdochiella vaginalis	Microbe			species	local_kg_curated
NCBITaxon:33032	Anaerococcus lactolyticus	Microbe			species	local_kg_curated
LFS:COND:Postpartum	Postpartum	Disease				local_kg_curated
NCBITaxon:328814	Alistipes shahii	Microbe			species	local_kg_curated
NCBITaxon:246787	Bacteroides cellulosilyticus	Microbe			species	local_kg_curated
NCBITaxon:1232426	[Collinsella] massiliensis	Microbe			species	local_kg_curated
LFS:COND:Colorectal_neoplasm	Colorectal neoplasm	Disease				local_kg_curated
NCBITaxon:102684	Streptococcus infantarius	Microbe			species	local_kg_curated
NCBITaxon:1599	Latilactobacillus sakei	Microbe			species	local_kg_curated
NCBITaxon:745368	Gemmiger formicilis	Microbe			species	local_kg_curated
NCBITaxon:566	Pseudescherichia vulneris	Microbe			species	local_kg_curated
LFS:COND:Gestational_diabetes_Obesity	Gestational diabetes,Obesity	Disease				local_kg_curated
LFS:COND:Very_long_chain_saturated_fatty_acid_measurement	Very long-chain saturated fatty acid measurement	Disease				local_kg_curated
LFS:COND:Fasting_blood_insulin_measurement	Fasting blood insulin measurement	Disease				local_kg_curated
LFS:COND:LDL_cholesterol	LDL cholesterol	Disease				local_kg_curated
LFS:COND:Triglyceride	Triglyceride	Disease				local_kg_curated
NCBITaxon:907	Megasphaera elsdenii	Microbe			species	local_kg_curated
NCBITaxon:457411	Ruminococcus sp. 5_1_39AFAA	Microbe			species	local_kg_curated
LFS:COND:Birth_weight	Birth weight	Disease				local_kg_curated
LFS:COND:Psoriasis_vulgaris	Psoriasis vulgaris	Disease				local_kg_curated
NCBITaxon:2049036	Paraprevotella sp.	Microbe			species	local_kg_curated
NCBITaxon:89153	[Clostridium] hylemonae	Microbe			species	local_kg_curated
NCBITaxon:376804	Phocaeicola barnesiae	Microbe			species	local_kg_curated
NCBITaxon:1056807	Morococcus cerebrosus	Microbe			species	local_kg_curated
NCBITaxon:596085	Prevotella aurantiaca	Microbe			species	local_kg_curated
NCBITaxon:706435	Capnocytophaga sp. oral taxon 329	Microbe			species	local_kg_curated
LFS:COND:Chronic_inflammatory_demyelinating_polyradiculoneuropathy	Chronic inflammatory demyelinating polyradiculoneuropathy	Disease				local_kg_curated
LFS:COND:Clinical_laboratory_measurement	Clinical laboratory measurement	Disease				local_kg_curated
LFS:COND:Tuberculosis_Diabetes_mellitus	Tuberculosis,Diabetes mellitus	Disease				local_kg_curated
NCBITaxon:415217	Microbacterium lacus	Microbe			species	local_kg_curated
NCBITaxon:308994	Dialister propionicifaciens	Microbe			species	local_kg_curated
NCBITaxon:38304	Corynebacterium tuberculostearicum	Microbe			species	local_kg_curated
NCBITaxon:76731	Roseateles depolymerans	Microbe			species	local_kg_curated
NCBITaxon:344338	uncultured Bacillota bacterium	Microbe			species	local_kg_curated
NCBITaxon:434126	Rarimicrobium hominis	Microbe			species	local_kg_curated
LFS:COND:Chronic_inflammatory_demyelinating_polyneuropathy	Chronic inflammatory demyelinating polyneuropathy	Disease				local_kg_curated
LFS:COND:Psychiatric_disorder	Psychiatric disorder	Disease				local_kg_curated
LFS:COND:Childhood_trauma_measurement	Childhood trauma measurement	Disease				local_kg_curated
NCBITaxon:2773922	Fusicatenibacter sp.	Microbe			species	local_kg_curated
LFS:COND:Cytokine	Cytokine	Disease				local_kg_curated
LFS:COND:HbA1c_measurement	HbA1c measurement	Disease				local_kg_curated
NCBITaxon:1550024	Ruthenibacterium lactatiformans	Microbe			species	local_kg_curated
LFS:COND:Adenomatous_colon_polyp	Adenomatous colon polyp	Disease				local_kg_curated
LFS:COND:Obesity_due_to_congenital_leptin_deficiency	Obesity due to congenital leptin deficiency	Disease				local_kg_curated
LFS:COND:Peutz_Jeghers_Polyp	Peutz-Jeghers Polyp	Disease				local_kg_curated
NCBITaxon:1263098	uncultured Parasutterella sp.	Microbe			species	local_kg_curated
NCBITaxon:1470347	Alistipes ihumii	Microbe			species	local_kg_curated
NCBITaxon:158836	Enterobacter hormaechei	Microbe			species	local_kg_curated
LFS:COND:Neutropenia	Neutropenia	Disease				local_kg_curated
LFS:COND:Neutropenia_Diffuse_large_B_cell_lymphoma	Neutropenia,Diffuse large B-cell lymphoma	Disease				local_kg_curated
LFS:COND:Non_alcoholic_fatty_liver_disease_Serum_alanine_aminotransferase_measurement	Non-alcoholic fatty liver disease,Serum alanine aminotransferase measurement	Disease				local_kg_curated
LFS:COND:Non_alcoholic_fatty_liver_disease_Aspartate_aminotransferase_measurement	Non-alcoholic fatty liver disease,Aspartate aminotransferase measurement	Disease				local_kg_curated
NCBITaxon:33945	Enterococcus avium	Microbe			species	local_kg_curated
NCBITaxon:1776391	Romboutsia timonensis	Microbe			species	local_kg_curated
NCBITaxon:158897	Pseudarthrobacter scleromae	Microbe			species	local_kg_curated
NCBITaxon:1428	Bacillus thuringiensis	Microbe			species	local_kg_curated
NCBITaxon:356829	Bifidobacterium tsurumiense	Microbe			species	local_kg_curated
LFS:COND:Spinal_cord_injury	Spinal cord injury	Disease				local_kg_curated
NCBITaxon:1262992	Firmicutes bacterium CAG:83	Microbe			species	local_kg_curated
LFS:COND:Metabolite	Metabolite	Disease				local_kg_curated
LFS:COND:Gastroenteritis	Gastroenteritis	Disease				local_kg_curated
LFS:COND:Response_to_irinotecan	Response to irinotecan	Disease				local_kg_curated
NCBITaxon:2946630	Ensavirinae	Microbe			species	local_kg_curated
NCBITaxon:1930013	Christensenellaceae bacterium Phil7	Microbe			species	local_kg_curated
LFS:COND:Obstructive_sleep_apnea	Obstructive sleep apnea	Disease				local_kg_curated
NCBITaxon:149016	Streptococcus urinalis	Microbe			species	local_kg_curated
LFS:COND:Social_anxiety_disorder	Social anxiety disorder	Disease				local_kg_curated
LFS:COND:Colitis	Colitis	Disease				local_kg_curated
LFS:COND:Colorectal_cancer_Diabetes_mellitus	Colorectal cancer,Diabetes mellitus	Disease				local_kg_curated
LFS:COND:Exposure	Exposure	Disease				local_kg_curated
NCBITaxon:1944660	Parvimonas sp.	Microbe			species	local_kg_curated
NCBITaxon:2828652	Catellicoccus sp.	Microbe			species	local_kg_curated
NCBITaxon:2071632	Cetobacterium sp.	Microbe			species	local_kg_curated
NCBITaxon:1969482	Flaviflexus sp.	Microbe			species	local_kg_curated
NCBITaxon:2745511	Pseudomonas tensinigenes	Microbe			species	local_kg_curated
NCBITaxon:406548	Aquisphaera giovannonii	Microbe			species	local_kg_curated
LFS:COND:Luminal_B_breast_carcinoma	Luminal B breast carcinoma	Disease				local_kg_curated
LFS:COND:Luminal_A_breast_carcinoma	Luminal A breast carcinoma	Disease				local_kg_curated
LFS:COND:Triple_negative_breast_cancer_HER2_Positive_Breast_Carcinoma	Triple-negative breast cancer,HER2 Positive Breast Carcinoma	Disease				local_kg_curated
LFS:COND:Ureaplasma_urealyticum_urethritis	Ureaplasma urealyticum urethritis	Disease				local_kg_curated
LFS:COND:Female_reproductive_system_disease	Female reproductive system disease	Disease				local_kg_curated
NCBITaxon:2583452	Amedibacterium intestinale	Microbe			species	local_kg_curated
LFS:COND:Antimicrobial_agent_Amoxicillin	Antimicrobial agent,Amoxicillin	Disease				local_kg_curated
LFS:COND:Beta_2_microglobulin_measurement	Beta-2 microglobulin measurement	Disease				local_kg_curated
LFS:COND:Natriuretic_peptides_B_measurement	Natriuretic peptides B measurement	Disease				local_kg_curated
LFS:COND:Vitamin_D_measurement	Vitamin D measurement	Disease				local_kg_curated
NCBITaxon:256850	uncultured Paenibacillaceae bacterium	Microbe			species	local_kg_curated
NCBITaxon:1780377	Coriobacteriaceae bacterium CHKCI002	Microbe			species	local_kg_curated
NCBITaxon:77133	uncultured bacterium	Microbe			species	local_kg_curated
LFS:COND:Neonatal_death	Neonatal death	Disease				local_kg_curated
NCBITaxon:33025	Phascolarctobacterium faecium	Microbe			species	local_kg_curated
LFS:COND:Fungal_infectious_disease	Fungal infectious disease	Disease				local_kg_curated
LFS:COND:Chronic_rhinitis	Chronic rhinitis	Disease				local_kg_curated
LFS:COND:Sample_collection_protocol	Sample collection protocol	Disease				local_kg_curated
LFS:COND:Postmenopausal_osteoporosis	Postmenopausal osteoporosis	Disease				local_kg_curated
NCBITaxon:1221567	Ralstonia sp. 1-6	Microbe			species	local_kg_curated
NCBITaxon:42661	Udeniomyces pyricola	Microbe			species	local_kg_curated
NCBITaxon:2016221	Cladosporium kenpeggii	Microbe			species	local_kg_curated
NCBITaxon:2489165	Hydnobolites roseus	Microbe			species	local_kg_curated
NCBITaxon:181171	Vanrija longa	Microbe			species	local_kg_curated
NCBITaxon:1220210	Aspergillus tennesseensis	Microbe			species	local_kg_curated
NCBITaxon:1664392	Milospium graphideorum	Microbe			species	local_kg_curated
LFS:COND:Atrial_fibrillation	Atrial fibrillation	Disease				local_kg_curated
NCBITaxon:1019	Capnocytophaga sputigena	Microbe			species	local_kg_curated
NCBITaxon:671218	Alloprevotella rava	Microbe			species	local_kg_curated
NCBITaxon:840	Hoylesella loescheii	Microbe			species	local_kg_curated
LFS:COND:Heart_failure	Heart failure	Disease				local_kg_curated
NCBITaxon:91626	Mucor ambiguus	Microbe			species	local_kg_curated
NCBITaxon:796027	Sugiyamaella lignohabitans	Microbe			species	local_kg_curated
NCBITaxon:1803374	Rhizophagus sp. MUCL 43196	Microbe			species	local_kg_curated
NCBITaxon:4896	Schizosaccharomyces pombe	Microbe			species	local_kg_curated
NCBITaxon:1230097	Cytospora leucostoma	Microbe			species	local_kg_curated
NCBITaxon:718367	Peniophora sp. CBMAI 1063	Microbe			species	local_kg_curated
LFS:COND:C_reactive_protein_measurement	C-reactive protein measurement	Disease				local_kg_curated
NCBITaxon:33203	Purpureocillium lilacinum	Microbe			species	local_kg_curated
LFS:COND:Aspartate_aminotransferase_measurement	Aspartate aminotransferase measurement	Disease				local_kg_curated
LFS:COND:Colorectal_adenoma_Colorectal_cancer	Colorectal adenoma,Colorectal cancer	Disease				local_kg_curated
NCBITaxon:626940	Phascolarctobacterium succinatutens	Microbe			species	local_kg_curated
LFS:COND:Time	Time	Disease				local_kg_curated
LFS:COND:Drug_resistant_tuberculosis_Multidrug_resistant_tuberculosis	Drug-resistant tuberculosis,Multidrug-resistant tuberculosis	Disease				local_kg_curated
NCBITaxon:1262986	Proteobacteria bacterium CAG:139	Microbe			species	local_kg_curated
NCBITaxon:712888	Actinobaculum sp. oral taxon 183	Microbe			species	local_kg_curated
LFS:COND:Iron	Iron	Disease				local_kg_curated
NCBITaxon:2710826	Coprococcus sp. ART55_1	Microbe			species	local_kg_curated
LFS:COND:Cachexia	Cachexia	Disease				local_kg_curated
NCBITaxon:1602169	Prevotella pectinovora	Microbe			species	local_kg_curated
NCBITaxon:2293030	Clostridium sp. AM34-9AC	Microbe			species	local_kg_curated
NCBITaxon:84024	Clostridium disporicum	Microbe			species	local_kg_curated
NCBITaxon:1262756	Blautia sp. CAG:257	Microbe			species	local_kg_curated
NCBITaxon:291644	Bacteroides salyersiae	Microbe			species	local_kg_curated
NCBITaxon:51160	Treponema maltophilum	Microbe			species	local_kg_curated
NCBITaxon:76856	Fusobacterium nucleatum subsp. nucleatum	Microbe			species	local_kg_curated
LFS:COND:Type_II_diabetes_mellitus_Chronic_periodontitis	Type II diabetes mellitus,Chronic periodontitis	Disease				local_kg_curated
NCBITaxon:3697539	Amaranthoideae	Microbe			species	local_kg_curated
LFS:COND:Viral_pneumonia	Viral pneumonia	Disease				local_kg_curated
NCBITaxon:10241	Chordopoxvirinae	Microbe			species	local_kg_curated
NCBITaxon:207551	Eubacterium sp. oral clone FX028	Microbe			species	local_kg_curated
NCBITaxon:89014	Blautia luti	Microbe			species	local_kg_curated
NCBITaxon:471189	Gordonibacter pamelaeae	Microbe			species	local_kg_curated
NCBITaxon:1897011	Oscillibacter sp. 57_20	Microbe			species	local_kg_curated
NCBITaxon:1432052	Eisenbergiella tayi	Microbe			species	local_kg_curated
LFS:COND:Liver_enzyme_measurement	Liver enzyme measurement	Disease				local_kg_curated
LFS:COND:Gut_microbiome_measurement	Gut microbiome measurement	Disease				local_kg_curated
NCBITaxon:190721	Ralstonia insidiosa	Microbe			species	local_kg_curated
NCBITaxon:1869227	bacterium	Microbe			species	local_kg_curated
LFS:COND:Mean_arterial_pressure	Mean arterial pressure	Disease				local_kg_curated
LFS:COND:Oral_cavity_carcinoma	Oral cavity carcinoma	Disease				local_kg_curated
NCBITaxon:2490633	Streptococcus periodonticum	Microbe			species	local_kg_curated
NCBITaxon:33907	Pseudonocardia alni	Microbe			species	local_kg_curated
NCBITaxon:1683	Bifidobacterium angulatum	Microbe			species	local_kg_curated
LFS:COND:Hematopoietic_stem_cell	Hematopoietic stem cell	Disease				local_kg_curated
LFS:COND:Gastrointestinal_mucositis	Gastrointestinal mucositis	Disease				local_kg_curated
NCBITaxon:29348	Thomasclavelia spiroformis	Microbe			species	local_kg_curated
NCBITaxon:147207	Collinsella intestinalis	Microbe			species	local_kg_curated
LFS:COND:Cervix_erosion	Cervix erosion	Disease				local_kg_curated
NCBITaxon:57732	Enterococcus asini	Microbe			species	local_kg_curated
NCBITaxon:1288	Staphylococcus xylosus	Microbe			species	local_kg_curated
LFS:COND:Essential_tremor	Essential tremor	Disease				local_kg_curated
LFS:COND:Post_COVID_19_disorder	Post-COVID-19 disorder	Disease				local_kg_curated
NCBITaxon:997829	Porphyromonas sp. KLE 1280	Microbe			species	local_kg_curated
NCBITaxon:79681	Tissierella creatinophila	Microbe			species	local_kg_curated
NCBITaxon:86188	Stenotrophomonas geniculata	Microbe			species	local_kg_curated
NCBITaxon:36087	Trichuris trichiura	Microbe			species	local_kg_curated
NCBITaxon:712362	Leptotrichia sp. oral taxon 221	Microbe			species	local_kg_curated
NCBITaxon:1458253	Streptococcus oralis subsp. dentisani	Microbe			species	local_kg_curated
NCBITaxon:52769	Actinomyces gerencseriae	Microbe			species	local_kg_curated
NCBITaxon:1262958	Ruminococcus sp. CAG:403	Microbe			species	local_kg_curated
NCBITaxon:1262824	Clostridium sp. CAG:58	Microbe			species	local_kg_curated
NCBITaxon:712469	Alloprevotella sp. oral taxon 473	Microbe			species	local_kg_curated
NCBITaxon:706562	[Lactobacillus] rogosae	Microbe			species	local_kg_curated
LFS:COND:Gene_deletion_library	Gene deletion library	Disease				local_kg_curated
NCBITaxon:303	Pseudomonas putida	Microbe			species	local_kg_curated
NCBITaxon:146827	Corynebacterium simulans	Microbe			species	local_kg_curated
NCBITaxon:1755241	Anaerococcus nagyae	Microbe			species	local_kg_curated
NCBITaxon:301	Ectopseudomonas oleovorans	Microbe			species	local_kg_curated
NCBITaxon:38290	Corynebacterium macginleyi	Microbe			species	local_kg_curated
NCBITaxon:1294150	uncultured Synergistia bacterium	Microbe			species	local_kg_curated
NCBITaxon:895	Desulfobulbus sp.	Microbe			species	local_kg_curated
NCBITaxon:2044939	Clostridia bacterium	Microbe			species	local_kg_curated
NCBITaxon:158877	Yokenella regensburgei	Microbe			species	local_kg_curated
NCBITaxon:158484	Cedecea davisae	Microbe			species	local_kg_curated
NCBITaxon:133448	Citrobacter youngae	Microbe			species	local_kg_curated
NCBITaxon:1873498	Hafnia sp.	Microbe			species	local_kg_curated
NCBITaxon:31973	Eggerthia catenaformis	Microbe			species	local_kg_curated
NCBITaxon:796937	Peptoanaerobacter stomatis	Microbe			species	local_kg_curated
NCBITaxon:2049030	Lachnoanaerobaculum sp.	Microbe			species	local_kg_curated
NCBITaxon:76631	Abiotrophia sp.	Microbe			species	local_kg_curated
NCBITaxon:479	Moraxella sp.	Microbe			species	local_kg_curated
NCBITaxon:1885016	Rothia sp. (in: high G+C Gram-positive bacteria)	Microbe			species	local_kg_curated
NCBITaxon:46124	Granulicatella adiacens	Microbe			species	local_kg_curated
NCBITaxon:72	Simonsiella muelleri	Microbe			species	local_kg_curated
NCBITaxon:638849	Pyramidobacter piscolens	Microbe			species	local_kg_curated
LFS:COND:Mismatch_repair_cancer_syndrome	Mismatch repair cancer syndrome	Disease				local_kg_curated
NCBITaxon:343	Xanthomonas translucens	Microbe			species	local_kg_curated
LFS:COND:Urolithiasis	Urolithiasis	Disease				local_kg_curated
LFS:COND:Cerebral_small_vessel_disease	Cerebral small vessel disease	Disease				local_kg_curated
NCBITaxon:1776382	Neglectibacter timonensis	Microbe			species	local_kg_curated
NCBITaxon:1936062	Veillonella massiliensis	Microbe			species	local_kg_curated
LFS:COND:Asthma_Allergic_rhinitis_Food_allergy_Dermatitis	Asthma,Allergic rhinitis,Food allergy,Dermatitis	Disease				local_kg_curated
LFS:COND:Streptococcus_pneumoniae	Streptococcus pneumoniae	Disease				local_kg_curated
NCBITaxon:28127	Hoylesella buccalis	Microbe			species	local_kg_curated
NCBITaxon:859	Fusobacterium necrophorum	Microbe			species	local_kg_curated
NCBITaxon:1274	Dermacoccus nishinomiyaensis	Microbe			species	local_kg_curated
NCBITaxon:736	Haemophilus paraphrohaemolyticus	Microbe			species	local_kg_curated
NCBITaxon:2490857	Lautropia dentalis	Microbe			species	local_kg_curated
LFS:COND:Chronic_granulomatous_disease	Chronic granulomatous disease	Disease				local_kg_curated
LFS:COND:Cohort	Cohort	Disease				local_kg_curated
NCBITaxon:2020948	Romboutsia maritimum	Microbe			species	local_kg_curated
LFS:COND:Idiopathic_inflammatory_myopathy	Idiopathic inflammatory myopathy	Disease				local_kg_curated
LFS:COND:Interstitial_lung_disease	Interstitial lung disease	Disease				local_kg_curated
LFS:COND:Elevated_erythrocyte_sedimentation_rate	Elevated erythrocyte sedimentation rate	Disease				local_kg_curated
LFS:COND:Cardiac_troponin_T_measurement	Cardiac troponin T measurement	Disease				local_kg_curated
LFS:COND:Myoglobin_measurement	Myoglobin measurement	Disease				local_kg_curated
LFS:COND:Protein_measurement	Protein measurement	Disease				local_kg_curated
LFS:COND:Essential_thrombocythemia	Essential thrombocythemia	Disease				local_kg_curated
LFS:COND:Allergic_asthma	Allergic asthma	Disease				local_kg_curated
LFS:COND:Bacterial_disease	Bacterial disease	Disease				local_kg_curated
NCBITaxon:242750	Hallella bergensis	Microbe			species	local_kg_curated
NCBITaxon:2049049	Veillonellaceae bacterium	Microbe			species	local_kg_curated
LFS:COND:Trichomonas_vaginitis	Trichomonas vaginitis	Disease				local_kg_curated
LFS:COND:Social_deprivation_Psychological_measurement	Social deprivation,Psychological measurement	Disease				local_kg_curated
NCBITaxon:2005360	Faecalicatena sp.	Microbe			species	local_kg_curated
NCBITaxon:1965294	Collinsella sp.	Microbe			species	local_kg_curated
NCBITaxon:69220	Lelliottia nimipressuralis	Microbe			species	local_kg_curated
NCBITaxon:564	Escherichia fergusonii	Microbe			species	local_kg_curated
NCBITaxon:2582419	Dialister hominis	Microbe			species	local_kg_curated
NCBITaxon:2053610	Sarcina sp.	Microbe			species	local_kg_curated
NCBITaxon:35761	Nocardioides sp.	Microbe			species	local_kg_curated
LFS:COND:Social_interaction_measurement	Social interaction measurement	Disease				local_kg_curated
LFS:COND:Oxidative_Stress	Oxidative Stress	Disease				local_kg_curated
LFS:COND:Response_to_vaccine_Timepoint	Response to vaccine,Timepoint	Disease				local_kg_curated
NCBITaxon:876416	uncultured Odoribacter sp.	Microbe			species	local_kg_curated
LFS:COND:Pituitary_Gland_Adenoma	Pituitary Gland Adenoma	Disease				local_kg_curated
LFS:COND:SARS_CoV_2_related_disease	SARS-CoV-2-related disease	Disease				local_kg_curated
LFS:COND:Pneumonia_SARS_CoV_2_related_disease	Pneumonia,SARS-CoV-2-related disease	Disease				local_kg_curated
LFS:COND:Respiratory_failure_requiring_assisted_ventilation_SARS_CoV_2_related_disease	Respiratory failure requiring assisted ventilation,SARS-CoV-2-related disease	Disease				local_kg_curated
LFS:COND:Response_to_supplemental_oxygen_SARS_CoV_2_related_disease	Response to supplemental oxygen,SARS-CoV-2-related disease	Disease				local_kg_curated
NCBITaxon:153622	Vibrio agarivorans	Microbe			species	local_kg_curated
NCBITaxon:672	Vibrio vulnificus	Microbe			species	local_kg_curated
LFS:COND:Hypertension_pregnancy_induced	Hypertension, pregnancy-induced	Disease				local_kg_curated
NCBITaxon:2982025	Candidatus Parvibacillus calidus	Microbe			species	local_kg_curated
LFS:COND:Tuberculosis	Tuberculosis	Disease				local_kg_curated
NCBITaxon:77094	Candidatus Epulonipiscium fishelsonii	Microbe			species	local_kg_curated
NCBITaxon:194843	uncultured Bacteroidales bacterium	Microbe			species	local_kg_curated
LFS:COND:Gut_microbiome_measurement_Acute_graft_vs_host_disease	Gut microbiome measurement,Acute graft vs. host disease	Disease				local_kg_curated
NCBITaxon:283734	Staphylococcus pseudintermedius	Microbe			species	local_kg_curated
NCBITaxon:246432	Staphylococcus equorum	Microbe			species	local_kg_curated
NCBITaxon:1295	Staphylococcus schleiferi	Microbe			species	local_kg_curated
NCBITaxon:1292	Staphylococcus warneri	Microbe			species	local_kg_curated
NCBITaxon:1296	Mammaliicoccus sciuri	Microbe			species	local_kg_curated
NCBITaxon:1884818	Escherichia sp.	Microbe			species	local_kg_curated
NCBITaxon:576	Klebsiella sp.	Microbe			species	local_kg_curated
NCBITaxon:2293125	Prevotella sp. AM42-24	Microbe			species	local_kg_curated
NCBITaxon:2682456	Veillonella nakazawae	Microbe			species	local_kg_curated
LFS:COND:Lung_disease	Lung disease	Disease				local_kg_curated
NCBITaxon:2819619	Streptococcus toyakuensis	Microbe			species	local_kg_curated
NCBITaxon:1435069	Vibrio tritonius	Microbe			species	local_kg_curated
NCBITaxon:169971	uncultured Peptostreptococcus sp.	Microbe			species	local_kg_curated
LFS:COND:Coronary_artery_disease	Coronary artery disease	Disease				local_kg_curated
NCBITaxon:316	Stutzerimonas stutzeri	Microbe			species	local_kg_curated
NCBITaxon:1789762	Methanosphaera sp. BMS	Microbe			species	local_kg_curated
NCBITaxon:2283195	Ornithinimicrobium avium	Microbe			species	local_kg_curated
NCBITaxon:76853	Solibacillus silvestris	Microbe			species	local_kg_curated
NCBITaxon:370804	uncultured Prevotellaceae bacterium	Microbe			species	local_kg_curated
LFS:COND:Cognitive_disorder	Cognitive disorder	Disease				local_kg_curated
LFS:COND:Response_to_surgery	Response to surgery	Disease				local_kg_curated
LFS:COND:Exploratory_behavior	Exploratory behavior	Disease				local_kg_curated
NCBITaxon:1804621	Betoideae	Microbe			species	local_kg_curated
LFS:COND:Hot_flashes	Hot flashes	Disease				local_kg_curated
NCBITaxon:1579348	Streptococcus sp. 1171_SSPC	Microbe			species	local_kg_curated
NCBITaxon:28128	Prevotella corporis	Microbe			species	local_kg_curated
NCBITaxon:67827	Citrobacter werkmanii	Microbe			species	local_kg_curated
NCBITaxon:1254	Pediococcus acidilactici	Microbe			species	local_kg_curated
NCBITaxon:693444	Enterobacteriaceae bacterium strain FGI 57	Microbe			species	local_kg_curated
NCBITaxon:41	Allostigmatella aurantiaca	Microbe			species	local_kg_curated
NCBITaxon:1743168	Polynucleobacter wuianus	Microbe			species	local_kg_curated
NCBITaxon:1235990	Candidatus Pantoea carbekii	Microbe			species	local_kg_curated
NCBITaxon:79604	Denitrobacterium detoxificans	Microbe			species	local_kg_curated
NCBITaxon:6973	Blattella germanica	Microbe			species	local_kg_curated
LFS:COND:Vesicle_membrane	Vesicle membrane	Disease				local_kg_curated
NCBITaxon:1187017	uncultured Allobaculum sp.	Microbe			species	local_kg_curated
NCBITaxon:1702221	Faecalibaculum rodentium	Microbe			species	local_kg_curated
NCBITaxon:172733	uncultured Eubacteriales bacterium	Microbe			species	local_kg_curated
NCBITaxon:46188	Streptosporangium violaceochromogenes	Microbe			species	local_kg_curated
LFS:COND:Leukopenia	Leukopenia	Disease				local_kg_curated
NCBITaxon:447454	candidate division TM7 single-cell isolate TM7a	Microbe			species	local_kg_curated
LFS:COND:Antiseptic_drug	Antiseptic drug	Disease				local_kg_curated
LFS:COND:Cholestasis	Cholestasis	Disease				local_kg_curated
LFS:COND:Uterine_disease	Uterine disease	Disease				local_kg_curated
LFS:COND:Intestinal_obstruction	Intestinal obstruction	Disease				local_kg_curated
LFS:COND:Aggressive_periodontitis	Aggressive periodontitis	Disease				local_kg_curated
NCBITaxon:28151	Serratia proteamaculans	Microbe			species	local_kg_curated
NCBITaxon:189723	Prevotella micans	Microbe			species	local_kg_curated
LFS:COND:Hypothyroidism	Hypothyroidism	Disease				local_kg_curated
LFS:COND:Hypothyroidism_Graves_disease	Hypothyroidism,Graves disease	Disease				local_kg_curated
LFS:COND:Premature_rupture_of_membranes	Premature rupture of membranes	Disease				local_kg_curated
NCBITaxon:713049	TM7 phylum sp. oral taxon 346	Microbe			species	local_kg_curated
NCBITaxon:712459	Prevotella sp. oral taxon 304	Microbe			species	local_kg_curated
LFS:COND:COPRO_seq	COPRO-seq	Disease				local_kg_curated
NCBITaxon:286133	uncultured Sutterella sp.	Microbe			species	local_kg_curated
NCBITaxon:544645	Butyricimonas virosa	Microbe			species	local_kg_curated
NCBITaxon:1161942	Ruminococcus champanellensis	Microbe			species	local_kg_curated
LFS:COND:Renal_dialysis	Renal dialysis	Disease				local_kg_curated
LFS:COND:Complete_blood_cell_count	Complete blood cell count	Disease				local_kg_curated
LFS:COND:Serum_albumin_measurement	Serum albumin measurement	Disease				local_kg_curated
LFS:COND:Complement_C3_measurement	Complement C3 measurement	Disease				local_kg_curated
LFS:COND:Complement_C4_measurement	Complement C4 measurement	Disease				local_kg_curated
LFS:COND:Depressive_symptom_measurement	Depressive symptom measurement	Disease				local_kg_curated
NCBITaxon:249189	Enterococcus hermanniensis	Microbe			species	local_kg_curated
NCBITaxon:310300	Bacteroides pyogenes	Microbe			species	local_kg_curated
NCBITaxon:1111137	Slackia sp. CM382	Microbe			species	local_kg_curated
LFS:COND:Myopia	Myopia	Disease				local_kg_curated
NCBITaxon:652714	Leptotrichia sp. oral taxon 219	Microbe			species	local_kg_curated
NCBITaxon:1107316	Neisseria oralis	Microbe			species	local_kg_curated
NCBITaxon:1227265	Capnocytophaga sp. oral taxon 863	Microbe			species	local_kg_curated
NCBITaxon:712538	Selenomonas sp. oral taxon 478	Microbe			species	local_kg_curated
NCBITaxon:712728	Treponema sp. oral taxon 246	Microbe			species	local_kg_curated
NCBITaxon:671211	Fusobacterium sp. oral taxon 203	Microbe			species	local_kg_curated
NCBITaxon:76859	Fusobacterium animalis	Microbe			species	local_kg_curated
LFS:COND:Colorectal_health	Colorectal health	Disease				local_kg_curated
LFS:COND:Cystic_fibrosis	Cystic fibrosis	Disease				local_kg_curated
LFS:COND:Sex_hormone	Sex hormone	Disease				local_kg_curated
NCBITaxon:1985285	Ounavirinae	Microbe			species	local_kg_curated
NCBITaxon:74206	uncultured eubacterium WCHB1-41	Microbe			species	local_kg_curated
NCBITaxon:428712	Jonquetella anthropi	Microbe			species	local_kg_curated
NCBITaxon:2754	Synergistes jonesii	Microbe			species	local_kg_curated
LFS:COND:Complicated_disease_course	Complicated disease course	Disease				local_kg_curated
LFS:COND:Animal_disease	Animal disease	Disease				local_kg_curated
LFS:COND:Hepatitis_virus_related_hepatocellular_carcinoma	Hepatitis virus-related hepatocellular carcinoma	Disease				local_kg_curated
LFS:COND:Sperm_measurement	Sperm measurement	Disease				local_kg_curated
LFS:COND:Abnormal_sperm_morphology	Abnormal sperm morphology	Disease				local_kg_curated
LFS:COND:Peri_Implantitis	Peri-Implantitis	Disease				local_kg_curated
LFS:COND:pus	pus	Disease				local_kg_curated
LFS:COND:Cardiovascular_disease	Cardiovascular disease	Disease				local_kg_curated
LFS:COND:Infectious_meningitis	Infectious meningitis	Disease				local_kg_curated
NCBITaxon:1096246	Hungatella effluvii	Microbe			species	local_kg_curated
LFS:COND:Response_to_antipsychotic_drug	Response to antipsychotic drug	Disease				local_kg_curated
LFS:COND:Treatment_refractory_schizophrenia	Treatment refractory schizophrenia	Disease				local_kg_curated
LFS:COND:Response_to_clozapine	Response to clozapine	Disease				local_kg_curated
LFS:COND:Infectious_diarrheal_disease	Infectious diarrheal disease	Disease				local_kg_curated
NCBITaxon:1262932	Prevotella sp. CAG:604	Microbe			species	local_kg_curated
LFS:COND:Development_or_differentiation_design	Development or differentiation design	Disease				local_kg_curated
NCBITaxon:4929	Meyerozyma guilliermondii	Microbe			species	local_kg_curated
NCBITaxon:397286	Lachnospiraceae bacterium 14-2	Microbe			species	local_kg_curated
NCBITaxon:1262927	Prevotella sp. CAG:485	Microbe			species	local_kg_curated
NCBITaxon:1235793	Lachnospiraceae bacterium MD335	Microbe			species	local_kg_curated
NCBITaxon:1262944	Roseburia sp. CAG:303	Microbe			species	local_kg_curated
NCBITaxon:97138	Clostridium sp. MD294	Microbe			species	local_kg_curated
LFS:COND:Overweight_body_mass_index_status	Overweight body mass index status	Disease				local_kg_curated
NCBITaxon:433338	Anaerocella delicata	Microbe			species	local_kg_curated
NCBITaxon:478	Moraxella nonliquefaciens	Microbe			species	local_kg_curated
NCBITaxon:28126	Segatella buccae	Microbe			species	local_kg_curated
NCBITaxon:28113	Prevotella heparinolytica	Microbe			species	local_kg_curated
NCBITaxon:221027	Treponema putidum	Microbe			species	local_kg_curated
NCBITaxon:1015	Bergeyella zoohelcum	Microbe			species	local_kg_curated
NCBITaxon:40216	Acinetobacter radioresistens	Microbe			species	local_kg_curated
NCBITaxon:1297617	Intestinimonas butyriciproducens	Microbe			species	local_kg_curated
NCBITaxon:867	Ruminobacter amylophilus	Microbe			species	local_kg_curated
LFS:COND:Lean_body_mass	Lean body mass	Disease				local_kg_curated
LFS:COND:Obese_body_mass_index_status	Obese body mass index status	Disease				local_kg_curated
NCBITaxon:1263031	Firmicutes bacterium CAG:56	Microbe			species	local_kg_curated
LFS:COND:Male_homosexuality	Male homosexuality	Disease				local_kg_curated
NCBITaxon:1852370	Prevotellamassilia timonensis	Microbe			species	local_kg_curated
NCBITaxon:28052	Lachnospira pectinoschiza	Microbe			species	local_kg_curated
NCBITaxon:1944635	Sutterella seckii	Microbe			species	local_kg_curated
NCBITaxon:2049045	Eubacteriaceae bacterium	Microbe			species	local_kg_curated
NCBITaxon:2212472	Helicobacteraceae bacterium	Microbe			species	local_kg_curated
NCBITaxon:2518605	Segatella hominis	Microbe			species	local_kg_curated
NCBITaxon:2126740	Clostridium fessum	Microbe			species	local_kg_curated
NCBITaxon:1924111	Massilimicrobiota sp.	Microbe			species	local_kg_curated
NCBITaxon:2053615	Spirochaetia bacterium	Microbe			species	local_kg_curated
NCBITaxon:1070699	Clostridiaceae bacterium JC118	Microbe			species	local_kg_curated
NCBITaxon:68887	Torque teno virus	Microbe			species	local_kg_curated
NCBITaxon:1920861	Webervirus KP36	Microbe			species	local_kg_curated
NCBITaxon:71452	Enterococcus raffinosus	Microbe			species	local_kg_curated
NCBITaxon:546	Citrobacter freundii	Microbe			species	local_kg_curated
NCBITaxon:29391	Gemella morbillorum	Microbe			species	local_kg_curated
NCBITaxon:447455	candidate division TM7 single-cell isolate TM7b	Microbe			species	local_kg_curated
NCBITaxon:447456	candidate division TM7 single-cell isolate TM7c	Microbe			species	local_kg_curated
NCBITaxon:88688	Caulobacter segnis	Microbe			species	local_kg_curated
LFS:COND:Response_to_antidepressant	Response to antidepressant	Disease				local_kg_curated
LFS:COND:Environmental_stress_treatment	Environmental stress treatment	Disease				local_kg_curated
NCBITaxon:1650661	Clostridium phoceensis	Microbe			species	local_kg_curated
NCBITaxon:2292069	Ruminococcus sp. AF41-9	Microbe			species	local_kg_curated
NCBITaxon:2292961	Blautia sp. AF19-10LB	Microbe			species	local_kg_curated
NCBITaxon:2709718	Blautia sp. MSK.20.85	Microbe			species	local_kg_curated
LFS:COND:Fetal_growth_restriction	Fetal growth restriction	Disease				local_kg_curated
NCBITaxon:2320088	Roseburia sp. 1XD42-69	Microbe			species	local_kg_curated
LFS:COND:Alcohol_consumption_measurement	Alcohol consumption measurement	Disease				local_kg_curated
NCBITaxon:2486460	Muribaculaceae bacterium Isolate-036 (Harlan)	Microbe			species	local_kg_curated
NCBITaxon:1548148	Helicobacter sp. MIT 03-1616	Microbe			species	local_kg_curated
NCBITaxon:2530390	Muribaculum gordoncarteri	Microbe			species	local_kg_curated
NCBITaxon:2941507	Senimuribacter intestinalis	Microbe			species	local_kg_curated
NCBITaxon:2986526	Lawsonibacter celer	Microbe			species	local_kg_curated
NCBITaxon:85831	Bacteroides acidifaciens	Microbe			species	local_kg_curated
NCBITaxon:2941326	Alistipes muris	Microbe			species	local_kg_curated
NCBITaxon:2486461	Muribaculaceae bacterium Isolate-037 (Harlan)	Microbe			species	local_kg_curated
NCBITaxon:81947	Vagococcus lutrae	Microbe			species	local_kg_curated
NCBITaxon:1945520	Psychrobacter pasteurii	Microbe			species	local_kg_curated
NCBITaxon:1337	Streptococcus hyointestinalis	Microbe			species	local_kg_curated
NCBITaxon:2024224	Prevotella sp. P2-180	Microbe			species	local_kg_curated
LFS:COND:Extrapulmonary_tuberculosis	Extrapulmonary tuberculosis	Disease				local_kg_curated
LFS:COND:Smoking_behaviour_measurement	Smoking behaviour measurement	Disease				local_kg_curated
NCBITaxon:437897	Megamonas funiformis	Microbe			species	local_kg_curated
LFS:COND:Multiple_chemical_sensitivity	Multiple chemical sensitivity	Disease				local_kg_curated
NCBITaxon:397291	Lachnospiraceae bacterium A4	Microbe			species	local_kg_curated
LFS:COND:Social_deprivation	Social deprivation	Disease				local_kg_curated
LFS:COND:Hypoglycemia	Hypoglycemia	Disease				local_kg_curated
LFS:COND:Diabetic_ketoacidosis	Diabetic ketoacidosis	Disease				local_kg_curated
LFS:COND:Diabetic_foot	Diabetic foot	Disease				local_kg_curated
LFS:COND:Peripheral_neuron	Peripheral neuron	Disease				local_kg_curated
NCBITaxon:105841	Anaerostipes caccae	Microbe			species	local_kg_curated
NCBITaxon:397287	Lachnospiraceae bacterium 28-4	Microbe			species	local_kg_curated
NCBITaxon:76123	Hoylesella enoeca	Microbe			species	local_kg_curated
NCBITaxon:742723	Lachnospiraceae bacterium 2_1_46FAA	Microbe			species	local_kg_curated
NCBITaxon:10293	Alphaherpesvirinae	Microbe			species	local_kg_curated
NCBITaxon:192066	Neisseria sp.	Microbe			species	local_kg_curated
LFS:COND:Hyperinsulinemia_Acute_myeloid_leukemia	Hyperinsulinemia,Acute myeloid leukemia	Disease				local_kg_curated
LFS:COND:Acute_myeloid_leukemia_Hyperglycemia	Acute myeloid leukemia,Hyperglycemia	Disease				local_kg_curated
LFS:COND:Short_stature	Short stature	Disease				local_kg_curated
LFS:COND:Body_height	Body height	Disease				local_kg_curated
LFS:COND:Carotid_artery_disease	Carotid artery disease	Disease				local_kg_curated
NCBITaxon:1806836	Selenomonadales bacterium Marseille-P2399	Microbe			species	local_kg_curated
NCBITaxon:1671661	Clostridiales bacterium DTU089	Microbe			species	local_kg_curated
NCBITaxon:1235800	Lachnospiraceae bacterium 10-1	Microbe			species	local_kg_curated
NCBITaxon:1262757	Blautia sp. CAG:37	Microbe			species	local_kg_curated
LFS:COND:Clostridium_butyricum	Clostridium butyricum	Disease				local_kg_curated
LFS:COND:Skin_wound	Skin wound	Disease				local_kg_curated
NCBITaxon:1235797	Oscillibacter sp. 1-3	Microbe			species	local_kg_curated
NCBITaxon:1535750	Thermoactinomyces sp. Gus2-1	Microbe			species	local_kg_curated
NCBITaxon:712710	Tannerella serpentiformis	Microbe			species	local_kg_curated
NCBITaxon:1884263	Selenomonas sp. oral taxon 920	Microbe			species	local_kg_curated
NCBITaxon:376805	Phocaeicola salanitronis	Microbe			species	local_kg_curated
NCBITaxon:2494234	Sutterella megalosphaeroides	Microbe			species	local_kg_curated
LFS:COND:Strain	Strain	Disease				local_kg_curated
LFS:COND:Physical_activity_measurement	Physical activity measurement	Disease				local_kg_curated
LFS:COND:Diverticulitis	Diverticulitis	Disease				local_kg_curated
NCBITaxon:1262878	Eubacterium sp. CAG:115	Microbe			species	local_kg_curated
NCBITaxon:2086273	Subdoligranulum sp. APC924/74	Microbe			species	local_kg_curated
LFS:COND:Cervical_carcinoma	Cervical carcinoma	Disease				local_kg_curated
LFS:COND:Abortion	Abortion	Disease				local_kg_curated
LFS:COND:Control	Control	Disease				local_kg_curated
LFS:COND:Monocyte_percentage_of_leukocytes	Monocyte percentage of leukocytes	Disease				local_kg_curated
LFS:COND:Lymphocyte_percentage_of_leukocytes	Lymphocyte percentage of leukocytes	Disease				local_kg_curated
LFS:COND:Number_of_pregnancies_measurement	Number of pregnancies measurement	Disease				local_kg_curated
LFS:COND:Hemoglobin_measurement	Hemoglobin measurement	Disease				local_kg_curated
NCBITaxon:147369	Panicoideae	Microbe			species	local_kg_curated
NCBITaxon:4543	Cenchrus americanus	Microbe			species	local_kg_curated
NCBITaxon:1219613	Lachnospiraceae bacterium S3MV16	Microbe			species	local_kg_curated
LFS:COND:Blood_protein_measurement	Blood protein measurement	Disease				local_kg_curated
LFS:COND:Total_blood_protein_measurement	Total blood protein measurement	Disease				local_kg_curated
NCBITaxon:712622	Streptococcus sp. oral taxon 058	Microbe			species	local_kg_curated
NCBITaxon:712357	Leptotrichia sp. oral taxon 212	Microbe			species	local_kg_curated
LFS:COND:Lymphocyte_count	Lymphocyte count	Disease				local_kg_curated
NCBITaxon:203	Campylobacter rectus	Microbe			species	local_kg_curated
NCBITaxon:6337	Trichinella pseudospiralis	Microbe			species	local_kg_curated
LFS:COND:Pulmonary_non_tuberculous_mycobacterial_infection	Pulmonary non-tuberculous mycobacterial infection	Disease				local_kg_curated
LFS:COND:Rare_dyslipidemia_Polycystic_ovary_syndrome	Rare dyslipidemia,Polycystic ovary syndrome	Disease				local_kg_curated
LFS:COND:Polycystic_ovary_syndrome_Rare_dyslipidemia	Polycystic ovary syndrome,Rare dyslipidemia	Disease				local_kg_curated
LFS:COND:HOMA_IR	HOMA-IR	Disease				local_kg_curated
LFS:COND:Hyperproinsulinemia	Hyperproinsulinemia	Disease				local_kg_curated
LFS:COND:Dehydroepiandrosterone_measurement	Dehydroepiandrosterone measurement	Disease				local_kg_curated
LFS:COND:Hyperpituitarism	Hyperpituitarism	Disease				local_kg_curated
NCBITaxon:1110546	Veillonella tobetsuensis	Microbe			species	local_kg_curated
NCBITaxon:1234680	Streptococcus rubneri	Microbe			species	local_kg_curated
NCBITaxon:483	Neisseria cinerea	Microbe			species	local_kg_curated
NCBITaxon:176090	Streptococcus sinensis	Microbe			species	local_kg_curated
NCBITaxon:228603	Hoylesella shahii	Microbe			species	local_kg_curated
NCBITaxon:754	Pasteurella dagmatis	Microbe			species	local_kg_curated
NCBITaxon:1931	Streptomyces sp.	Microbe			species	local_kg_curated
NCBITaxon:53558	Mycoplasmopsis edwardii	Microbe			species	local_kg_curated
LFS:COND:Chronic_gingivitis	Chronic gingivitis	Disease				local_kg_curated
NCBITaxon:66851	Methanobrevibacter oralis	Microbe			species	local_kg_curated
NCBITaxon:28115	Porphyromonas macacae	Microbe			species	local_kg_curated
NCBITaxon:1962306	Bergeyella sp.	Microbe			species	local_kg_curated
NCBITaxon:2911504	Suttonella sp.	Microbe			species	local_kg_curated
NCBITaxon:2213	Methanosarcina sp.	Microbe			species	local_kg_curated
LFS:COND:Non_alcoholic_fatty_liver_disease_Inflammatory_bowel_disease	Non-alcoholic fatty liver disease,Inflammatory bowel disease	Disease				local_kg_curated
LFS:COND:Drug_resistance	Drug resistance	Disease				local_kg_curated
LFS:COND:Chronic_rhinosinusitis_with_nasal_polyps	Chronic rhinosinusitis with nasal polyps	Disease				local_kg_curated
NCBITaxon:15945	Zea luxurians	Microbe			species	local_kg_curated
NCBITaxon:1715008	Rothia sp. HMSC078H08	Microbe			species	local_kg_curated
NCBITaxon:1524	[Clostridium] piliforme	Microbe			species	local_kg_curated
LFS:COND:Dysmenorrhea	Dysmenorrhea	Disease				local_kg_curated
NCBITaxon:2722	unidentified proteobacterium	Microbe			species	local_kg_curated
NCBITaxon:53442	Eubacterium callanderi	Microbe			species	local_kg_curated
LFS:COND:Vitamin_A_deficiency	Vitamin A deficiency	Disease				local_kg_curated
LFS:COND:Growth_delay	Growth delay	Disease				local_kg_curated
LFS:COND:Nutritional_deficiency_disease	Nutritional deficiency disease	Disease				local_kg_curated
LFS:COND:Parasitic_infection	Parasitic infection	Disease				local_kg_curated
NCBITaxon:666	Vibrio cholerae	Microbe			species	local_kg_curated
NCBITaxon:1262945	Roseburia sp. CAG:309	Microbe			species	local_kg_curated
NCBITaxon:1262777	Clostridium sp. CAG:167	Microbe			species	local_kg_curated
NCBITaxon:1263011	Firmicutes bacterium CAG:238	Microbe			species	local_kg_curated
LFS:COND:Hepatic_fibrosis	Hepatic fibrosis	Disease				local_kg_curated
LFS:COND:Response_to_ketogenic_diet_Response_to_antibiotic	Response to ketogenic diet,Response to antibiotic	Disease				local_kg_curated
LFS:COND:Clostridium_difficile	Clostridium difficile	Disease				local_kg_curated
NCBITaxon:649196	Sphingobacterium hotanense	Microbe			species	local_kg_curated
NCBITaxon:2763670	Wujia chipingensis	Microbe			species	local_kg_curated
NCBITaxon:2292232	Eubacterium sp. AF22-8LB	Microbe			species	local_kg_curated
NCBITaxon:2293024	Clostridium sp. AM22-11AC	Microbe			species	local_kg_curated
NCBITaxon:2022527	Prevotella sp. 885	Microbe			species	local_kg_curated
NCBITaxon:2564099	Ruminococcus bovis	Microbe			species	local_kg_curated
NCBITaxon:2212473	Kiritimatiellia bacterium	Microbe			species	local_kg_curated
LFS:COND:Self_reported_educational_attainment	Self reported educational attainment	Disease				local_kg_curated
LFS:COND:Water	Water	Disease				local_kg_curated
NCBITaxon:2292991	Catenibacterium sp. AM22-15	Microbe			species	local_kg_curated
NCBITaxon:2563662	Treponema sp. OMZ 906	Microbe			species	local_kg_curated
NCBITaxon:418640	Enterobacter sp. NJ-64	Microbe			species	local_kg_curated
NCBITaxon:1768113	Candidatus Hemicellulosilyticus sp. P3	Microbe			species	local_kg_curated
NCBITaxon:1262952	Ruminococcus sp. CAG:177	Microbe			species	local_kg_curated
NCBITaxon:1262926	Prevotella sp. CAG:474	Microbe			species	local_kg_curated
NCBITaxon:2109688	Clostridiales bacterium CCNA10	Microbe			species	local_kg_curated
LFS:COND:HIV_1_infection	HIV-1 infection	Disease				local_kg_curated
LFS:COND:Social_environment_measurement	Social environment measurement	Disease				local_kg_curated
LFS:COND:Postnatal_growth_retardation	Postnatal growth retardation	Disease				local_kg_curated
NCBITaxon:454155	Paraprevotella xylaniphila	Microbe			species	local_kg_curated
NCBITaxon:1628085	Agathobaculum butyriciproducens	Microbe			species	local_kg_curated
LFS:COND:Root_caries	Root caries	Disease				local_kg_curated
LFS:COND:Schizophrenia_Metabolic_syndrome	Schizophrenia,Metabolic syndrome	Disease				local_kg_curated
LFS:COND:Vascular_endothelial_growth_factor_measurement	Vascular endothelial growth factor measurement	Disease				local_kg_curated
LFS:COND:Platelet_derived_growth_factor_BB_measurement	Platelet-derived growth factor BB measurement	Disease				local_kg_curated
LFS:COND:Fibroblast_growth_factor_basic_measurement	Fibroblast growth factor basic measurement	Disease				local_kg_curated
LFS:COND:C_X_C_motif_chemokine_10_measurement	C-X-C motif chemokine 10 measurement	Disease				local_kg_curated
LFS:COND:Granulocyte_colony_stimulating_factor_measurement	Granulocyte colony-stimulating factor measurement	Disease				local_kg_curated
LFS:COND:Interleukin_1_receptor_antagonist_measurement	Interleukin 1 receptor antagonist measurement	Disease				local_kg_curated
LFS:COND:Schizophrenia_symptom_severity_measurement	Schizophrenia symptom severity measurement	Disease				local_kg_curated
NCBITaxon:1870985	Arabiibacter massiliensis	Microbe			species	local_kg_curated
NCBITaxon:208962	Escherichia albertii	Microbe			species	local_kg_curated
NCBITaxon:1529	Clostridium cadaveris	Microbe			species	local_kg_curated
LFS:COND:Lymphoid_neoplasm	Lymphoid neoplasm	Disease				local_kg_curated
NCBITaxon:2086585	Maliibacterium massiliense	Microbe			species	local_kg_curated
LFS:COND:Stomach_neoplasm	Stomach neoplasm	Disease				local_kg_curated
NCBITaxon:1982626	Faecalibacillus intestinalis	Microbe			species	local_kg_curated
NCBITaxon:1291540	Methanomethylophilus alvi	Microbe			species	local_kg_curated
LFS:COND:Extranodal_nasal_NK_T_cell_lymphoma	Extranodal nasal NK/T cell lymphoma	Disease				local_kg_curated
NCBITaxon:2292441	Paratractidigestivibacter faecalis	Microbe			species	local_kg_curated
NCBITaxon:2763042	Dysosmobacter segnis	Microbe			species	local_kg_curated
NCBITaxon:272199	Encyrtinae	Microbe			species	local_kg_curated
LFS:COND:Systemic_inflammatory_response_syndrome	Systemic inflammatory response syndrome	Disease				local_kg_curated
NCBITaxon:97478	Limosilactobacillus mucosae	Microbe			species	local_kg_curated
NCBITaxon:2683688	Lachnospiraceae bacterium 1 4 56FAA	Microbe			species	local_kg_curated
LFS:COND:Nephropathy	Nephropathy	Disease				local_kg_curated
NCBITaxon:2039	Tropheryma whipplei	Microbe			species	local_kg_curated
LFS:COND:Diarrhea_Infantile	Diarrhea, Infantile	Disease				local_kg_curated
NCBITaxon:623	Shigella flexneri	Microbe			species	local_kg_curated
LFS:COND:Acute_pancreatitis	Acute pancreatitis	Disease				local_kg_curated
NCBITaxon:2606626	Sodaliphilus pleomorphus	Microbe			species	local_kg_curated
NCBITaxon:2518971	Duncaniella dubosii	Microbe			species	local_kg_curated
LFS:COND:Hypertrophy	Hypertrophy	Disease				local_kg_curated
NCBITaxon:3088136	Lancefieldella sp.	Microbe			species	local_kg_curated
LFS:COND:Eating_behaviour	Eating behaviour	Disease				local_kg_curated
NCBITaxon:691816	Bacteroides rodentium	Microbe			species	local_kg_curated
LFS:COND:Lactose_intolerance	Lactose intolerance	Disease				local_kg_curated
NCBITaxon:456876	Streptococcus plurextorum	Microbe			species	local_kg_curated
NCBITaxon:498367	Streptomyces specialis	Microbe			species	local_kg_curated
NCBITaxon:1339	Streptococcus macacae	Microbe			species	local_kg_curated
NCBITaxon:240427	Secundilactobacillus paracollinoides	Microbe			species	local_kg_curated
NCBITaxon:1167569	Penicillium neocrassum	Microbe			species	local_kg_curated
NCBITaxon:76777	Malassezia sympodialis	Microbe			species	local_kg_curated
NCBITaxon:1955109	Orbilia sp.	Microbe			species	local_kg_curated
NCBITaxon:1895944	Vishniacozyma victoriae	Microbe			species	local_kg_curated
LFS:COND:Increased_body_weight	Increased body weight	Disease				local_kg_curated
NCBITaxon:1946595	Hungatella sp. UBA3402	Microbe			species	local_kg_curated
LFS:COND:Visceral_adipose_tissue_measurement	Visceral adipose tissue measurement	Disease				local_kg_curated
NCBITaxon:188058	uncultured Burkholderia sp.	Microbe			species	local_kg_curated
NCBITaxon:1822466	uncultured Paraburkholderia sp.	Microbe			species	local_kg_curated
NCBITaxon:2292269	Ruminococcaceae bacterium AM28-23LB	Microbe			species	local_kg_curated
NCBITaxon:1262897	Faecalibacterium sp. CAG:74	Microbe			species	local_kg_curated
LFS:COND:Pancreatic_ductal_adenocarcinoma	Pancreatic ductal adenocarcinoma	Disease				local_kg_curated
NCBITaxon:1948744	Opitutia bacterium UBA953	Microbe			species	local_kg_curated
LFS:COND:M1_distant_metastasis_stage	M1 distant metastasis stage	Disease				local_kg_curated
NCBITaxon:37915	Dietzia maris	Microbe			species	local_kg_curated
NCBITaxon:306	Pseudomonas sp.	Microbe			species	local_kg_curated
LFS:COND:Cancer_or_benign_tumor	Cancer or benign tumor	Disease				local_kg_curated
NCBITaxon:1926495	Paraburkholderia sp.	Microbe			species	local_kg_curated
NCBITaxon:33885	Microbacterium lacticum	Microbe			species	local_kg_curated
NCBITaxon:29305	Streptomyces griseoincarnatus	Microbe			species	local_kg_curated
NCBITaxon:421525	Kaistella haifensis	Microbe			species	local_kg_curated
LFS:COND:Metabolic_toxicity	Metabolic toxicity	Disease				local_kg_curated
LFS:COND:Lewy_body_dementia_REM_sleep_behavior_disorder	Lewy body dementia,REM sleep behavior disorder	Disease				local_kg_curated
LFS:COND:Thalassemia	Thalassemia	Disease				local_kg_curated
LFS:COND:Ferritin_measurement	Ferritin measurement	Disease				local_kg_curated
LFS:COND:Eosinophil	Eosinophil	Disease				local_kg_curated
LFS:COND:Basophil	Basophil	Disease				local_kg_curated
LFS:COND:Leukocyte	Leukocyte	Disease				local_kg_curated
NCBITaxon:1780378	Clostridiales bacterium CHKCI001	Microbe			species	local_kg_curated
LFS:COND:Bilirubin_measurement	Bilirubin measurement	Disease				local_kg_curated
NCBITaxon:1384081	Veillonella sp. DNF00869	Microbe			species	local_kg_curated
NCBITaxon:1203590	Streptococcus sp. HPH0090	Microbe			species	local_kg_curated
NCBITaxon:1739381	Streptococcus sp. HMSC072D03	Microbe			species	local_kg_curated
NCBITaxon:1759399	Streptococcus sp. A12	Microbe			species	local_kg_curated
NCBITaxon:1715176	Streptococcus sp. HMSC064D12	Microbe			species	local_kg_curated
NCBITaxon:1739517	Bacteroides sp. HMSC073E02	Microbe			species	local_kg_curated
LFS:COND:Binge_eating	Binge eating	Disease				local_kg_curated
NCBITaxon:40519	Ruminococcus callidus	Microbe			species	local_kg_curated
NCBITaxon:2763041	Dysosmobacter hominis	Microbe			species	local_kg_curated
NCBITaxon:2259133	Mesosutterella multiformis	Microbe			species	local_kg_curated
LFS:COND:Response_to_vitamin	Response to vitamin	Disease				local_kg_curated
NCBITaxon:1262987	Proteobacteria bacterium CAG:495	Microbe			species	local_kg_curated
NCBITaxon:2049037	Parasutterella sp.	Microbe			species	local_kg_curated
NCBITaxon:184870	Varibaculum cambriense	Microbe			species	local_kg_curated
NCBITaxon:1354	Enterococcus hirae	Microbe			species	local_kg_curated
NCBITaxon:2885357	Hominenteromicrobium mulieris	Microbe			species	local_kg_curated
LFS:COND:Energy_intake_measurement	Energy intake measurement	Disease				local_kg_curated
LFS:COND:Total_fat_intake_measurement	Total fat intake measurement	Disease				local_kg_curated
LFS:COND:Carbohydrate_measurement	Carbohydrate measurement	Disease				local_kg_curated
LFS:COND:Fat_intake_measurement	Fat intake measurement	Disease				local_kg_curated
NCBITaxon:1505	Paraclostridium sordellii	Microbe			species	local_kg_curated
LFS:COND:Response_to_proton_pump_inhibitor	Response to proton-pump inhibitor	Disease				local_kg_curated
LFS:COND:Malnutrition	Malnutrition	Disease				local_kg_curated
LFS:COND:Breast_ductal_carcinoma_in_situ	Breast ductal carcinoma in situ	Disease				local_kg_curated
LFS:COND:Mammographic_density_measurement	Mammographic density measurement	Disease				local_kg_curated
LFS:COND:Pulmonary_arterial_hypertension_associated_with_congenital_heart_disease	Pulmonary arterial hypertension associated with congenital heart disease	Disease				local_kg_curated
NCBITaxon:486	Neisseria lactamica	Microbe			species	local_kg_curated
NCBITaxon:2720810	Candidatus Gallimonas caecicola	Microbe			species	local_kg_curated
NCBITaxon:1965650	Alistipes sp. An66	Microbe			species	local_kg_curated
NCBITaxon:2086579	Bacteroides sp. Marseille-P3684	Microbe			species	local_kg_curated
NCBITaxon:712620	Streptococcus sp. oral taxon 056	Microbe			species	local_kg_curated
NCBITaxon:544581	Actinomyces johnsonii	Microbe			species	local_kg_curated
LFS:COND:Cognitive_function_measurement	Cognitive function measurement	Disease				local_kg_curated
NCBITaxon:106648	Acinetobacter bereziniae	Microbe			species	local_kg_curated
NCBITaxon:2161821	Dialister massiliensis	Microbe			species	local_kg_curated
LFS:COND:Tryptophan_measurement	Tryptophan measurement	Disease				local_kg_curated
NCBITaxon:1509	Clostridium sporogenes	Microbe			species	local_kg_curated
NCBITaxon:153152	uncultured Lactobacillus sp.	Microbe			species	local_kg_curated
NCBITaxon:885	Desulfovibrio sp.	Microbe			species	local_kg_curated
NCBITaxon:2109718	Dentocorticium bicolor	Microbe			species	local_kg_curated
NCBITaxon:45525	Dujonia boleticola	Microbe			species	local_kg_curated
LFS:COND:Response_to_drug	Response to drug	Disease				local_kg_curated
NCBITaxon:1262874	Eggerthella sp. CAG:1427	Microbe			species	local_kg_curated
NCBITaxon:671229	Veillonella sp. oral taxon 780	Microbe			species	local_kg_curated
NCBITaxon:29379	Staphylococcus auricularis	Microbe			species	local_kg_curated
NCBITaxon:433293	Anaerotaenia torta	Microbe			species	local_kg_curated
NCBITaxon:122578	uncultured actinomycete GT44	Microbe			species	local_kg_curated
NCBITaxon:82995	Serratia grimesii	Microbe			species	local_kg_curated
NCBITaxon:55601	Vibrio anguillarum	Microbe			species	local_kg_curated
LFS:COND:Acute_Leukemia	Acute Leukemia	Disease				local_kg_curated
NCBITaxon:2093857	Dysosmobacter welbionis	Microbe			species	local_kg_curated
NCBITaxon:2714353	Vescimonas fastidiosa	Microbe			species	local_kg_curated
LFS:COND:Urea_measurement	Urea measurement	Disease				local_kg_curated
LFS:COND:Adenosine_deaminase_measurement	Adenosine deaminase measurement	Disease				local_kg_curated
LFS:COND:Adult_T_cell_leukemia_lymphoma	Adult T-cell leukemia/lymphoma	Disease				local_kg_curated
NCBITaxon:29394	Dolosigranulum pigrum	Microbe			species	local_kg_curated
LFS:COND:Rectal_carcinoma	Rectal carcinoma	Disease				local_kg_curated
NCBITaxon:411483	Faecalibacterium duncaniae	Microbe			species	local_kg_curated
NCBITaxon:1110380	Polygonoideae	Microbe			species	local_kg_curated
NCBITaxon:240184	Rheum spiciforme	Microbe			species	local_kg_curated
NCBITaxon:97700	Quercus lobata	Microbe			species	local_kg_curated
NCBITaxon:157468	uncultured Thermoanaerobacterales bacterium	Microbe			species	local_kg_curated
LFS:COND:HIV_1_infection_Opioid_use_measurement	HIV-1 infection,Opioid use measurement	Disease				local_kg_curated
LFS:COND:Opioid_use_measurement	Opioid use measurement	Disease				local_kg_curated
NCBITaxon:52226	Mitsuokella multacida	Microbe			species	local_kg_curated
NCBITaxon:187979	Mitsuokella jalaludinii	Microbe			species	local_kg_curated
NCBITaxon:1267	Sarcina ventriculi	Microbe			species	local_kg_curated
LFS:COND:Drug_use_measurement	Drug use measurement	Disease				local_kg_curated
LFS:COND:Response_to_platinum_based_neoadjuvant_chemotherapy	Response to platinum-based neoadjuvant chemotherapy	Disease				local_kg_curated
LFS:COND:Type_II_diabetes_mellitus_Clinical_treatment	Type II diabetes mellitus,Clinical treatment	Disease				local_kg_curated
LFS:COND:Coccidiosis	Coccidiosis	Disease				local_kg_curated
NCBITaxon:2877527	Blautia parvula	Microbe			species	local_kg_curated
NCBITaxon:52774	Actinomyces slackii	Microbe			species	local_kg_curated
NCBITaxon:2842523	Bronfenbrennervirinae	Microbe			species	local_kg_curated
NCBITaxon:2722820	Actinomyces faecalis	Microbe			species	local_kg_curated
NCBITaxon:2086575	Parabacteroides pacaensis	Microbe			species	local_kg_curated
NCBITaxon:720	Actinobacillus lignieresii	Microbe			species	local_kg_curated
NCBITaxon:136609	Leuconostoc kimchii	Microbe			species	local_kg_curated
NCBITaxon:1398	Heyndrickxia coagulans	Microbe			species	local_kg_curated
NCBITaxon:1805933	Rahnella sikkimica	Microbe			species	local_kg_curated
NCBITaxon:37919	Rhodococcus opacus	Microbe			species	local_kg_curated
LFS:COND:Reference_sample	Reference sample	Disease				local_kg_curated
LFS:COND:Mental_or_behavioural_disorder	Mental or behavioural disorder	Disease				local_kg_curated
LFS:COND:Common_variable_immunodeficiency	Common variable immunodeficiency	Disease				local_kg_curated
NCBITaxon:100886	Catenibacterium mitsuokai	Microbe			species	local_kg_curated
NCBITaxon:1510	Thermoclostridium stercorarium	Microbe			species	local_kg_curated
NCBITaxon:2049044	Erysipelotrichaceae bacterium	Microbe			species	local_kg_curated
NCBITaxon:2292272	Lachnospiraceae bacterium OM04-12BH	Microbe			species	local_kg_curated
LFS:COND:Environmental_samples	Environmental samples	Disease				local_kg_curated
NCBITaxon:2509153	Rubellimicrobium sp.	Microbe			species	local_kg_curated
NCBITaxon:671234	Veillonellaceae bacterium oral taxon 150	Microbe			species	local_kg_curated
NCBITaxon:713048	Syntrophomonadaceae bacterium oral taxon 435	Microbe			species	local_kg_curated
NCBITaxon:83771	Succinivibrio dextrinosolvens	Microbe			species	local_kg_curated
NCBITaxon:971	Pseudoselenomonas ruminantium	Microbe			species	local_kg_curated
NCBITaxon:77768	Segatella albensis	Microbe			species	local_kg_curated
LFS:COND:Sugar_consumption_measurement	Sugar consumption measurement	Disease				local_kg_curated
LFS:COND:Non_small_cell_lung_carcinoma	Non-small cell lung carcinoma	Disease				local_kg_curated
LFS:COND:Alcoholic_liver_disease	Alcoholic liver disease	Disease				local_kg_curated
NCBITaxon:1353889	Achromobacter pestifer	Microbe			species	local_kg_curated
NCBITaxon:2583453	Ochrobactrum sp. CGA5	Microbe			species	local_kg_curated
LFS:COND:Fatigue	Fatigue	Disease				local_kg_curated
LFS:COND:Ectopic_pregnancy	Ectopic pregnancy	Disease				local_kg_curated
LFS:COND:Oxalate_measurement	Oxalate measurement	Disease				local_kg_curated
LFS:COND:Hydroxyproline_measurement	Hydroxyproline measurement	Disease				local_kg_curated
NCBITaxon:1977087	Pseudomonadota bacterium	Microbe			species	local_kg_curated
NCBITaxon:1262977	Sutterella sp. CAG:521	Microbe			species	local_kg_curated
NCBITaxon:29355	Ruminiclostridium cellobioparum	Microbe			species	local_kg_curated
NCBITaxon:877406	Lachnospiraceae bacterium NK3A20	Microbe			species	local_kg_curated
NCBITaxon:450471	Microcoleus paludosus	Microbe			species	local_kg_curated
NCBITaxon:1933	Streptoalloteichus tenebrarius	Microbe			species	local_kg_curated
NCBITaxon:234356	bacterium Ellin6055	Microbe			species	local_kg_curated
LFS:COND:Response_to_opioid	Response to opioid	Disease				local_kg_curated
NCBITaxon:2321402	uncultured Eggerthellaceae bacterium	Microbe			species	local_kg_curated
NCBITaxon:658266	uncultured Anaeroplasmataceae bacterium	Microbe			species	local_kg_curated
NCBITaxon:993073	Microbacterium enclense	Microbe			species	local_kg_curated
NCBITaxon:419475	Brucella pseudogrignonensis	Microbe			species	local_kg_curated
NCBITaxon:2949643	Rothia santali	Microbe			species	local_kg_curated
NCBITaxon:2763056	Oscillibacter hominis	Microbe			species	local_kg_curated
LFS:COND:Body_weight_gain	Body weight gain	Disease				local_kg_curated
NCBITaxon:831	Butyrivibrio fibrisolvens	Microbe			species	local_kg_curated
NCBITaxon:1796652	Turicimonas muris	Microbe			species	local_kg_curated
NCBITaxon:2690837	Eggerthella guodeyinii	Microbe			species	local_kg_curated
LFS:COND:Triglyceride_change_measurement	Triglyceride change measurement	Disease				local_kg_curated
LFS:COND:Alanine_measurement	Alanine measurement	Disease				local_kg_curated
LFS:COND:Response_to_high_fat_food_intake	Response to high fat food intake	Disease				local_kg_curated
NCBITaxon:100235	uncultured actinomycete	Microbe			species	local_kg_curated
LFS:COND:Reaction_time_measurement	Reaction time measurement	Disease				local_kg_curated
NCBITaxon:879969	Macellibacteroides fermentans	Microbe			species	local_kg_curated
NCBITaxon:1588748	Megasphaera hutchinsoni	Microbe			species	local_kg_curated
NCBITaxon:242643	Lactobacillus sp. oral clone HT002	Microbe			species	local_kg_curated
NCBITaxon:34028	Comamonas sp.	Microbe			species	local_kg_curated
LFS:COND:Weight_percent	Weight percent	Disease				local_kg_curated
LFS:COND:Regulation_of_defecation	Regulation of defecation	Disease				local_kg_curated
LFS:COND:Brain_hypoxia_Ischemia	Brain hypoxia-Ischemia	Disease				local_kg_curated
NCBITaxon:280772	methanotrophic bacterial endosymbiont of Bathymodiolus sp.	Microbe			species	local_kg_curated
LFS:COND:Viral_disease	Viral disease	Disease				local_kg_curated
LFS:COND:Carotid_artery_intima_media_thickness	Carotid artery intima media thickness	Disease				local_kg_curated
LFS:COND:Body_fat_distribution	Body fat distribution	Disease				local_kg_curated
LFS:COND:Pulmonary_tuberculosis_Diabetes_mellitus	Pulmonary tuberculosis,Diabetes mellitus	Disease				local_kg_curated
NCBITaxon:259315	uncultured Faecalibacterium sp.	Microbe			species	local_kg_curated
NCBITaxon:3040348	Aequorivita marisscotiae	Microbe			species	local_kg_curated
NCBITaxon:715472	Amycolatopsis nalaikhensis	Microbe			species	local_kg_curated
NCBITaxon:79329	Chitinophaga pinensis	Microbe			species	local_kg_curated
NCBITaxon:214909	Byttnerioideae	Microbe			species	local_kg_curated
NCBITaxon:2949635	Xiashengella succiniciproducens	Microbe			species	local_kg_curated
NCBITaxon:2932250	Hymenobacter sp. 5317J-9	Microbe			species	local_kg_curated
NCBITaxon:1712675	Turicibacter sp. H121	Microbe			species	local_kg_curated
NCBITaxon:2021311	Agathobacter sp.	Microbe			species	local_kg_curated
NCBITaxon:1241568	Lizanozyma thasaensis	Microbe			species	local_kg_curated
NCBITaxon:36911	Clavispora lusitaniae	Microbe			species	local_kg_curated
NCBITaxon:34488	Conidiobolus coronatus	Microbe			species	local_kg_curated
NCBITaxon:80600	Rhizopogon vinicolor	Microbe			species	local_kg_curated
NCBITaxon:4950	Torulaspora delbrueckii	Microbe			species	local_kg_curated
LFS:COND:Shigellosis	Shigellosis	Disease				local_kg_curated
NCBITaxon:1541	Terrisporobacter mayombei	Microbe			species	local_kg_curated
NCBITaxon:209880	Dialister histaminiformans	Microbe			species	local_kg_curated
LFS:COND:Pruritus	Pruritus	Disease				local_kg_curated
NCBITaxon:1947467	Solobacterium sp. UBA636	Microbe			species	local_kg_curated
NCBITaxon:1952150	Lachnospiraceae bacterium UBA7182	Microbe			species	local_kg_curated
NCBITaxon:2027459	Veillonella sp. T11011-6	Microbe			species	local_kg_curated
NCBITaxon:2013020	Bifidobacterium sp. N4G05	Microbe			species	local_kg_curated
NCBITaxon:2292226	Collinsella sp. AF25-2LB	Microbe			species	local_kg_curated
NCBITaxon:208549	uncultured Hyphomicrobiales bacterium	Microbe			species	local_kg_curated
NCBITaxon:2545800	Pseudomonas sp. FDAARGOS_761	Microbe			species	local_kg_curated
NCBITaxon:2841264	Candidatus Minimicrobia vallesae	Microbe			species	local_kg_curated
LFS:COND:Patent_ductus_arteriosus	Patent ductus arteriosus	Disease				local_kg_curated
NCBITaxon:2220000	[Pseudopropionibacterium] massiliense	Microbe			species	local_kg_curated
LFS:COND:Sarcopenia	Sarcopenia	Disease				local_kg_curated
LFS:COND:Sarcopenia_Obesity	Sarcopenia,Obesity	Disease				local_kg_curated
LFS:COND:Lower_body_strength_measurement	Lower body strength measurement	Disease				local_kg_curated
LFS:COND:Short_physical_performance_battery_score_measurement	Short physical performance battery score measurement	Disease				local_kg_curated
LFS:COND:Myocardial_infarction	Myocardial infarction	Disease				local_kg_curated
LFS:COND:Platelet	Platelet	Disease				local_kg_curated
LFS:COND:Neutrophil	Neutrophil	Disease				local_kg_curated
LFS:COND:High_altitude_adaptation	High altitude adaptation	Disease				local_kg_curated
NCBITaxon:1952410	Ruminococcaceae bacterium UBA5905	Microbe			species	local_kg_curated
LFS:COND:Experimental_autoimmune_encephalomyelitis	Experimental autoimmune encephalomyelitis	Disease				local_kg_curated
LFS:COND:Inflammatory_skin_disease	Inflammatory skin disease	Disease				local_kg_curated
LFS:COND:Pathological_complete_response	Pathological complete response	Disease				local_kg_curated
NCBITaxon:508460	Cloacibacillus evryensis	Microbe			species	local_kg_curated
LFS:COND:Rectal_adenocarcinoma	Rectal adenocarcinoma	Disease				local_kg_curated
LFS:COND:Female_fertility	Female fertility	Disease				local_kg_curated
NCBITaxon:86473	uncultured Gammaproteobacteria bacterium	Microbe			species	local_kg_curated
NCBITaxon:42322	Eubacterium ruminantium	Microbe			species	local_kg_curated
NCBITaxon:200	Campylobacter curvus	Microbe			species	local_kg_curated
NCBITaxon:105219	Ralstonia mannitolilytica	Microbe			species	local_kg_curated
LFS:COND:Metalloproteinase_inhibitor_3_measurement	Metalloproteinase inhibitor 3 measurement	Disease				local_kg_curated
NCBITaxon:29354	Lacrimispora celerecrescens	Microbe			species	local_kg_curated
LFS:COND:Transferrin_measurement	Transferrin measurement	Disease				local_kg_curated
LFS:COND:Interleukin_Homo_sapiens	Interleukin (Homo sapiens)	Disease				local_kg_curated
NCBITaxon:154046	Hungatella hathewayi	Microbe			species	local_kg_curated
LFS:COND:Male	Male	Disease				local_kg_curated
NCBITaxon:1322	Blautia hansenii	Microbe			species	local_kg_curated
NCBITaxon:1852374	Ezakiella massiliensis	Microbe			species	local_kg_curated
NCBITaxon:2292305	Clostridium sp. AM42-4	Microbe			species	local_kg_curated
NCBITaxon:273371	Lodderomyces orthopsilosis	Microbe			species	local_kg_curated
NCBITaxon:36834	Clostridium celatum	Microbe			species	local_kg_curated
NCBITaxon:1720294	Eisenbergiella massiliensis	Microbe			species	local_kg_curated
LFS:COND:Response_to_dietary_antigen	Response to dietary antigen	Disease				local_kg_curated
LFS:COND:Central_Nervous_System_Neoplasm	Central Nervous System Neoplasm	Disease				local_kg_curated
LFS:COND:High_risk_pregnancy	High-risk pregnancy	Disease				local_kg_curated
NCBITaxon:54005	Peptoniphilus harei	Microbe			species	local_kg_curated
NCBITaxon:84026	[Clostridium] methylpentosum	Microbe			species	local_kg_curated
NCBITaxon:574930	Parabacteroides gordonii	Microbe			species	local_kg_curated
LFS:COND:Osteoporosis	Osteoporosis	Disease				local_kg_curated
NCBITaxon:69967	Macrococcus equipercicus	Microbe			species	local_kg_curated
NCBITaxon:2840922	Candidatus Scatomorpha intestinavium	Microbe			species	local_kg_curated
NCBITaxon:2292244	Pseudoflavonifractor sp. AF19-9AC	Microbe			species	local_kg_curated
LFS:COND:Colorectal_Adenosquamous_Carcinoma	Colorectal Adenosquamous Carcinoma	Disease				local_kg_curated
NCBITaxon:2291991	Ruminococcaceae bacterium AM07-15	Microbe			species	local_kg_curated
NCBITaxon:2293035	Clostridium sp. AM49-4BH	Microbe			species	local_kg_curated
LFS:COND:Infant	Infant	Disease				local_kg_curated
NCBITaxon:2292066	Roseburia sp. AM23-20	Microbe			species	local_kg_curated
NCBITaxon:1285585	Megasphaera sp. BL7	Microbe			species	local_kg_curated
NCBITaxon:689	Vibrio mediterranei	Microbe			species	local_kg_curated
LFS:COND:Abnormal_blood_glucose_concentration	Abnormal blood glucose concentration	Disease				local_kg_curated
LFS:COND:Aggressive_behavior	Aggressive behavior	Disease				local_kg_curated
NCBITaxon:401472	Corynebacterium ureicelerivorans	Microbe			species	local_kg_curated
NCBITaxon:766056	Microcyclospora tardicrescens	Microbe			species	local_kg_curated
NCBITaxon:2011732	Malassezia sp.	Microbe			species	local_kg_curated
LFS:COND:Sleep_quality	Sleep quality	Disease				local_kg_curated
LFS:COND:Leukocytosis	Leukocytosis	Disease				local_kg_curated
LFS:COND:Enzyme	Enzyme	Disease				local_kg_curated
LFS:COND:Inflammatory_biomarker_measurement	Inflammatory biomarker measurement	Disease				local_kg_curated
LFS:COND:Interleukin_1_alpha_measurement	Interleukin 1 alpha measurement	Disease				local_kg_curated
LFS:COND:Interleukin_2_receptor_subunit_alpha_measurement	Interleukin-2 receptor subunit alpha measurement	Disease				local_kg_curated
LFS:COND:Vitamin_B_measurement	Vitamin B measurement	Disease				local_kg_curated
LFS:COND:Vitamin_B6_measurement	Vitamin B6 measurement	Disease				local_kg_curated
LFS:COND:Vitamin_B12_measurement	Vitamin B12 measurement	Disease				local_kg_curated
NCBITaxon:179883	uncultured Candidatus Saccharibacteria bacterium	Microbe			species	local_kg_curated
LFS:COND:Galactose	Galactose	Disease				local_kg_curated
LFS:COND:Stress_related_disorder	Stress-related disorder	Disease				local_kg_curated
NCBITaxon:2305240	Clostridium sp. AM25-23AC	Microbe			species	local_kg_curated
NCBITaxon:512296	uncultured Phascolarctobacterium sp.	Microbe			species	local_kg_curated
LFS:COND:Alcohol_use_disorder_measurement	Alcohol use disorder measurement	Disease				local_kg_curated
LFS:COND:Primary_immunodeficiency_disease	Primary immunodeficiency disease	Disease				local_kg_curated
NCBITaxon:264029	[Eubacterium] yurii subsp. margaretiae	Microbe			species	local_kg_curated
NCBITaxon:712213	Capnocytophaga sp. oral taxon 332	Microbe			species	local_kg_curated
NCBITaxon:712623	Streptococcus sp. oral taxon 061	Microbe			species	local_kg_curated
LFS:COND:Protozoa_infectious_disease	Protozoa infectious disease	Disease				local_kg_curated
LFS:COND:Urinary_retention	Urinary retention	Disease				local_kg_curated
LFS:COND:Nitrite_measurement	Nitrite measurement	Disease				local_kg_curated
NCBITaxon:2606635	Waltera intestinalis	Microbe			species	local_kg_curated
NCBITaxon:2293011	Clostridium sp. AF34-10BH	Microbe			species	local_kg_curated
LFS:COND:Hippocampal_fissure_volume	Hippocampal fissure volume	Disease				local_kg_curated
NCBITaxon:2708117	Capnocytophaga endodontalis	Microbe			species	local_kg_curated
NCBITaxon:2831000	Arthrobacter sp. NicSoilC5	Microbe			species	local_kg_curated
NCBITaxon:2678261	Pseudomonas sp. Pc102	Microbe			species	local_kg_curated
NCBITaxon:1655	Actinomyces naeslundii	Microbe			species	local_kg_curated
NCBITaxon:45547	Starmerella etchellsii	Microbe			species	local_kg_curated
NCBITaxon:349273	uncultured Phenylobacterium sp.	Microbe			species	local_kg_curated
NCBITaxon:189667	uncultured Aerococcus sp.	Microbe			species	local_kg_curated
NCBITaxon:47878	Pseudomonas azotoformans	Microbe			species	local_kg_curated
LFS:COND:Bone_density	Bone density	Disease				local_kg_curated
LFS:COND:Bone_mineral_content_measurement	Bone mineral content measurement	Disease				local_kg_curated
LFS:COND:Response_to_liver_transplant	Response to liver transplant	Disease				local_kg_curated
NCBITaxon:297	Hydrogenophilus thermoluteolus	Microbe			species	local_kg_curated
NCBITaxon:1276936	Staphylococcus petrasii	Microbe			species	local_kg_curated
NCBITaxon:252130	Uruburuella suis	Microbe			species	local_kg_curated
NCBITaxon:43769	Corynebacterium propinquum	Microbe			species	local_kg_curated
NCBITaxon:555313	Phocaeicola abscessus	Microbe			species	local_kg_curated
NCBITaxon:1852377	Actinomyces pacaensis	Microbe			species	local_kg_curated
NCBITaxon:43995	Johnsonella ignava	Microbe			species	local_kg_curated
NCBITaxon:1547448	Arachnia rubra	Microbe			species	local_kg_curated
NCBITaxon:1659	Actinomyces israelii	Microbe			species	local_kg_curated
NCBITaxon:554406	Leptotrichia hongkongensis	Microbe			species	local_kg_curated
NCBITaxon:28136	Segatella oulorum	Microbe			species	local_kg_curated
LFS:COND:Colorectal_cancer_Peripheral_nerve_injury	Colorectal cancer,Peripheral nerve injury	Disease				local_kg_curated
NCBITaxon:3107375	Eubacteriales Family XIII. Incertae Sedis bacterium	Microbe			species	local_kg_curated
LFS:COND:Benign_prostatic_hyperplasia	Benign prostatic hyperplasia	Disease				local_kg_curated
NCBITaxon:43669	Brachybacterium faecium	Microbe			species	local_kg_curated
LFS:COND:Benign_prostatic_hyperplasia_Periodontitis	Benign prostatic hyperplasia,Periodontitis	Disease				local_kg_curated
NCBITaxon:2592656	Vogesella urethralis	Microbe			species	local_kg_curated
LFS:COND:Periodontitis_Benign_prostatic_hyperplasia	Periodontitis,Benign prostatic hyperplasia	Disease				local_kg_curated
NCBITaxon:118246	Ureibacillus terrenus	Microbe			species	local_kg_curated
NCBITaxon:47885	Pseudomonas oryzihabitans	Microbe			species	local_kg_curated
LFS:COND:Hypoxia	Hypoxia	Disease				local_kg_curated
NCBITaxon:1262816	Clostridium sp. CAG:510	Microbe			species	local_kg_curated
LFS:COND:Lung_carcinoma	Lung carcinoma	Disease				local_kg_curated
NCBITaxon:1763549	uncultured Holdemanella sp.	Microbe			species	local_kg_curated
NCBITaxon:1679169	Bacillus sp. FJAT-27916	Microbe			species	local_kg_curated
NCBITaxon:1334014	uncultured Leptotrichiaceae bacterium	Microbe			species	local_kg_curated
LFS:COND:Streptococcal_pneumonia	Streptococcal pneumonia	Disease				local_kg_curated
LFS:COND:Cerebral_infarction	Cerebral infarction	Disease				local_kg_curated
LFS:COND:Interspecies_interaction_between_organisms	Interspecies interaction between organisms	Disease				local_kg_curated
LFS:COND:Seasonal_gut_microbiome_measurement_Interspecies_interaction_between_organisms	Seasonal gut microbiome measurement,Interspecies interaction between organisms	Disease				local_kg_curated
LFS:COND:HIV_associated_neurocognitive_disorder	HIV-associated neurocognitive disorder	Disease				local_kg_curated
NCBITaxon:2860053	Clostridium sp. L2_50	Microbe			species	local_kg_curated
LFS:COND:Central_nervous_system_disease	Central nervous system disease	Disease				local_kg_curated
NCBITaxon:2317	Methanosphaera stadtmanae	Microbe			species	local_kg_curated
NCBITaxon:2714355	Vescimonas coprocola	Microbe			species	local_kg_curated
LFS:COND:Infertility	Infertility	Disease				local_kg_curated
NCBITaxon:2135672	Massilia sp. GV045	Microbe			species	local_kg_curated
LFS:COND:Coronary_artery_calcification	Coronary artery calcification	Disease				local_kg_curated
LFS:COND:Magnesium	Magnesium	Disease				local_kg_curated
NCBITaxon:2751	Carnobacterium maltaromaticum	Microbe			species	local_kg_curated
LFS:COND:Phenotypic_sex_Magnesium_measurement	Phenotypic sex,Magnesium measurement	Disease				local_kg_curated
LFS:COND:Magnesium_measurement_Phenotypic_sex	Magnesium measurement,Phenotypic sex	Disease				local_kg_curated
NCBITaxon:114527	Mogibacterium diversum	Microbe			species	local_kg_curated
LFS:COND:Obstructive_sleep_apnea_Periodontitis	Obstructive sleep apnea,Periodontitis	Disease				local_kg_curated
NCBITaxon:547520	Bacillus sp. A8 ZZ-2008	Microbe			species	local_kg_curated
NCBITaxon:189665	uncultured Trichococcus sp.	Microbe			species	local_kg_curated
LFS:COND:Periodontal_measurement	Periodontal measurement	Disease				local_kg_curated
NCBITaxon:249188	Haemophilus pittmaniae	Microbe			species	local_kg_curated
LFS:COND:Coronary_artery_disease_Depressive_disorder	Coronary artery disease,Depressive disorder	Disease				local_kg_curated
LFS:COND:Periapical_Periodontitis	Periapical Periodontitis	Disease				local_kg_curated
NCBITaxon:1977	Streptomyces abikoensis	Microbe			species	local_kg_curated
LFS:COND:Therapeutic_Procedure	Therapeutic Procedure	Disease				local_kg_curated
LFS:COND:Digestive_system_disease	Digestive system disease	Disease				local_kg_curated
LFS:COND:Autism_spectrum_disorder_Digestive_system_disease	Autism spectrum disorder,Digestive system disease	Disease				local_kg_curated
LFS:COND:Urothelial_carcinoma	Urothelial carcinoma	Disease				local_kg_curated
LFS:COND:Seasonal_gut_microbiome_measurement	Seasonal gut microbiome measurement	Disease				local_kg_curated
LFS:COND:Library_preparation	Library preparation	Disease				local_kg_curated
NCBITaxon:181487	Schaalia cardiffensis	Microbe			species	local_kg_curated
NCBITaxon:151755	Xenophilus azovorans	Microbe			species	local_kg_curated
NCBITaxon:445220	Reyranella massiliensis	Microbe			species	local_kg_curated
NCBITaxon:29567	methanogen sp.	Microbe			species	local_kg_curated
LFS:COND:Vitamin_K_measurement	Vitamin K measurement	Disease				local_kg_curated
LFS:COND:Grey_matter_volume_measurement	Grey matter volume measurement	Disease				local_kg_curated
LFS:COND:Chronic_human_papillomavirus_infection	Chronic human papillomavirus infection	Disease				local_kg_curated
NCBITaxon:337041	Alphapapillomavirus 9	Microbe			species	local_kg_curated
NCBITaxon:333767	Alphapapillomavirus 3	Microbe			species	local_kg_curated
NCBITaxon:36809	Mycobacteroides abscessus	Microbe			species	local_kg_curated
NCBITaxon:78331	Mycobacterium canetti	Microbe			species	local_kg_curated
LFS:COND:Bacteriemia	Bacteriemia	Disease				local_kg_curated
LFS:COND:Wheezing	Wheezing	Disease				local_kg_curated
NCBITaxon:727	Haemophilus influenzae	Microbe			species	local_kg_curated
NCBITaxon:2028083	Daedalea confragosa	Microbe			species	local_kg_curated
NCBITaxon:86828	Sporobolomyces ruberrimus	Microbe			species	local_kg_curated
LFS:COND:Abnormal_eating_behavior	Abnormal eating behavior	Disease				local_kg_curated
LFS:COND:Hair_color	Hair color	Disease				local_kg_curated
LFS:COND:Clonorchiasis	Clonorchiasis	Disease				local_kg_curated
LFS:COND:IgG4_related_ophthalmic_disease	IgG4-related ophthalmic disease	Disease				local_kg_curated
LFS:COND:Response_to_glucocorticoid	Response to glucocorticoid	Disease				local_kg_curated
LFS:COND:Response_to_transplant_Transplant_outcome_measurement	Response to transplant,Transplant outcome measurement	Disease				local_kg_curated
NCBITaxon:905	Acidaminococcus fermentans	Microbe			species	local_kg_curated
NCBITaxon:1916	Streptomyces lividans	Microbe			species	local_kg_curated
LFS:COND:Anodontia	Anodontia	Disease				local_kg_curated
LFS:COND:Zika_virus_infectious_disease	Zika virus infectious disease	Disease				local_kg_curated
LFS:COND:Pesticide_exposure_measurement	Pesticide exposure measurement	Disease				local_kg_curated
NCBITaxon:1249	Weissella paramesenteroides	Microbe			species	local_kg_curated
NCBITaxon:2779352	Pseudoflavonifractor gallinarum	Microbe			species	local_kg_curated
NCBITaxon:592978	Mediterraneibacter faecis	Microbe			species	local_kg_curated
NCBITaxon:1871030	Merdibacter massiliensis	Microbe			species	local_kg_curated
NCBITaxon:2742600	Limosilactobacillus urinaemulieris	Microbe			species	local_kg_curated
LFS:COND:Bone_resorption_disease	Bone resorption disease	Disease				local_kg_curated
LFS:COND:Osteocalcin_measurement	Osteocalcin measurement	Disease				local_kg_curated
LFS:COND:Femoral_neck_bone_mineral_density	Femoral neck bone mineral density	Disease				local_kg_curated
NCBITaxon:2714358	Pusillibacter faecalis	Microbe			species	local_kg_curated
NCBITaxon:2838656	Candidatus Mailhella excrementigallinarum	Microbe			species	local_kg_curated
NCBITaxon:2293107	Eubacterium sp. AF34-35BH	Microbe			species	local_kg_curated
NCBITaxon:3700660	Cardingvirinae	Microbe			species	local_kg_curated
NCBITaxon:2732013	Markadamsvirinae	Microbe			species	local_kg_curated
NCBITaxon:167	Treponema succinifaciens	Microbe			species	local_kg_curated
NCBITaxon:1637508	Ruminococcus sp. N15.MGS-57	Microbe			species	local_kg_curated
LFS:COND:Tumor_necrosis_factor_beta_measurement	Tumor necrosis factor beta measurement	Disease				local_kg_curated
NCBITaxon:2779518	Blautia liquoris	Microbe			species	local_kg_curated
NCBITaxon:2764325	Hoskinsella hominis	Microbe			species	local_kg_curated
NCBITaxon:2956629	Valbvirus ValB1MD2	Microbe			species	local_kg_curated
NCBITaxon:2779506	Kingella pumchi	Microbe			species	local_kg_curated
NCBITaxon:871665	Blautia faecis	Microbe			species	local_kg_curated
LFS:COND:Semen_measurement	Semen measurement	Disease				local_kg_curated
NCBITaxon:2478483	Erysipelotrichales bacterium	Microbe			species	local_kg_curated
LFS:COND:Restless_legs_syndrome	Restless legs syndrome	Disease				local_kg_curated
LFS:COND:Lactobacillus_kimchii	Lactobacillus kimchii	Disease				local_kg_curated
LFS:COND:Chronic_disease	Chronic disease	Disease				local_kg_curated
LFS:COND:Microbiome_measurement	Microbiome measurement	Disease				local_kg_curated
LFS:COND:Human_T_lymphotropic_virus_1_infectious_disease	Human T-lymphotropic virus 1 infectious disease	Disease				local_kg_curated
NCBITaxon:1184387	Mesotoga prima	Microbe			species	local_kg_curated
LFS:COND:Trichuriasis	Trichuriasis	Disease				local_kg_curated
NCBITaxon:2981769	Waltera acetigignens	Microbe			species	local_kg_curated
NCBITaxon:315405	Streptococcus gallolyticus	Microbe			species	local_kg_curated
NCBITaxon:2830659	Clostridiaceae bacterium Marseille-Q4149	Microbe			species	local_kg_curated
LFS:COND:Response_to_placebo	Response to placebo	Disease				local_kg_curated
LFS:COND:Schistosoma_mansoni	Schistosoma mansoni	Disease				local_kg_curated
LFS:COND:Bronchopulmonary_dysplasia	Bronchopulmonary dysplasia	Disease				local_kg_curated
LFS:COND:Carbohydrate_metabolic_process	Carbohydrate metabolic process	Disease				local_kg_curated
LFS:COND:Polysaccharide	Polysaccharide	Disease				local_kg_curated
NCBITaxon:1912897	Blautia argi	Microbe			species	local_kg_curated
LFS:COND:Silicosis	Silicosis	Disease				local_kg_curated
LFS:COND:Cancer_antigen_19_9_measurement	Cancer antigen 19.9 measurement	Disease				local_kg_curated
LFS:COND:Prothrombin_time_measurement	Prothrombin time measurement	Disease				local_kg_curated
LFS:COND:Blood_coagulation	Blood coagulation	Disease				local_kg_curated
LFS:COND:Sodium	Sodium	Disease				local_kg_curated
LFS:COND:Partial_thromboplastin_time	Partial thromboplastin time	Disease				local_kg_curated
LFS:COND:Serum_carcinoembryonic_antigen_measurement	Serum carcinoembryonic antigen measurement	Disease				local_kg_curated
LFS:COND:Creatine_kinase_measurement	Creatine kinase measurement	Disease				local_kg_curated
LFS:COND:Alkaline_phosphatase_measurement	Alkaline phosphatase measurement	Disease				local_kg_curated
LFS:COND:L_lactate_dehydrogenase_measurement	L lactate dehydrogenase measurement	Disease				local_kg_curated
LFS:COND:Alpha_hydroxybutyric_acid_measurement	Alpha-hydroxybutyric acid measurement	Disease				local_kg_curated
LFS:COND:Neutrophil_to_lymphocyte_ratio	Neutrophil-to-lymphocyte ratio	Disease				local_kg_curated
LFS:COND:Fibrinogen_measurement	Fibrinogen measurement	Disease				local_kg_curated
LFS:COND:Neutrophil_count	Neutrophil count	Disease				local_kg_curated
LFS:COND:Monocyte_count	Monocyte count	Disease				local_kg_curated
LFS:COND:Basophil_count	Basophil count	Disease				local_kg_curated
LFS:COND:Butyrylcholinesterase_measurement	Butyrylcholinesterase measurement	Disease				local_kg_curated
LFS:COND:Triiodothyronine_measurement	Triiodothyronine measurement	Disease				local_kg_curated
LFS:COND:Monocyte_lymphocyte_ratio	Monocyte:lymphocyte ratio	Disease				local_kg_curated
LFS:COND:Thyroxine_measurement	Thyroxine measurement	Disease				local_kg_curated
LFS:COND:Platelet_to_lymphocyte_ratio	Platelet-to-lymphocyte ratio	Disease				local_kg_curated
LFS:COND:Sepsis	Sepsis	Disease				local_kg_curated
NCBITaxon:2719233	Lacrimispora defluvii	Microbe			species	local_kg_curated
NCBITaxon:2763644	Zhenpiania hominis	Microbe			species	local_kg_curated
NCBITaxon:419015	Alloscardovia omnicolens	Microbe			species	local_kg_curated
NCBITaxon:2124	Metamycoplasma salivarium	Microbe			species	local_kg_curated
LFS:COND:COVID_19_Tuberculosis	COVID-19,Tuberculosis	Disease				local_kg_curated
NCBITaxon:713054	TM7 phylum sp. oral taxon 352	Microbe			species	local_kg_curated
LFS:COND:Tuberculosis_COVID_19	Tuberculosis,COVID-19	Disease				local_kg_curated
LFS:COND:Cognitive_decline_measurement	Cognitive decline measurement	Disease				local_kg_curated
LFS:COND:Ileostomy	Ileostomy	Disease				local_kg_curated
NCBITaxon:76776	Malassezia slooffiae	Microbe			species	local_kg_curated
LFS:COND:Doxycycline	Doxycycline	Disease				local_kg_curated
NCBITaxon:5319	Irpex lacteus	Microbe			species	local_kg_curated
NCBITaxon:61592	Corynebacterium durum	Microbe			species	local_kg_curated
NCBITaxon:1177574	Prevotella jejuni	Microbe			species	local_kg_curated
NCBITaxon:2804917	Corynebacterium pseudokroppenstedtii	Microbe			species	local_kg_curated
LFS:COND:Behavior	Behavior	Disease				local_kg_curated
NCBITaxon:1907662	Raoultibacter timonensis	Microbe			species	local_kg_curated
LFS:COND:Insomnia	Insomnia	Disease				local_kg_curated
LFS:COND:Gangrene	Gangrene	Disease				local_kg_curated
NCBITaxon:2501931	Orthocoronavirinae	Microbe			species	local_kg_curated
NCBITaxon:2560071	Brockvirinae	Microbe			species	local_kg_curated
LFS:COND:Inborn_errors_of_metabolism	Inborn errors of metabolism	Disease				local_kg_curated
LFS:COND:Colorectal_adenoma_Non_alcoholic_fatty_liver_disease	Colorectal adenoma,Non-alcoholic fatty liver disease	Disease				local_kg_curated
LFS:COND:Non_alcoholic_fatty_liver_disease_Colorectal_adenoma	Non-alcoholic fatty liver disease,Colorectal adenoma	Disease				local_kg_curated
LFS:COND:Blood_disease	Blood disease	Disease				local_kg_curated
LFS:COND:Antiphospholipid_syndrome	Antiphospholipid syndrome	Disease				local_kg_curated
LFS:COND:Height_growth_measurement	Height growth measurement	Disease				local_kg_curated
NCBITaxon:713008	Parvimonas sp. oral taxon 393	Microbe			species	local_kg_curated
LFS:COND:Failure_to_thrive	Failure to thrive	Disease				local_kg_curated
LFS:COND:Small_cell_lung_carcinoma	Small cell lung carcinoma	Disease				local_kg_curated
LFS:COND:Nausea_and_vomiting	Nausea and vomiting	Disease				local_kg_curated
NCBITaxon:1673721	Intestinimonas massiliensis (ex Afouda et al. 2020)	Microbe			species	local_kg_curated
LFS:COND:Feeding_difficulties	Feeding difficulties	Disease				local_kg_curated
NCBITaxon:1262889	Eubacterium sp. CAG:38	Microbe			species	local_kg_curated
LFS:COND:GBA_carrier_status	GBA carrier status	Disease				local_kg_curated
NCBITaxon:1262884	Eubacterium sp. CAG:202	Microbe			species	local_kg_curated
NCBITaxon:1950820	Clostridiales bacterium UBA1381	Microbe			species	local_kg_curated
NCBITaxon:1262989	Firmicutes bacterium CAG:94	Microbe			species	local_kg_curated
NCBITaxon:936588	Veillonella sp. ACP1	Microbe			species	local_kg_curated
NCBITaxon:84163	Cryptobacterium curtum	Microbe			species	local_kg_curated
NCBITaxon:1262875	Eggerthella sp. CAG:209	Microbe			species	local_kg_curated
LFS:COND:Head_injury	Head injury	Disease				local_kg_curated
LFS:COND:Trauma_exposure_measurement	Trauma exposure measurement	Disease				local_kg_curated
NCBITaxon:2763051	Lachnospira hominis (ex Liu et al. 2021)	Microbe			species	local_kg_curated
LFS:COND:Sugar_sweetened_beverage_consumption_measurement	Sugar sweetened beverage consumption measurement	Disease				local_kg_curated
NCBITaxon:1519439	Oscillibacter sp. ER4	Microbe			species	local_kg_curated
LFS:COND:Polyunsaturated_fatty_acid_measurement	Polyunsaturated fatty acid measurement	Disease				local_kg_curated
LFS:COND:Omega_3_polyunsaturated_fatty_acid_measurement	Omega-3 polyunsaturated fatty acid measurement	Disease				local_kg_curated
LFS:COND:Fruit	Fruit	Disease				local_kg_curated
NCBITaxon:2292205	Clostridium sp. AF20-17LB	Microbe			species	local_kg_curated
NCBITaxon:2292206	Clostridium sp. AF27-2AA	Microbe			species	local_kg_curated
NCBITaxon:539	Eikenella corrodens	Microbe			species	local_kg_curated
NCBITaxon:126287	Didelphinae	Microbe			species	local_kg_curated
NCBITaxon:2049025	Flavonifractor sp.	Microbe			species	local_kg_curated
NCBITaxon:284059	Stenopeltis gracilis	Microbe			species	local_kg_curated
NCBITaxon:3062492	Blautia massiliensis (ex Liu et al. 2021)	Microbe			species	local_kg_curated
NCBITaxon:1926283	Lachnoclostridium edouardi	Microbe			species	local_kg_curated
LFS:COND:Zinc	Zinc	Disease				local_kg_curated
NCBITaxon:61171	Holdemania filiformis	Microbe			species	local_kg_curated
LFS:COND:Calcium_intake_measurement	Calcium intake measurement	Disease				local_kg_curated
LFS:COND:Vitamin_E_measurement	Vitamin E measurement	Disease				local_kg_curated
LFS:COND:Vitamin_C_measurement	Vitamin C measurement	Disease				local_kg_curated
LFS:COND:Vitamin_A_measurement	Vitamin A measurement	Disease				local_kg_curated
NCBITaxon:2718	Cardiobacterium hominis	Microbe			species	local_kg_curated
LFS:COND:Response_to_lithium_ion	Response to lithium ion	Disease				local_kg_curated
NCBITaxon:2177	Methanohalophilus halophilus	Microbe			species	local_kg_curated
CHEBI:10072	Xanthurenic acid	Metabolite		5699.0|C02470|HMDB0000881		local_kg_curated
CHEBI:1098	2-Formaminobenzoylacetate	Metabolite		440807.0|C05835		local_kg_curated
CHEBI:10980	(R)-3-(4-Hydroxyphenyl)lactate	Metabolite		9548632.0		local_kg_curated
CHEBI:10983	(R)-3-hydroxybutyrate	Metabolite		6971058.0		local_kg_curated
CHEBI:11047	(S)-3-hydroxybutyrate	Metabolite		6971271.0		local_kg_curated
CHEBI:113373	Sodium 3-hydroxybutyrate	Metabolite		23676771.0		local_kg_curated
CHEBI:113455	Sodium Benzoate	Metabolite		517055.0|D02277|HMDB0303720		local_kg_curated
CHEBI:1148	2-Hydroxybutyric acid	Metabolite		11266.0		local_kg_curated
CHEBI:131924	1-Pentadecanoyl-sn-glycero-3-phosphocholine	Metabolite		24779458.0|HMDB0010381		local_kg_curated
CHEBI:132244	3-Indoleacrylic acid	Metabolite		5375048.0|C21283|HMDB0000734		local_kg_curated
CHEBI:133180	5-Acetamido-2-azaniumylpentanoate	Metabolite		121596237.0		local_kg_curated
CHEBI:133657	1-(7Z,10Z,13Z,16Z-docosatetraenoyl)-glycero-3-phosphocholine	Metabolite		52924039.0|HMDB0010401		local_kg_curated
CHEBI:133661	Hyocholate	Metabolite		20849047.0		local_kg_curated
CHEBI:134990	Agomelatine	Metabolite		82148.0|D02578|HMDB0015636		local_kg_curated
CHEBI:135404	Flumethiazide	Metabolite		8992.0|D02453		local_kg_curated
CHEBI:137146	1-(1Z-heptadecenyl)-sn-glycero-3-phosphocholine	Metabolite		24779526.0		local_kg_curated
CHEBI:137478	5-(3,4-Dihydroxyphenyl)-4-hydroxypentanoic acid	Metabolite		52920332.0|HMDB0041679		local_kg_curated
CHEBI:137492	4-Hydroxy-5-(3-hydroxyphenyl)pentanoic acid	Metabolite		52920334.0		local_kg_curated
CHEBI:137503	5-(3,4-Dihydroxyphenyl)pentanoic acid	Metabolite		49831816.0|HMDB0029233		local_kg_curated
CHEBI:137517	5-(3-hydroxyphenyl)pentanoic Acid	Metabolite		10559720.0|HMDB0041666		local_kg_curated
CHEBI:138424	Lysophosphatidylcholine	Metabolite		5311264.0		local_kg_curated
CHEBI:139134	12-Ketolithocholic acid	Metabolite		3080612.0|HMDB0000328		local_kg_curated
CHEBI:140437	3-Methylamino-1,2-propanediol	Metabolite		2734122.0		local_kg_curated
CHEBI:140999	Amylotriose	Metabolite		439586.0|C01835|HMDB0001262		local_kg_curated
CHEBI:141443	Phenylalanyllysine	Metabolite		15607820.0|HMDB0029000		local_kg_curated
CHEBI:142528	5beta-Chola-3,8(14),11-trien-24-oic Acid	Metabolite		5284074.0		local_kg_curated
CHEBI:1427	3-(3-Hydroxyphenyl)propanoic acid	Metabolite		91.0|C11457|HMDB0000375		local_kg_curated
CHEBI:145292	LysoPE(22:5(7Z,10Z,13Z,16Z,19Z)/0:0)	Metabolite		53480955.0|HMDB0011525		local_kg_curated
CHEBI:15335	Acacetin	Metabolite		5280442.0|C01470		local_kg_curated
CHEBI:15354	Choline	Metabolite		305.0|C00114|HMDB0000097		local_kg_curated
CHEBI:15355	Acetylcholine	Metabolite		187.0|C01996|HMDB0000895		local_kg_curated
CHEBI:15361	Pyruvate	Metabolite		107735.0		local_kg_curated
CHEBI:15367	Tretinoin	Metabolite		444795.0|C00777|HMDB0001852		local_kg_curated
CHEBI:15413	Naringenin chalcone	Metabolite		5280960.0|C06561|HMDB0029631		local_kg_curated
CHEBI:15428	Glycine	Metabolite		750.0|C00037|HMDB0000123		local_kg_curated
CHEBI:15551	Dinoprostone	Metabolite		5280360.0|C00584|HMDB0001220		local_kg_curated
CHEBI:15560	12-Oxo-phytodienoic acid	Metabolite		5280411.0|C01226|HMDB0301804		local_kg_curated
CHEBI:155877	L-Altrose	Metabolite		10219674.0|C21032		local_kg_curated
CHEBI:15603	Leucine	Metabolite		6106.0|C00123|HMDB0000687		local_kg_curated
CHEBI:156168	Sclareolide	Metabolite		929262.0		local_kg_curated
CHEBI:156303	Colibactin	Metabolite		138805674.0		local_kg_curated
CHEBI:15647	Leukotriene B4	Metabolite		5280492.0|C02165|HMDB0001085		local_kg_curated
CHEBI:15674	DL-Tartaric acid	Metabolite		875.0|HMDB0062642		local_kg_curated
CHEBI:15688	Acetoin	Metabolite		179.0|C00466|HMDB0003243		local_kg_curated
CHEBI:15699	L-homoserine	Metabolite		12647.0|C00263|HMDB0000719		local_kg_curated
CHEBI:15724	Trimethylamine oxide	Metabolite		1145.0|C01104|HMDB0000925		local_kg_curated
CHEBI:15729	L-ornithine	Metabolite		6262.0|C00077|HMDB0000214		local_kg_curated
CHEBI:15740	Formate	Metabolite		283.0|HMDB0304356		local_kg_curated
CHEBI:15746	Spermine	Metabolite		1103.0|C00750|HMDB0001256		local_kg_curated
CHEBI:15756	Palmitic Acid	Metabolite		985.0|C00249|HMDB0000220		local_kg_curated
CHEBI:15758	Leucocyanidin	Metabolite		71629.0|HMDB0303660		local_kg_curated
CHEBI:15760	Tyramine	Metabolite		5610.0|C00483|HMDB0000306		local_kg_curated
CHEBI:15765	Levodopa	Metabolite		6047.0|C00355|HMDB0000181		local_kg_curated
CHEBI:15843	Arachidonic Acid	Metabolite		444899.0|C00219|HMDB0001043		local_kg_curated
CHEBI:15864	Luteolin	Metabolite		5280445.0|C01514|HMDB0005800		local_kg_curated
CHEBI:15891	Taurine	Metabolite		1123.0|C00245|HMDB0000251		local_kg_curated
CHEBI:15901	Dihydrouracil	Metabolite		649.0|C00429|HMDB0000076		local_kg_curated
CHEBI:15940	Nicotinic acid	Metabolite		938.0|C00253|HMDB0001488		local_kg_curated
CHEBI:15956	Biotin	Metabolite		171548.0|C00120|HMDB0000030		local_kg_curated
CHEBI:15971	Histidine	Metabolite		6274.0|C00135|HMDB0000177		local_kg_curated
CHEBI:15999	4-Hydroxyphenylpyruvic acid	Metabolite		979.0|C01179|HMDB0000707		local_kg_curated
CHEBI:16000	Monoethanolamine	Metabolite		700.0|C00189|HMDB0000149		local_kg_curated
CHEBI:16015	Glutamic Acid	Metabolite		33032.0|C00025|HMDB0000148		local_kg_curated
CHEBI:16055	(2R,3R,4S,5S)-2,3,4,5-tetrahydroxyhexanal	Metabolite		19233.0		local_kg_curated
CHEBI:16113	Cholesterol	Metabolite		5997.0|C00187|HMDB0000067		local_kg_curated
CHEBI:16125	Cetyl Alcohol	Metabolite		2682.0|C00823|HMDB0003424		local_kg_curated
CHEBI:16135	Isobutyric acid	Metabolite		6590.0|C02632|HMDB0001873		local_kg_curated
CHEBI:16136	Hydrogen Sulfide	Metabolite		402.0|C00087|HMDB0003276		local_kg_curated
CHEBI:16150	Benzoate	Metabolite		242.0|HMDB0304270		local_kg_curated
CHEBI:16168	6-Hydroxynicotinic acid	Metabolite		72924.0|C01020|HMDB0002658		local_kg_curated
CHEBI:16189	Sulfate Ion	Metabolite		1117.0		local_kg_curated
CHEBI:16196	Oleic Acid	Metabolite		445639.0|C00712|HMDB0000207		local_kg_curated
CHEBI:16199	Urea	Metabolite		1176.0|C00086|HMDB0000294		local_kg_curated
CHEBI:16204	Phloroglucinol	Metabolite		359.0|C02183|HMDB0013675		local_kg_curated
CHEBI:16235	Guanine	Metabolite		135398634.0|C00242|HMDB0000132		local_kg_curated
CHEBI:16236	Ethanol	Metabolite		702.0|C00469|HMDB0000108		local_kg_curated
CHEBI:16243	Quercetin	Metabolite		5280343.0|C00389|HMDB0005794		local_kg_curated
CHEBI:16283	Cystine	Metabolite		67678.0|C00491|HMDB0000192		local_kg_curated
CHEBI:16285	Phytanic acid	Metabolite		26840.0|C01607|HMDB0000801		local_kg_curated
CHEBI:16325	Lithocholic acid	Metabolite		9903.0|C03990|HMDB0000761		local_kg_curated
CHEBI:16335	Adenosine	Metabolite		60961.0|C00212|HMDB0000050		local_kg_curated
CHEBI:16347	Levocarnitine	Metabolite		10917.0|C00318|HMDB0000062		local_kg_curated
CHEBI:16349	Citrulline	Metabolite		9750.0|C00327|HMDB0000904		local_kg_curated
CHEBI:16359	Cholic Acid	Metabolite		221493.0|C00695|HMDB0000619		local_kg_curated
CHEBI:16393	Sphingosine	Metabolite		5280335.0|C00319|HMDB0000252		local_kg_curated
CHEBI:16411	Indole-3-acetic acid	Metabolite		802.0|C00954|HMDB0000197		local_kg_curated
CHEBI:16414	Valine	Metabolite		6287.0|C00183|HMDB0000883		local_kg_curated
CHEBI:16433	Caffeic Acid	Metabolite		689043.0|C01197|HMDB0001964		local_kg_curated
CHEBI:16440	N-Methyl-L-glutamic acid	Metabolite		439377.0|C01046|HMDB0062660		local_kg_curated
CHEBI:16449	DL-Alanine	Metabolite		602.0|C01401|HMDB0062251		local_kg_curated
CHEBI:16467	Arginine	Metabolite		6322.0|C00062|HMDB0000517		local_kg_curated
CHEBI:16482	Naphthalene	Metabolite		931.0|C00829|HMDB0029751		local_kg_curated
CHEBI:16525	Taurochenodeoxycholic acid	Metabolite		387316.0|C05465|HMDB0000951		local_kg_curated
CHEBI:16526	Carbon Dioxide	Metabolite		280.0|C00011|HMDB0001967		local_kg_curated
CHEBI:16534	D-Galactonic acid	Metabolite		128869.0|C00880|HMDB0000565		local_kg_curated
CHEBI:16543	N-acetylornithine	Metabolite		439232.0|C00437|HMDB0003357		local_kg_curated
CHEBI:16566	Sphinganine	Metabolite		91486.0|C00836|HMDB0000269		local_kg_curated
CHEBI:16581	Pregnenolone	Metabolite		8955.0|C01953|HMDB0000253		local_kg_curated
CHEBI:16583	2,3-Butanedione	Metabolite		650.0|C00741|HMDB0003407		local_kg_curated
CHEBI:165843	Pentoxyl	Metabolite		8983.0|HMDB0000544		local_kg_curated
CHEBI:16610	Spermidine	Metabolite		1102.0|C00315|HMDB0001257		local_kg_curated
CHEBI:16634	Raffinose	Metabolite		439242.0|C00492|HMDB0003213		local_kg_curated
CHEBI:16643	Methionine	Metabolite		6137.0|C00073|HMDB0000696		local_kg_curated
CHEBI:16651	L-lactate	Metabolite		5460161.0		local_kg_curated
CHEBI:166606	urolithin B	Metabolite		5380406.0|HMDB0013696		local_kg_curated
CHEBI:166724	7-Sulfocholic acid	Metabolite		459070.0|HMDB0002421		local_kg_curated
CHEBI:166727	Chenodeoxycholic acid sulfate	Metabolite		20849194.0		local_kg_curated
CHEBI:166734	Isoallolithocholic acid	Metabolite		94228.0|HMDB0000713		local_kg_curated
CHEBI:166830	Acetylleucine	Metabolite		1995.0|D07350		local_kg_curated
CHEBI:166892	Aglycone	Metabolite		139597845.0		local_kg_curated
CHEBI:16704	Uridine	Metabolite		6029.0|C00299|HMDB0000296		local_kg_curated
CHEBI:16708	Adenine	Metabolite		190.0|C00147|HMDB0000034		local_kg_curated
CHEBI:16737	creatinine	Metabolite		588.0|C00791		local_kg_curated
CHEBI:16750	Guanosine	Metabolite		135398635.0|C00387|HMDB0000133		local_kg_curated
CHEBI:16755	Chenodiol	Metabolite		10133.0|C02528|HMDB0000518		local_kg_curated
CHEBI:16765	Tryptamine	Metabolite		1150.0|C00398|HMDB0000303		local_kg_curated
CHEBI:16796	Melatonin	Metabolite		896.0|C01598|HMDB0001389		local_kg_curated
CHEBI:16797	1-Methylnicotinamide	Metabolite		457.0|C02918|HMDB0000699		local_kg_curated
CHEBI:16802	Sedoheptulose	Metabolite		5459879.0		local_kg_curated
CHEBI:16827	Corticosterone	Metabolite		5753.0|C02140|HMDB0001547		local_kg_curated
CHEBI:16828	Tryptophan	Metabolite		6305.0|C00078|HMDB0000929		local_kg_curated
CHEBI:168364	Physagulin F	Metabolite		74820162.0|HMDB0039631		local_kg_curated
CHEBI:168442	urolithin A	Metabolite		5488186.0|HMDB0013695		local_kg_curated
CHEBI:16856	Glutathione	Metabolite		124886.0|C00051|HMDB0000125		local_kg_curated
CHEBI:16857	Threonine	Metabolite		6288.0|C00188|HMDB0000167		local_kg_curated
CHEBI:16865	Gamma-Aminobutyric Acid	Metabolite		119.0|C00334|HMDB0000112		local_kg_curated
CHEBI:16867	D-Methionine	Metabolite		84815.0|C00855		local_kg_curated
CHEBI:168749	Corchoionoside B	Metabolite		131751110.0|HMDB0030975		local_kg_curated
CHEBI:16881	Indole	Metabolite		798.0|C00463|HMDB0000738		local_kg_curated
CHEBI:168970	Dehydrocyanaropicrin	Metabolite		71437252.0|HMDB0035029		local_kg_curated
CHEBI:16919	Creatine	Metabolite		586.0|C00300|HMDB0000064		local_kg_curated
CHEBI:16927	L-Saccharopine	Metabolite		160556.0|C00449|HMDB0000279		local_kg_curated
CHEBI:169316	L-Hexahydro-3-imino-1,2,4-oxadiazepine-3-carboxylic acid	Metabolite		86205608.0|HMDB0030402		local_kg_curated
CHEBI:16954	Vitexin	Metabolite		5280441.0|C01460|HMDB0301980		local_kg_curated
CHEBI:16962	Cortisone	Metabolite		222786.0|C00762|HMDB0002802		local_kg_curated
CHEBI:16971	1,2,4-Benzenetriol	Metabolite		10787.0|C02814		local_kg_curated
CHEBI:16973	Desoxycortone	Metabolite		6166.0|C03205|HMDB0000016		local_kg_curated
CHEBI:16977	Alanine	Metabolite		5950.0|C00041|HMDB0000161		local_kg_curated
CHEBI:16990	Bilirubin	Metabolite		5280352.0|C00486|HMDB0000054		local_kg_curated
CHEBI:16995	Oxalic Acid	Metabolite		971.0|C00209|HMDB0002329		local_kg_curated
CHEBI:16997	Propylene Glycol	Metabolite		1030.0|C00583		local_kg_curated
CHEBI:169990	Indole-2-carboxylic acid	Metabolite		72899.0|HMDB0002285		local_kg_curated
CHEBI:170071	Xylenesulfonate	Metabolite		22218081.0		local_kg_curated
CHEBI:17009	GDP-L-fucose	Metabolite		135412609.0|HMDB0001095		local_kg_curated
CHEBI:17015	Riboflavin	Metabolite		493570.0|C00255|HMDB0000244		local_kg_curated
CHEBI:170198	PE-NMe(18:0/20:2(11Z,14Z))	Metabolite		131820210.0|HMDB0113095		local_kg_curated
CHEBI:17053	Aspartic Acid	Metabolite		5960.0|C00049|HMDB0000191		local_kg_curated
CHEBI:17066	(R)-3-Hydroxybutyric acid	Metabolite		92135.0|C01089|HMDB0000011		local_kg_curated
CHEBI:170677	1-(9Z,12Z-octadecadienoyl)-2-eicosanoyl-glycero-3-phosphoethanolamine	Metabolite		52924370.0|HMDB0009097		local_kg_curated
CHEBI:170768	PC(15:0/22:6(4Z,7Z,10Z,13Z,16Z,19Z))	Metabolite		52922342.0|HMDB0007958		local_kg_curated
CHEBI:17115	Serine	Metabolite		5951.0|C00065|HMDB0000187		local_kg_curated
CHEBI:17120	Hexanoate	Metabolite		4398339.0		local_kg_curated
CHEBI:17126	Carnitine	Metabolite		288.0		local_kg_curated
CHEBI:17148	1,4-Diaminobutane	Metabolite		1045.0|C00134|HMDB0001414		local_kg_curated
CHEBI:17154	Niacinamide	Metabolite		936.0|C00153|HMDB0001406		local_kg_curated
CHEBI:17164	Stachyose	Metabolite		439531.0|C01613|HMDB0003553		local_kg_curated
CHEBI:17172	2'-Deoxyguanosine	Metabolite		135398592.0|C00330|HMDB0000085		local_kg_curated
CHEBI:17191	l-Isoleucine	Metabolite		6306.0|C00407|HMDB0000172		local_kg_curated
CHEBI:17196	Asparagine	Metabolite		6267.0|C00152|HMDB0000168		local_kg_curated
CHEBI:17202	Inosinic Acid	Metabolite		135398640.0|C00130|HMDB0000175		local_kg_curated
CHEBI:17203	Proline	Metabolite		145742.0|C00148|HMDB0000162		local_kg_curated
CHEBI:17217	Crotonic acid	Metabolite		637090.0|C01771|HMDB0010720		local_kg_curated
CHEBI:172336	2,2'-Methylenebis(4-methyl-6-tert-butylphenol)	Metabolite		8398.0|HMDB0244434		local_kg_curated
CHEBI:17252	Hydroxyprogesterone	Metabolite		6238.0|C01176|HMDB0000374		local_kg_curated
CHEBI:17258	Purine	Metabolite		1044.0|C15587|HMDB0001366		local_kg_curated
CHEBI:17272	Propionate	Metabolite		104745.0		local_kg_curated
CHEBI:17276	Phloretin	Metabolite		4788.0|C00774|HMDB0003306		local_kg_curated
CHEBI:17295	Phenylalanine	Metabolite		6140.0|C00079|HMDB0000159		local_kg_curated
CHEBI:17310	Pyridoxal	Metabolite		1050.0|C00250|HMDB0001545		local_kg_curated
CHEBI:17336	Retinol	Metabolite		445354.0|C00473|HMDB0000305		local_kg_curated
CHEBI:17345	Guanosine-5'-monophosphate	Metabolite		135398631.0|C00144|HMDB0001397		local_kg_curated
CHEBI:17351	Linoleic Acid	Metabolite		5280450.0|C01595|HMDB0000673		local_kg_curated
CHEBI:17359	Sulfite	Metabolite		1099.0		local_kg_curated
CHEBI:17361	5'-Cytidylic acid	Metabolite		6131.0|C00055|HMDB0000095		local_kg_curated
CHEBI:17368	Hypoxanthine	Metabolite		135398638.0|C00262|HMDB0000157		local_kg_curated
CHEBI:17385	2-Hydroxy-3-(4-hydroxyphenyl)propanoic acid	Metabolite		9378.0|C03672|HMDB0000755		local_kg_curated
CHEBI:17397	3-Methyloxindole	Metabolite		150923.0|C02366|HMDB0304943		local_kg_curated
CHEBI:17405	4-Pyridoxic acid	Metabolite		6723.0|C00847|HMDB0000017		local_kg_curated
CHEBI:17411	N-Acetylglucosamine	Metabolite		1738118.0|HMDB0062641		local_kg_curated
CHEBI:17418	Valeric acid	Metabolite		7991.0|C00803|HMDB0000892		local_kg_curated
CHEBI:174218	N,O-Bis-(trimethylsilyl)phenylalanine	Metabolite		522502.0		local_kg_curated
CHEBI:174255	Urolithin C	Metabolite		60198001.0|HMDB0029218		local_kg_curated
CHEBI:17431	Agmatine	Metabolite		199.0|C00179|HMDB0001432		local_kg_curated
CHEBI:174328	Alanyl-tyrosine	Metabolite		572319.0|HMDB0304776		local_kg_curated
CHEBI:17442	4-(2-Aminophenyl)-2,4-dioxobutanoic acid	Metabolite		472.0|C01252|HMDB0000978		local_kg_curated
CHEBI:17445	3-Hydroxyphenylacetic acid	Metabolite		12122.0|C05593|HMDB0000440		local_kg_curated
CHEBI:174546	Rheinanthrone	Metabolite		119396.0|HMDB0039449		local_kg_curated
CHEBI:174736	Dihydroglycitein	Metabolite		101101166.0|HMDB0041726		local_kg_curated
CHEBI:17490	L-Palmitoylcarnitine	Metabolite		11953816.0|C02990|HMDB0000222		local_kg_curated
CHEBI:175044	Perilloside A	Metabolite		3086657.0		local_kg_curated
CHEBI:17509	5'-Deoxy-5'-methylthioadenosine	Metabolite		439176.0|C00170|HMDB0001173		local_kg_curated
CHEBI:17521	Quinic acid	Metabolite		6508.0|C00296|HMDB0003072		local_kg_curated
CHEBI:175276	3a,4b,12a-Trihydroxy-5b-cholanoic acid	Metabolite		53477684.0|HMDB0000330		local_kg_curated
CHEBI:17533	N-Acetyl-L-glutamic acid	Metabolite		70914.0|C00624|HMDB0001138		local_kg_curated
CHEBI:17558	Quercitrin	Metabolite		5280459.0|C01750|HMDB0033751		local_kg_curated
CHEBI:17561	Cysteine	Metabolite		5862.0|C00097|HMDB0000574		local_kg_curated
CHEBI:17562	Cytidine	Metabolite		6175.0|C00475|HMDB0000089		local_kg_curated
CHEBI:17568	Uracil	Metabolite		1174.0|C00106|HMDB0000300		local_kg_curated
CHEBI:175691	Furocoumarinic acid glucoside	Metabolite		131750885.0|HMDB0029601		local_kg_curated
CHEBI:17588	L-Homocysteine	Metabolite		91552.0|C00155|HMDB0000742		local_kg_curated
CHEBI:175929	4'-Hydroxy-3',5,6,7,8-pentamethoxyflavone	Metabolite		21593928.0|HMDB0029547		local_kg_curated
CHEBI:17594	Hydroquinone	Metabolite		785.0|C00530|HMDB0002434		local_kg_curated
CHEBI:17596	Inosine	Metabolite		135398641.0|C00294|HMDB0000195		local_kg_curated
CHEBI:17597	4-Hydroxybenzaldehyde	Metabolite		126.0|C00633|HMDB0011718		local_kg_curated
CHEBI:176011	Cohibin B	Metabolite		102066451.0		local_kg_curated
CHEBI:17604	N(6)-Methyllysine	Metabolite		164795.0|C02728|HMDB0002038		local_kg_curated
CHEBI:17620	Ferulic acid	Metabolite		445858.0|C01494|HMDB0000954		local_kg_curated
CHEBI:17639	Dehydrolithocholic acid	Metabolite		5283906.0|C03070		local_kg_curated
CHEBI:17645	4-Acetamidobutyric acid	Metabolite		18189.0|C02946|HMDB0003681		local_kg_curated
CHEBI:176482	n,n,n-Trimethyllysine	Metabolite		159660.0		local_kg_curated
CHEBI:17650	Hydrocortisone	Metabolite		5754.0|C00735|HMDB0000063		local_kg_curated
CHEBI:176692	4-[(Z)-15,16-dihydroxydotriacont-19-enyl]-2-methyl-2H-uran-5-one	Metabolite		131751737.0|HMDB0035397		local_kg_curated
CHEBI:176828	3-Ketocholanic acid	Metabolite		543448.0|HMDB0304950		local_kg_curated
CHEBI:17687	Glycocholic acid	Metabolite		10140.0|C01921|HMDB0000138		local_kg_curated
CHEBI:17696	Cyanuric acid	Metabolite		7956.0|C06554|HMDB0041861		local_kg_curated
CHEBI:17710	Mevalonic acid	Metabolite		439230.0|C00418|HMDB0000227		local_kg_curated
CHEBI:17712	Xanthine	Metabolite		1188.0|C00385|HMDB0000292		local_kg_curated
CHEBI:17715	2,8-Quinolinediol	Metabolite		97250.0|C06342|HMDB0240311		local_kg_curated
CHEBI:17750	Betaine	Metabolite		247.0|C00719		local_kg_curated
CHEBI:17754	Glycerin	Metabolite		753.0|C00116|HMDB0000131		local_kg_curated
CHEBI:177563	1-Octadecyl-glycero-3-phosphate	Metabolite		10432493.0		local_kg_curated
CHEBI:17759	7-Dehydrocholesterol	Metabolite		439423.0|C01164|HMDB0000032		local_kg_curated
CHEBI:17768	N-acetylputrescine	Metabolite		122356.0|C02714|HMDB0002064		local_kg_curated
CHEBI:17775	Uric Acid	Metabolite		1175.0|C00366|HMDB0000289		local_kg_curated
CHEBI:17786	N-Acetyl-L-leucine	Metabolite		70912.0|C02710|HMDB0011756		local_kg_curated
CHEBI:17794	3-Phosphoglyceric acid	Metabolite		439183.0|C00197|HMDB0060180		local_kg_curated
CHEBI:17807	3-(3,4-Dihydroxyphenyl)-2-hydroxypropanoic acid	Metabolite		439435.0|C01207|HMDB0003503		local_kg_curated
CHEBI:17821	Thymine	Metabolite		1135.0|C00178|HMDB0000262		local_kg_curated
CHEBI:178212	Valyl-Hydroxyproline	Metabolite		10242944.0		local_kg_curated
CHEBI:17847	P-Cresol	Metabolite		2879.0|C01468|HMDB0001858		local_kg_curated
CHEBI:17858	Oxiglutatione	Metabolite		65359.0|C00127|HMDB0003337		local_kg_curated
CHEBI:17884	Phenylacetylglutamine	Metabolite		92258.0|C04148|HMDB0006344		local_kg_curated
CHEBI:17895	Tyrosine	Metabolite		6057.0|C00082|HMDB0000158		local_kg_curated
CHEBI:17964	Pipecolic acid	Metabolite		849.0|HMDB0000070		local_kg_curated
CHEBI:17968	Butyrate	Metabolite		104775.0		local_kg_curated
CHEBI:17992	Sucrose	Metabolite		5988.0|C00089|HMDB0000258		local_kg_curated
CHEBI:18019	Lysine	Metabolite		5962.0|C00047|HMDB0000182		local_kg_curated
CHEBI:18050	Glutamine	Metabolite		5961.0|C00064|HMDB0000641		local_kg_curated
CHEBI:18086	2-(1H-indol-3-yl)acetaldehyde	Metabolite		800.0|C00637|HMDB0001190		local_kg_curated
CHEBI:18088	Formononetin	Metabolite		5280378.0|C00858|HMDB0005808		local_kg_curated
CHEBI:18089	Hippuric Acid	Metabolite		464.0|C01586|HMDB0000714		local_kg_curated
CHEBI:18101	4-Hydroxyphenylacetic acid	Metabolite		127.0|C00642|HMDB0000020		local_kg_curated
CHEBI:18112	2-Aminophenol	Metabolite		5801.0|C01987		local_kg_curated
CHEBI:18139	Trimethylamine	Metabolite		1146.0|C00565|HMDB0000906		local_kg_curated
CHEBI:181436	7-Aminoheptanoic acid	Metabolite		13580.0|HMDB0247233		local_kg_curated
CHEBI:18147	Maltose	Metabolite		6255.0|C01971		local_kg_curated
CHEBI:18152	Myricetin	Metabolite		5281672.0|C10107|HMDB0002755		local_kg_curated
CHEBI:18183	L-Pyroglutamic acid	Metabolite		7405.0|C01879|HMDB0000267		local_kg_curated
CHEBI:18243	Dopamine	Metabolite		681.0|C03758|HMDB0000073		local_kg_curated
CHEBI:182630	(R)-(+)-Lactamide	Metabolite		1530236.0		local_kg_curated
CHEBI:18295	Histamine	Metabolite		774.0|C00388|HMDB0000870		local_kg_curated
CHEBI:18332	Levothyroxine	Metabolite		5819.0|C01829|HMDB0000248		local_kg_curated
CHEBI:18344	Kynurenic acid	Metabolite		3845.0|C01717|HMDB0000715		local_kg_curated
CHEBI:18388	Apigenin	Metabolite		5280443.0|C01477|HMDB0002124		local_kg_curated
CHEBI:183939	Ofloxacin N-oxide	Metabolite		10362217.0		local_kg_curated
CHEBI:18401	Benzeneacetate	Metabolite		4409936.0		local_kg_curated
CHEBI:18409	(2S)-2-hydroxy-2-methyl-3-oxobutanoic acid	Metabolite		440878.0|C06010|HMDB0006855		local_kg_curated
CHEBI:184934	Norselic acid D	Metabolite		44557651.0		local_kg_curated
CHEBI:185321	PC(DiMe(9,5)/DiMe(9,3))	Metabolite		131770101.0|HMDB0061429		local_kg_curated
CHEBI:185733	Stoloniferone M	Metabolite		16733715.0		local_kg_curated
CHEBI:186034	Sclerotiorin	Metabolite		6436015.0		local_kg_curated
CHEBI:186993	1-dodecanoyl-2-(9Z,12Z-heptadecadienoyl)-glycero-3-phospho-(1'-sn-glycerol)	Metabolite		52926317.0		local_kg_curated
CHEBI:187090	1-hexadecyl-2-(9Z-nonadecenoyl)-glycero-3-phospho-(1'-sn-glycerol)	Metabolite		52927259.0		local_kg_curated
CHEBI:189726	3-Hydroxy-4-methoxybenzenepropanoic acid	Metabolite		2752054.0|HMDB0131138		local_kg_curated
CHEBI:189811	2-Methyl-4-Pentyloxazole	Metabolite		525786.0|HMDB0037856		local_kg_curated
CHEBI:191121	[(1S,2R,3S,4S,5R,6S)-2,3,5-trihydroxy-4,6-diphosphonooxycyclohexyl] dihydrogen phosphate	Metabolite		55310.0		local_kg_curated
CHEBI:192538	(Z)-10-hydroxyoctadec-12-enoic acid	Metabolite		46186046.0		local_kg_curated
CHEBI:192539	10-keto-12Z-octadecenoic acid	Metabolite		24970825.0		local_kg_curated
CHEBI:192613	3'-Hydroxystanozolol	Metabolite		14299601.0|HMDB0006001		local_kg_curated
CHEBI:192678	Methyl 3,4,5-trimethoxybenzoate	Metabolite		15956.0		local_kg_curated
CHEBI:194254	N,N-Diethyldodecanamide	Metabolite		18783.0		local_kg_curated
CHEBI:19475	DL-Norvaline	Metabolite		824.0|HMDB0251527		local_kg_curated
CHEBI:195298	Loganetin	Metabolite		10466307.0		local_kg_curated
CHEBI:20067	3-Hydroxybutyric acid	Metabolite		441.0		local_kg_curated
CHEBI:201674	Icaritin	Metabolite		5318980.0		local_kg_curated
CHEBI:21547	N-Acetyl-L-aspartic acid	Metabolite		65065.0|C01042|HMDB0000812		local_kg_curated
CHEBI:21553	Aceglutamide	Metabolite		182230.0|D07063|HMDB0006029		local_kg_curated
CHEBI:2181	L-Fucose	Metabolite		17106.0|C01019		local_kg_curated
CHEBI:22191	Acetyl phosphate(2-)	Metabolite		4183249.0		local_kg_curated
CHEBI:22660	DL-Aspartic acid	Metabolite		424.0|C16433		local_kg_curated
CHEBI:22868	Bile acid	Metabolite		439520.0|C01558		local_kg_curated
CHEBI:230000	8alpha-8-Hydroxy-12-oxo-13-abieten-18-oic acid	Metabolite		245310.0|HMDB0035878		local_kg_curated
CHEBI:230009	Garcinone D	Metabolite		5495926.0|HMDB0033332		local_kg_curated
CHEBI:24809	Indole-3-carboxylic acid	Metabolite		69867.0|C19837|HMDB0003320		local_kg_curated
CHEBI:24813	Indole-3-lactic acid	Metabolite		92904.0|C02043		local_kg_curated
CHEBI:24996	Lactate	Metabolite		91435.0		local_kg_curated
CHEBI:25998	DL-3-Phenyllactic acid	Metabolite		3848.0|HMDB0000779		local_kg_curated
CHEBI:2672	Oxymatrine	Metabolite		114850.0|C10749		local_kg_curated
CHEBI:27386	Cinnamic Acid	Metabolite		444539.0|C00423|HMDB0000930		local_kg_curated
CHEBI:27470	Folic Acid	Metabolite		135398658.0|C00504|HMDB0000121		local_kg_curated
CHEBI:27480	Phenylacetylglycine	Metabolite		68144.0|C05598|HMDB0000821		local_kg_curated
CHEBI:27595	11-epi-Prostaglandin F2alpha	Metabolite		5280886.0|C05959|HMDB0010199		local_kg_curated
CHEBI:27681	(2S)-2-ethyl-2-hydroxy-3-oxobutanoic acid	Metabolite		440875.0|C06006|HMDB0006900		local_kg_curated
CHEBI:27809	L-4-Hydroxyglutamate semialdehyde	Metabolite		440851.0|C05938|HMDB0006556		local_kg_curated
CHEBI:27823	5-Hydroxyindole-3-acetic acid	Metabolite		1826.0|C05635|HMDB0000763		local_kg_curated
CHEBI:27834	Pentostatin	Metabolite		439693.0|C02267|HMDB0014692		local_kg_curated
CHEBI:28001	Vancomycin	Metabolite		14969.0|C06689|HMDB0014653		local_kg_curated
CHEBI:28013	1,6-di-O-phosphono-beta-D-fructofuranose	Metabolite		10267.0|C05378|HMDB0001058		local_kg_curated
CHEBI:28088	Genistein	Metabolite		5280961.0|C06563|HMDB0003217		local_kg_curated
CHEBI:28099	prostaglandin B2	Metabolite		5280881.0|C05954		local_kg_curated
CHEBI:28125	Doconexent	Metabolite		445580.0|C06429|HMDB0002183		local_kg_curated
CHEBI:28197	Daidzein	Metabolite		5281708.0|C10208|HMDB0003312		local_kg_curated
CHEBI:28229	Tilarginine	Metabolite		132862.0|C03884|HMDB0029416		local_kg_curated
CHEBI:28238	Indole-3-carboxaldehyde	Metabolite		10256.0|C08493|HMDB0029737		local_kg_curated
CHEBI:28266	Fluorene	Metabolite		6853.0|C07715|HMDB0252355		local_kg_curated
CHEBI:28281	5-Methoxyindole-3-acetic acid	Metabolite		18986.0|C05660|HMDB0004096		local_kg_curated
CHEBI:28359	(-)-beta-Pinene	Metabolite		440967.0|C06307|HMDB0036559		local_kg_curated
CHEBI:28364	Icosapent	Metabolite		446284.0|C06428|HMDB0001999		local_kg_curated
CHEBI:28442	15-Keto-PGF2alpha	Metabolite		5280887.0|C05960|HMDB0004240		local_kg_curated
CHEBI:28484	Isovaleric acid	Metabolite		10430.0|C08262|HMDB0000718		local_kg_curated
CHEBI:28499	Kaempferol	Metabolite		5280863.0|C05903|HMDB0005801		local_kg_curated
CHEBI:28529	Quercimeritrin	Metabolite		5282160.0|C12639|HMDB0302151		local_kg_curated
CHEBI:28631	3-Phenylpropionic acid	Metabolite		107.0|C05629|HMDB0000764		local_kg_curated
CHEBI:28635	2-Isopropylmalic acid	Metabolite		77.0		local_kg_curated
CHEBI:28645	beta-D-fructofuranose	Metabolite		439709.0|C02336|HMDB0000660		local_kg_curated
CHEBI:28683	Kynurenine	Metabolite		846.0|C01718|HMDB0250769		local_kg_curated
CHEBI:28716	Palmitoleic Acid	Metabolite		445638.0|C08362|HMDB0003229		local_kg_curated
CHEBI:28728	thromboxane B2	Metabolite		5283137.0|HMDB0003252		local_kg_curated
CHEBI:28790	Serotonin	Metabolite		5202.0|C00780|HMDB0000259		local_kg_curated
CHEBI:28792	Erucic Acid	Metabolite		5281116.0|C08316|HMDB0002068		local_kg_curated
CHEBI:28794	Coumarin	Metabolite		323.0|C05851|HMDB0001218		local_kg_curated
CHEBI:28822	Arachidic Acid	Metabolite		10467.0|C06425|HMDB0002212		local_kg_curated
CHEBI:28831	1-Propanol	Metabolite		1031.0|C05979|HMDB0000820		local_kg_curated
CHEBI:28832	Androsterone glucuronide	Metabolite		114833.0|C11135|HMDB0002829		local_kg_curated
CHEBI:28834	Deoxycholic Acid	Metabolite		222528.0|C04483|HMDB0000626		local_kg_curated
CHEBI:28835	Testosterone glucuronide	Metabolite		108192.0|C11134|HMDB0003193		local_kg_curated
CHEBI:28842	Stearic Acid	Metabolite		5281.0|C01530|HMDB0000827		local_kg_curated
CHEBI:28865	Taurocholic acid	Metabolite		6675.0|HMDB0000036		local_kg_curated
CHEBI:28866	Tetracosanoic acid	Metabolite		11197.0|C08320|HMDB0002003		local_kg_curated
CHEBI:28869	Menadione	Metabolite		4055.0|C05377|HMDB0001892		local_kg_curated
CHEBI:28875	Myristic Acid	Metabolite		11005.0|C06424|HMDB0000806		local_kg_curated
CHEBI:28931	3'-Adenylic acid	Metabolite		41211.0|C01367|HMDB0003540		local_kg_curated
CHEBI:28938	Ammonium	Metabolite		223.0|C01342|HMDB0041827		local_kg_curated
CHEBI:28941	Behenic Acid	Metabolite		8215.0|C08281|HMDB0000944		local_kg_curated
CHEBI:28984	Aluminum	Metabolite		5359268.0		local_kg_curated
CHEBI:28997	2'-Deoxyinosine	Metabolite		135398593.0|C05512|HMDB0000071		local_kg_curated
CHEBI:29073	Ascorbic Acid	Metabolite		54670067.0|C00072|HMDB0000044		local_kg_curated
CHEBI:29320	Calcium	Metabolite		5460341.0		local_kg_curated
CHEBI:29323	Methylazoxymethanol	Metabolite		6433205.0|C02390|HMDB0254623		local_kg_curated
CHEBI:29750	Indole-3-pyruvic acid	Metabolite		803.0|C00331|HMDB0060484		local_kg_curated
CHEBI:2979	Baicalein	Metabolite		5281605.0|C10023		local_kg_curated
CHEBI:29806	Fumarate	Metabolite		5460307.0		local_kg_curated
CHEBI:2981	Baicalin	Metabolite		64982.0|C10025		local_kg_curated
CHEBI:29852	Methylarsonic acid	Metabolite		8948.0|C07294|HMDB0012258		local_kg_curated
CHEBI:30031	Succinate	Metabolite		160419.0		local_kg_curated
CHEBI:30089	Acetate	Metabolite		175.0		local_kg_curated
CHEBI:30248	Lacto-N-tetraose	Metabolite		440993.0|C06371		local_kg_curated
CHEBI:30744	Oxalacetic acid	Metabolite		970.0|C00036|HMDB0000223		local_kg_curated
CHEBI:30745	Phenylacetic Acid	Metabolite		999.0|C07086|HMDB0000209		local_kg_curated
CHEBI:30746	Benzoic Acid	Metabolite		243.0|C00180|HMDB0001870		local_kg_curated
CHEBI:30751	Formic Acid	Metabolite		284.0|C00058|HMDB0000142		local_kg_curated
CHEBI:30753	4-Aminobenzoic acid	Metabolite		978.0|C00568|HMDB0001392		local_kg_curated
CHEBI:30763	4-Hydroxybenzoic acid	Metabolite		135.0|C00156|HMDB0000500		local_kg_curated
CHEBI:30764	3-Hydroxybenzoic acid	Metabolite		7420.0|C00587|HMDB0002466		local_kg_curated
CHEBI:30769	Citric Acid	Metabolite		311.0|C00158|HMDB0000094		local_kg_curated
CHEBI:30776	Caproic Acid	Metabolite		8892.0|C01585|HMDB0000535		local_kg_curated
CHEBI:30778	Gallic Acid	Metabolite		370.0|C01424|HMDB0005807		local_kg_curated
CHEBI:30813	Capric Acid	Metabolite		2969.0|C01571|HMDB0000511		local_kg_curated
CHEBI:30816	Vanillic Acid	Metabolite		8468.0|C06672|HMDB0000484		local_kg_curated
CHEBI:30817	Urocanic acid	Metabolite		736715.0|C00785|HMDB0000301		local_kg_curated
CHEBI:30825	Elaidate	Metabolite		5461071.0		local_kg_curated
CHEBI:30831	2-Oxobutanoic acid	Metabolite		58.0|C00109|HMDB0000005		local_kg_curated
CHEBI:30851	Phenylpyruvic acid	Metabolite		997.0|C00166|HMDB0000205		local_kg_curated
CHEBI:30915	2-Oxoglutaric acid	Metabolite		51.0|C00026|HMDB0000208		local_kg_curated
CHEBI:30956	Trichloroacetic Acid	Metabolite		6421.0|C11150|HMDB0042048		local_kg_curated
CHEBI:31011	Valerate	Metabolite		114781.0		local_kg_curated
CHEBI:31697	Oxindole	Metabolite		321710.0|C12312|HMDB0061918		local_kg_curated
CHEBI:32398	(2R)-2,3-Dihydroxypropanoic acid	Metabolite		439194.0|C00258|HMDB0000139		local_kg_curated
CHEBI:32425	Gondoic Acid	Metabolite		5282768.0|C16526|HMDB0002231		local_kg_curated
CHEBI:32544	Nicotinate	Metabolite		937.0		local_kg_curated
CHEBI:32796	(2R)-2-hydroxypentanedioic acid	Metabolite		439391.0|C01087|HMDB0000606		local_kg_curated
CHEBI:32805	cis-Aconitic acid	Metabolite		643757.0|C00417|HMDB0000072		local_kg_curated
CHEBI:32980	3-(4-Hydroxyphenyl)propionic acid	Metabolite		10394.0|C01744|HMDB0002199		local_kg_curated
CHEBI:33251	Hydrogen	Metabolite		783.0|C00282|HMDB0001362		local_kg_curated
CHEBI:33336	Lanthanum	Metabolite		23926.0|HMDB0013711		local_kg_curated
CHEBI:33353	Technetium	Metabolite		23957.0		local_kg_curated
CHEBI:34146	12(S)-Hete	Metabolite		5283155.0|C14777|HMDB0006111		local_kg_curated
CHEBI:34490	8,9-Epoxyeicosatrienoic acid	Metabolite		5283203.0|C14769|HMDB0002232		local_kg_curated
CHEBI:34496	(9S,10E,12Z)-9-hydroxyoctadeca-10,12-dienoic acid	Metabolite		5312830.0|C14767|HMDB0004670		local_kg_curated
CHEBI:34656	Cumene	Metabolite		7406.0|C14396|HMDB0034029		local_kg_curated
CHEBI:34707	Dihydrogenistein	Metabolite		9838356.0|C14458|HMDB0005897		local_kg_curated
CHEBI:34714	Dimethoate	Metabolite		3082.0|C14326|HMDB0251379		local_kg_curated
CHEBI:34741	Equol	Metabolite		91469.0|C14131|HMDB0002209		local_kg_curated
CHEBI:34778	Glycitein	Metabolite		5317750.0|C14536|HMDB0005781		local_kg_curated
CHEBI:35021	Urochloralic acid	Metabolite		3036914.0|C14869|HMDB0042049		local_kg_curated
CHEBI:35096	4-tert-Amylphenol	Metabolite		6643.0|C14226|HMDB0246582		local_kg_curated
CHEBI:35619	L-2-Aminobutyric acid	Metabolite		80283.0|C02356|HMDB0000452		local_kg_curated
CHEBI:36025	9,11-Octadecadienoic acid	Metabolite		5282796.0|HMDB0005047		local_kg_curated
CHEBI:36062	3,4-Dihydroxybenzoic acid	Metabolite		72.0|C00230|HMDB0001856		local_kg_curated
CHEBI:36090	p-Coumaric acid	Metabolite		637542.0|C00811|HMDB0002035		local_kg_curated
CHEBI:36217	D-(+)-Cellobiose	Metabolite		10712.0|C06422|HMDB0000055		local_kg_curated
CHEBI:36259	Taurolithocholic acid	Metabolite		439763.0|C02592|HMDB0000722		local_kg_curated
CHEBI:36274	Glycochenodeoxycholic acid	Metabolite		12544.0|C05466|HMDB0000637		local_kg_curated
CHEBI:37051	3-Hydroxy-2-methylbutanoic acid	Metabolite		160471.0|HMDB0000354		local_kg_curated
CHEBI:37070	2-Methylbutanoic acid	Metabolite		8314.0|C18319|HMDB0002176		local_kg_curated
CHEBI:39251	12-Methyltetradecanoic acid	Metabolite		21672.0|C16665		local_kg_curated
CHEBI:40070	4-Hydroxycoumarin	Metabolite		54682930.0|C20414		local_kg_curated
CHEBI:40646	Autoinducer-2	Metabolite		446576.0|C16421		local_kg_curated
CHEBI:41321	Cholesterol sulfate	Metabolite		65076.0|C18043|HMDB0000653		local_kg_curated
CHEBI:41582	(R)-Piperidine-2-carboxylic acid	Metabolite		736316.0|HMDB0005960		local_kg_curated
CHEBI:4170	Glucose 6-phosphate	Metabolite		5958.0|C00092|HMDB0001401		local_kg_curated
CHEBI:41941	3,4-Dihydroxyphenylacetic acid	Metabolite		547.0|C01161|HMDB0001336		local_kg_curated
CHEBI:42056	2,4-Dioxopentanedioic acid	Metabolite		444873.0		local_kg_curated
CHEBI:4208	D-Mannose	Metabolite		18950.0|C00159		local_kg_curated
CHEBI:42111	D-Lactic acid	Metabolite		61503.0|C00256|HMDB0001311		local_kg_curated
CHEBI:42255	Epigallocatechin	Metabolite		72277.0|C12136|HMDB0038361		local_kg_curated
CHEBI:42280	6-[(4R,5S)-5-methyl-2-oxoimidazolidin-4-yl]hexanoic acid	Metabolite		445027.0|HMDB0003581		local_kg_curated
CHEBI:43355	Indoxyl sulfate	Metabolite		10258.0|HMDB0000682		local_kg_curated
CHEBI:43580	3-Indolepropionic acid	Metabolite		3744.0|C22236|HMDB0002302		local_kg_curated
CHEBI:44247	Nervonic Acid	Metabolite		5281120.0|C08323|HMDB0002368		local_kg_curated
CHEBI:44369	1-Deoxynojirimycin	Metabolite		29435.0|C16843		local_kg_curated
CHEBI:44510	L-Leucic acid	Metabolite		83697.0|HMDB0000746		local_kg_curated
CHEBI:44897	Phosphoenolpyruvate	Metabolite		1005.0|C00074|HMDB0000263		local_kg_curated
CHEBI:45571	Heptanoic Acid	Metabolite		8094.0|C17714|HMDB0000666		local_kg_curated
CHEBI:4582	Dihydroresveratrol	Metabolite		185914.0|C10255|HMDB0240498		local_kg_curated
CHEBI:45969	Tricarballylic acid	Metabolite		14925.0|C19806|HMDB0031193		local_kg_curated
CHEBI:4629	Diosgenin	Metabolite		99474.0|C08898		local_kg_curated
CHEBI:4630	Diosmetin	Metabolite		5281612.0|C10038|HMDB0029676		local_kg_curated
CHEBI:4676	Dodecanedioic acid	Metabolite		12736.0|C02678|HMDB0000623		local_kg_curated
CHEBI:46905	Pantothenic Acid	Metabolite		6613.0|C00864|HMDB0000210		local_kg_curated
CHEBI:47952	D-Glucuronic Acid	Metabolite		94715.0|C00191		local_kg_curated
CHEBI:4828	Ergothioneine	Metabolite		5351619.0|HMDB0003045		local_kg_curated
CHEBI:48400	Dihydrocaffeic acid	Metabolite		348154.0|C10447|HMDB0000423		local_kg_curated
CHEBI:48942	Isovalerate	Metabolite		3587356.0		local_kg_curated
CHEBI:48946	2-Methylbutyrate	Metabolite		22253297.0		local_kg_curated
CHEBI:48981	Oxyquinoline	Metabolite		1923.0|D05321		local_kg_curated
CHEBI:50202	5,7-Dihydroxy-2-(4-hydroxyphenyl)chroman-4-one	Metabolite		932.0|HMDB0242579		local_kg_curated
CHEBI:50207	8-Prenylnaringenin	Metabolite		480764.0|C18023		local_kg_curated
CHEBI:50392	2-Hydroxy-2-phenylpropanoic acid	Metabolite		1303.0		local_kg_curated
CHEBI:50619	gamma-Glutamylalanine	Metabolite		440103.0|HMDB0006248		local_kg_curated
CHEBI:50713	Pentahomomethionine	Metabolite		25010767.0		local_kg_curated
CHEBI:5298	Genipin	Metabolite		442424.0|C09780		local_kg_curated
CHEBI:53455	D-Xylose	Metabolite		135191.0|C00181|HMDB0000098		local_kg_curated
CHEBI:545959	Homovanillic Acid	Metabolite		1738.0|C05582|HMDB0000118		local_kg_curated
CHEBI:57589	Acetyl-L-Carnitine	Metabolite		7045767.0|HMDB0000201		local_kg_curated
CHEBI:57627	1D-myo-inositol 1,4,5,6-tetrakisphosphate(8-)	Metabolite		25201642.0		local_kg_curated
CHEBI:58775	3-Oxo-3-ureidopropanoate	Metabolite		25200877.0		local_kg_curated
CHEBI:58876	Murideoxycholate	Metabolite		21158657.0		local_kg_curated
CHEBI:59783	2-Hydroxy-4-methylvaleric acid	Metabolite		92779.0|HMDB0000665		local_kg_curated
CHEBI:60239	beta-D-Gal-(1->4)-beta-D-GlcNAc-(1->3)-beta-D-Gal-(1->4)-D-Glc	Metabolite		9831622.0		local_kg_curated
CHEBI:6052	Isorhamnetin	Metabolite		5281654.0|C10084|HMDB0002655		local_kg_curated
CHEBI:60954	2-Hydroxy-2-methylbutanenitrile	Metabolite		97823.0		local_kg_curated
CHEBI:62064	2,3-Butanediol	Metabolite		262.0|HMDB0003156		local_kg_curated
CHEBI:62346	L-Rhamnose	Metabolite		25310.0|C00507|HMDB0000849		local_kg_curated
CHEBI:62837	1-Oleoyl Lysophosphatidic Acid	Metabolite		5311263.0		local_kg_curated
CHEBI:63153	N-Acetyl-D-Mannosamine	Metabolite		439281.0|C00645		local_kg_curated
CHEBI:63357	H-arg-glu-OH	Metabolite		6995004.0|HMDB0028708		local_kg_curated
CHEBI:63552	1-Phenyl-1,2-propanedione	Metabolite		11363.0|C17268|HMDB0035243		local_kg_curated
CHEBI:63624	Telbivudine	Metabolite		159269.0|D06675|HMDB0015394		local_kg_curated
CHEBI:63866	Octadecylamine	Metabolite		15793.0|HMDB0029586		local_kg_curated
CHEBI:63977	12-Hydroxyheptadecatrienoic acid	Metabolite		5283141.0|C20388|HMDB0012535		local_kg_curated
CHEBI:64489	1-Myristoyl-sn-glycero-3-phosphocholine	Metabolite		460604.0|HMDB0010379		local_kg_curated
CHEBI:64838	1D-myo-inositol 6-phosphate	Metabolite		161368.0|HMDB0002985		local_kg_curated
CHEBI:65004	Secoisolariciresinol	Metabolite		65373.0|C18167|HMDB0013692		local_kg_curated
CHEBI:6568	Lunularin	Metabolite		181511.0|C10269		local_kg_curated
CHEBI:6650	Malic Acid	Metabolite		525.0|C00711		local_kg_curated
CHEBI:6695	Marmesin	Metabolite		334704.0|C09276		local_kg_curated
CHEBI:67246	Lariciresinol	Metabolite		332427.0|C10646|HMDB0303941		local_kg_curated
CHEBI:6731	Melezitose	Metabolite		92817.0|C08243|HMDB0011730		local_kg_curated
CHEBI:67988	Ginsenoside Rd	Metabolite		11679800.0|C20725		local_kg_curated
CHEBI:68352	Isoquercetin	Metabolite		5280804.0|C05623|HMDB0037362		local_kg_curated
CHEBI:68505	Pyrocatechol sulfate	Metabolite		3083879.0|HMDB0059724		local_kg_curated
CHEBI:69187	Methyl palmitate	Metabolite		8181.0|C16995|HMDB0061859		local_kg_curated
CHEBI:70436	Platycodin D	Metabolite		162859.0|C17410		local_kg_curated
CHEBI:70976	N-Acetyl-DL-tryptophan	Metabolite		2002.0|HMDB0255052		local_kg_curated
CHEBI:70984	N-Isovaleroylglycine	Metabolite		546304.0|HMDB0000678		local_kg_curated
CHEBI:71032	Phenylalanylserine	Metabolite		193508.0|HMDB0029004		local_kg_curated
CHEBI:71464	Palmitoylethanolamide	Metabolite		4671.0|C16512|HMDB0002100		local_kg_curated
CHEBI:71466	n-Oleoylethanolamine	Metabolite		5283454.0|C20792|HMDB0002088		local_kg_curated
CHEBI:72640	(+/-)-10-hydroxy-4Z,7Z,11E,13Z,16Z,19Z-docosahexaenoic acid	Metabolite		11537494.0		local_kg_curated
CHEBI:72842	9-OxoODE	Metabolite		9839084.0|C14766|HMDB0004669		local_kg_curated
CHEBI:73003	PC(16:0/20:4(5Z,8Z,11Z,14Z))	Metabolite		10747814.0|HMDB0007982		local_kg_curated
CHEBI:73067	Palmitoylcarnitine	Metabolite		461.0|HMDB0240783		local_kg_curated
CHEBI:73246	2-(Hexadecanoyloxy)-1-[(phosphonooxy)methyl]ethyl hexadecanoate	Metabolite		446066.0|HMDB0000674		local_kg_curated
CHEBI:73514	Glycyl-L-leucine	Metabolite		92843.0|C02155|HMDB0000759		local_kg_curated
CHEBI:73527	L-Leucyl-L-alanine	Metabolite		81721.0|HMDB0028922		local_kg_curated
CHEBI:73580	Leucylproline	Metabolite		80817.0|HMDB0011175		local_kg_curated
CHEBI:73705	gamma-Glutamylglutamate	Metabolite		92865.0|C05282|HMDB0011737		local_kg_curated
CHEBI:73810	Arginylalanine	Metabolite		7020333.0|HMDB0028702		local_kg_curated
CHEBI:73849	Glutamylalanine	Metabolite		6992506.0|HMDB0003764		local_kg_curated
CHEBI:73851	1-(9Z-hexadecenoyl)-sn-glycero-3-phosphocholine	Metabolite		24779461.0|HMDB0010383		local_kg_curated
CHEBI:73858	1-Stearoyl-sn-glycero-3-phosphocholine	Metabolite		497299.0|HMDB0010384		local_kg_curated
CHEBI:73873	1-(4Z,7Z,10Z,13Z,16Z,19Z-docosahexaenoyl)-sn-glycero-3-phosphocholine	Metabolite		10415542.0|HMDB0010404		local_kg_curated
CHEBI:73994	Thromboxane B1	Metabolite		71668258.0		local_kg_curated
CHEBI:74154	3-Amino-4,7-dihydroxy-8-methylcoumarin	Metabolite		54691342.0|C12466		local_kg_curated
CHEBI:74340	1-Heptadecanoyl-sn-glycero-3-phosphocholine	Metabolite		24779463.0|HMDB0012108		local_kg_curated
CHEBI:74343	LysoPC(20:3(5Z,8Z,11Z))	Metabolite		53480467.0|HMDB0010393		local_kg_curated
CHEBI:74344	1-Arachidonoyl-sn-glycero-3-phosphocholine	Metabolite		24779476.0|HMDB0010395		local_kg_curated
CHEBI:74348	LysoPC(22:5(4Z,7Z,10Z,13Z,16Z))	Metabolite		53480473.0|HMDB0010402		local_kg_curated
CHEBI:74568	Lysyl-serine	Metabolite		151428.0|HMDB0028960		local_kg_curated
CHEBI:74762	Prolylglutamic acid	Metabolite		194260.0		local_kg_curated
CHEBI:74767	Prolylhydroxyproline	Metabolite		11902893.0|HMDB0006695		local_kg_curated
CHEBI:74903	4-Methylpentanoic acid	Metabolite		12587.0|C21399|HMDB0000689		local_kg_curated
CHEBI:74957	6,7,4'-Trihydroxyisoflavone	Metabolite		5284649.0|C14314|HMDB0031715		local_kg_curated
CHEBI:74971	1-18:1-lysoPE	Metabolite		58177709.0		local_kg_curated
CHEBI:75011	Valylglutamic acid	Metabolite		7009623.0|HMDB0029126		local_kg_curated
CHEBI:75095	Chrysin	Metabolite		5281607.0|C10028|HMDB0036619		local_kg_curated
CHEBI:7565	Nifedipine	Metabolite		4485.0|C07266|HMDB0015247		local_kg_curated
CHEBI:75842	Dihydrodaidzein	Metabolite		176907.0|HMDB0005760		local_kg_curated
CHEBI:75950	(20S)-Protopanaxadiol	Metabolite		11213350.0|C20715		local_kg_curated
CHEBI:76004	Dimethyl Fumarate	Metabolite		637568.0|D03846|HMDB0031257		local_kg_curated
CHEBI:76084	2-Linoleoyl-sn-glycero-3-phosphocholine	Metabolite		71768169.0|HMDB0061700		local_kg_curated
CHEBI:7622	Norathyriol	Metabolite		5281656.0|C10086|HMDB0255722		local_kg_curated
CHEBI:76237	Protopanaxadiol	Metabolite		9920281.0		local_kg_curated
CHEBI:76290	2-Amino-1-methyl-6-phenylimidazo(4,5-b)pyridine	Metabolite		1530.0|C16038|HMDB0041008		local_kg_curated
CHEBI:77147	Ginsenoside Rh2	Metabolite		119307.0|C22128		local_kg_curated
CHEBI:77323	Ethoxyquin	Metabolite		3293.0|HMDB0039531		local_kg_curated
CHEBI:79	Arctigenin	Metabolite		64981.0|C10545|HMDB0030087		local_kg_curated
CHEBI:8031	Petasitenine	Metabolite		5281741.0|C10359|HMDB0030328		local_kg_curated
CHEBI:80442	(9Z,11E,13S,15Z)-13-Hydroxyoctadeca-9,11,15-trienoic acid	Metabolite		16061072.0|C16316		local_kg_curated
CHEBI:80473	5-Acetylamino-6-amino-3-methyluracil	Metabolite		88299.0|C16366|HMDB0004400		local_kg_curated
CHEBI:80774	Tauroursodeoxycholic acid	Metabolite		9848818.0|C16868		local_kg_curated
CHEBI:8083	Phenyl beta-D-glucopyranoside	Metabolite		65080.0|C03097		local_kg_curated
CHEBI:81253	Isolithocholic acid	Metabolite		164853.0|C17658|HMDB0000717		local_kg_curated
CHEBI:81256	Isodeoxycholic acid	Metabolite		164672.0|C17661|HMDB0002536		local_kg_curated
CHEBI:81299	omega-Muricholic acid	Metabolite		5283851.0|C17727|HMDB0000364		local_kg_curated
CHEBI:81308	Allocholic acid	Metabolite		160636.0|C17737|HMDB0000505		local_kg_curated
CHEBI:81556	Enterodiol	Metabolite		115089.0|C18166|HMDB0005056		local_kg_curated
CHEBI:81582	2,2',4,4',5-Pentabromodiphenyl ether	Metabolite		36159.0|C18203|HMDB0037516		local_kg_curated
CHEBI:81584	2,2',4,4'-Tetrabromodiphenyl ether	Metabolite		95170.0|C18205|HMDB0037547		local_kg_curated
CHEBI:81610	1-Methoxypyrene	Metabolite		160236.0|C18259|HMDB0060324		local_kg_curated
CHEBI:8200	Picolinamide	Metabolite		15070.0|C01950|HMDB0256533		local_kg_curated
CHEBI:8228	Pioglitazone	Metabolite		4829.0|C07675|HMDB0015264		local_kg_curated
CHEBI:82309	2,4-Diaminoanisole	Metabolite		11976.0|C19218|HMDB0245445		local_kg_curated
CHEBI:82392	Arsenobetaine	Metabolite		47364.0|C19331|HMDB0033206		local_kg_curated
CHEBI:82619	Baohuoside I	Metabolite		5488822.0		local_kg_curated
CHEBI:82914	p-Cresol sulfate	Metabolite		4615423.0|HMDB0011635		local_kg_curated
CHEBI:82916	3-(1H-indol-3-yl)propanoate	Metabolite		3292996.0		local_kg_curated
CHEBI:82932	4-Ethylphenyl sulfate	Metabolite		20822574.0|HMDB0062551		local_kg_curated
CHEBI:83055	Lysophosphatidylcholine(20:2)	Metabolite		52924053.0|HMDB0010392		local_kg_curated
CHEBI:8434	Prochloraz	Metabolite		73665.0|C11182|HMDB0062513		local_kg_curated
CHEBI:84447	12-Hydroxyeicosatetraenoic acid	Metabolite		13786989.0		local_kg_curated
CHEBI:85204	Ceramide np	Metabolite		57378373.0		local_kg_curated
CHEBI:85289	Phenyl sulfate	Metabolite		18795569.0		local_kg_curated
CHEBI:85403	Lysophosphatidylserine	Metabolite		42607474.0|HMDB0240606		local_kg_curated
CHEBI:85533	Betonicine	Metabolite		164642.0|C08269|HMDB0029412		local_kg_curated
CHEBI:86259	LysoPC(20:4(8Z,11Z,14Z,17Z))	Metabolite		53480469.0|HMDB0010396		local_kg_curated
CHEBI:86655	Homoveratric acid	Metabolite		7139.0|HMDB0000434		local_kg_curated
CHEBI:87625	(3R,4R)-3,4-dihydroxyoxolan-2-one	Metabolite		5325915.0|HMDB0000349		local_kg_curated
CHEBI:87986	p-Cresol glucuronide	Metabolite		154035.0|HMDB0011686		local_kg_curated
CHEBI:88290	5-hydroxy-1H-imidazole-4-carboxamide	Metabolite		124343.0		local_kg_curated
CHEBI:88345	12S-Hepe	Metabolite		5283191.0		local_kg_curated
CHEBI:88662	6'-Hydroxy-O-desmethylangolensin	Metabolite		20601635.0|HMDB0041695		local_kg_curated
CHEBI:88685	1-(11Z-eicosenoyl)-glycero-3-phosphocholine	Metabolite		52924051.0|HMDB0010391		local_kg_curated
CHEBI:88698	LysoPC(18:3(6Z,9Z,12Z))	Metabolite		52924045.0|HMDB0010387		local_kg_curated
CHEBI:88902	O-Desmethylangolensin	Metabolite		89472.0|HMDB0004629		local_kg_curated
CHEBI:89649	5-Hydroxyindole	Metabolite		16054.0|HMDB0059805		local_kg_curated
CHEBI:89929	Glycoursodeoxycholic acid	Metabolite		12310288.0|HMDB0000708		local_kg_curated
CHEBI:90328	Threonyl-valine	Metabolite		7020902.0|HMDB0029074		local_kg_curated
CHEBI:90354	Phe-Gln	Metabolite		11779156.0|HMDB0028993		local_kg_curated
CHEBI:9171	Skatole	Metabolite		6736.0|C08313|HMDB0000466		local_kg_curated
CHEBI:9211	Soyasaponin I	Metabolite		122097.0|C08983|HMDB0034649		local_kg_curated
CHEBI:9300	Suberic acid	Metabolite		10457.0|C08278|HMDB0000893		local_kg_curated
CHEBI:9410	Taurodeoxycholic acid	Metabolite		2733768.0|HMDB0000896		local_kg_curated
CHEBI:94468	Milnacipran	Metabolite		65833.0|D08222|HMDB0015602		local_kg_curated
CHEBI:9555	Thioguanine	Metabolite		2723601.0|C07648|HMDB0014496		local_kg_curated
CHEBI:9901	Tetrahydrocortisone	Metabolite		5866.0|C05470		local_kg_curated
CHEBI:9907	Ursodiol	Metabolite		31401.0|C07880|HMDB0000946		local_kg_curated
NCBIGene:100009600	Zglp1	Gene				local_kg_curated
NCBIGene:100040591	Kcnj13	Gene				local_kg_curated
NCBIGene:100043194	Sult2a2	Gene				local_kg_curated
NCBIGene:100102	Pcsk9	Gene				local_kg_curated
NCBIGene:10014	HDAC5	Gene				local_kg_curated
NCBIGene:10015	PDCD6IP	Gene				local_kg_curated
NCBIGene:10050	SLC17A4	Gene				local_kg_curated
NCBIGene:100506658	OCLN	Gene				local_kg_curated
NCBIGene:100705	Acacb	Gene				local_kg_curated
NCBIGene:100727	Ugt2b34	Gene				local_kg_curated
NCBIGene:101613	Nlrp6	Gene				local_kg_curated
NCBIGene:1019	CDK4	Gene				local_kg_curated
NCBIGene:1021	CDK6	Gene				local_kg_curated
NCBIGene:10257	ABCC4	Gene				local_kg_curated
NCBIGene:1026	CDKN1A	Gene				local_kg_curated
NCBIGene:103140	Gstt3	Gene				local_kg_curated
NCBIGene:10333	TLR6	Gene				local_kg_curated
NCBIGene:103534	Mgat4b	Gene				local_kg_curated
NCBIGene:103988	Gck	Gene				local_kg_curated
NCBIGene:10400	PEMT	Gene				local_kg_curated
NCBIGene:104027	Synpo	Gene				local_kg_curated
NCBIGene:104183	Chil4	Gene				local_kg_curated
NCBIGene:104371	Acc	Gene				local_kg_curated
NCBIGene:104416	Bap1	Gene				local_kg_curated
NCBIGene:1047	CLGN	Gene				local_kg_curated
NCBIGene:104759	Pld4	Gene				local_kg_curated
NCBIGene:105243	Slc9a3	Gene				local_kg_curated
NCBIGene:105375355	UPK3B	Gene				local_kg_curated
NCBIGene:10560	SLC19A2	Gene				local_kg_curated
NCBIGene:105787	Prkaa1	Gene				local_kg_curated
NCBIGene:10591	DNPH1	Gene				local_kg_curated
NCBIGene:10619	Ighm	Gene				local_kg_curated
NCBIGene:106407	Slc51a	Gene				local_kg_curated
NCBIGene:106480431	ENO1-IT1	Gene				local_kg_curated
NCBIGene:106529	Tecr	Gene				local_kg_curated
NCBIGene:10663	CXCR6	Gene				local_kg_curated
NCBIGene:10679	IL10	Gene				local_kg_curated
NCBIGene:107476	Acaca	Gene				local_kg_curated
NCBIGene:107766	Haao	Gene				local_kg_curated
NCBIGene:10791	VAMP5	Gene				local_kg_curated
NCBIGene:108155	Ogt	Gene				local_kg_curated
NCBIGene:10891	Ppargc1a	Gene				local_kg_curated
NCBIGene:109305	Orai1	Gene				local_kg_curated
NCBIGene:109648	Npy	Gene				local_kg_curated
NCBIGene:109741	H3	Gene				local_kg_curated
NCBIGene:10986	IGAD1	Gene				local_kg_curated
NCBIGene:109900	Asl	Gene				local_kg_curated
NCBIGene:11009	IL24	Gene				local_kg_curated
NCBIGene:110115	Cyp11b1	Gene				local_kg_curated
NCBIGene:110147	Ehmt2	Gene				local_kg_curated
NCBIGene:110821	Pcca	Gene				local_kg_curated
NCBIGene:1113	CHGA	Gene				local_kg_curated
NCBIGene:111343	Il1	Gene				local_kg_curated
NCBIGene:111654	Ifna	Gene				local_kg_curated
NCBIGene:11282	MGAT4B	Gene				local_kg_curated
NCBIGene:11303	Abca1	Gene				local_kg_curated
NCBIGene:11307	Abcg1	Gene				local_kg_curated
NCBIGene:11320	MGAT4A	Gene				local_kg_curated
NCBIGene:113868	Acaa1a	Gene				local_kg_curated
NCBIGene:11409	Acads	Gene				local_kg_curated
NCBIGene:11430	Acox1	Gene				local_kg_curated
NCBIGene:114548	NLRP3	Gene				local_kg_curated
NCBIGene:114663	Impa2	Gene				local_kg_curated
NCBIGene:114664	Hsd17b11	Gene				local_kg_curated
NCBIGene:11475	Acta2	Gene				local_kg_curated
NCBIGene:11486	Ada	Gene				local_kg_curated
NCBIGene:11501	Adam8	Gene				local_kg_curated
NCBIGene:11520	Plin2	Gene				local_kg_curated
NCBIGene:11556	Adrb3	Gene				local_kg_curated
NCBIGene:11622	Ahr	Gene				local_kg_curated
NCBIGene:116379	IL22RA2	Gene				local_kg_curated
NCBIGene:11648	Akp3	Gene				local_kg_curated
NCBIGene:11651	Akt1	Gene				local_kg_curated
NCBIGene:11655	Alas1	Gene				local_kg_curated
NCBIGene:11676	Aldoc	Gene				local_kg_curated
NCBIGene:116873	Stim2	Gene				local_kg_curated
NCBIGene:11761	Aox1	Gene				local_kg_curated
NCBIGene:11793	Atg5	Gene				local_kg_curated
NCBIGene:11829	Aqp4	Gene				local_kg_curated
NCBIGene:11846	Arg1	Gene				local_kg_curated
NCBIGene:11865	Bmal1	Gene				local_kg_curated
NCBIGene:11883	Arsa	Gene				local_kg_curated
NCBIGene:11910	Atf3	Gene				local_kg_curated
NCBIGene:11931	Atp1b1	Gene				local_kg_curated
NCBIGene:11997	Akr1b7	Gene				local_kg_curated
NCBIGene:12013	Bach1	Gene				local_kg_curated
NCBIGene:12043	Bcl2	Gene				local_kg_curated
NCBIGene:12064	Bdnf	Gene				local_kg_curated
NCBIGene:12142	Prdm1	Gene				local_kg_curated
NCBIGene:12151	Bmi1	Gene				local_kg_curated
NCBIGene:12224	Klf5	Gene				local_kg_curated
NCBIGene:123	PLIN2	Gene				local_kg_curated
NCBIGene:12304	Pdia4	Gene				local_kg_curated
NCBIGene:12307	Calb1	Gene				local_kg_curated
NCBIGene:12322	Camk2a	Gene				local_kg_curated
NCBIGene:12349	Car2	Gene				local_kg_curated
NCBIGene:1235	CCR6	Gene				local_kg_curated
NCBIGene:12359	Cat	Gene				local_kg_curated
NCBIGene:12362	Casp1	Gene				local_kg_curated
NCBIGene:12367	Casp3	Gene				local_kg_curated
NCBIGene:12387	Ctnnb1	Gene				local_kg_curated
NCBIGene:12443	Ccnd1	Gene				local_kg_curated
NCBIGene:12491	Cd36	Gene				local_kg_curated
NCBIGene:12495	Entpd1	Gene				local_kg_curated
NCBIGene:12514	Cd68	Gene				local_kg_curated
NCBIGene:12524	Cd86	Gene				local_kg_curated
NCBIGene:12540	Cdc42	Gene				local_kg_curated
NCBIGene:12545	Cdc7	Gene				local_kg_curated
NCBIGene:12550	Cdh1	Gene				local_kg_curated
NCBIGene:12552	Cdh11	Gene				local_kg_curated
NCBIGene:12566	Cdk2	Gene				local_kg_curated
NCBIGene:12567	Cdk4	Gene				local_kg_curated
NCBIGene:12575	Cdkn1a	Gene				local_kg_curated
NCBIGene:12576	Cdkn1b	Gene				local_kg_curated
NCBIGene:12578	Cdkn2a	Gene				local_kg_curated
NCBIGene:12608	Cebpb	Gene				local_kg_curated
NCBIGene:12613	Cel	Gene				local_kg_curated
NCBIGene:12640	Cga	Gene				local_kg_curated
NCBIGene:12648	Chd1	Gene				local_kg_curated
NCBIGene:12652	Chga	Gene				local_kg_curated
NCBIGene:12655	Chil3	Gene				local_kg_curated
NCBIGene:12660	Chka	Gene				local_kg_curated
NCBIGene:12683	Cidea	Gene				local_kg_curated
NCBIGene:12686	Elovl3	Gene				local_kg_curated
NCBIGene:12709	Ckb	Gene				local_kg_curated
NCBIGene:12737	Cldn1	Gene				local_kg_curated
NCBIGene:12738	Cldn2	Gene				local_kg_curated
NCBIGene:12739	Cldn3	Gene				local_kg_curated
NCBIGene:12741	Cldn5	Gene				local_kg_curated
NCBIGene:12765	Cxcr2	Gene				local_kg_curated
NCBIGene:12768	Ccr1	Gene				local_kg_curated
NCBIGene:12796	Camp	Gene				local_kg_curated
NCBIGene:12801	Cnr1	Gene				local_kg_curated
NCBIGene:12826	Col4a1	Gene				local_kg_curated
NCBIGene:12842	Col1a1	Gene				local_kg_curated
NCBIGene:12894	Cpt1a	Gene				local_kg_curated
NCBIGene:12895	Cpt1b	Gene				local_kg_curated
NCBIGene:12896	Cpt2	Gene				local_kg_curated
NCBIGene:12912	Creb1	Gene				local_kg_curated
NCBIGene:12914	Crebbp	Gene				local_kg_curated
NCBIGene:12916	Crem	Gene				local_kg_curated
NCBIGene:12981	Csf2	Gene				local_kg_curated
NCBIGene:12985	Csf3	Gene				local_kg_curated
NCBIGene:130120	REG3G	Gene				local_kg_curated
NCBIGene:13070	Cyp11a1	Gene				local_kg_curated
NCBIGene:13076	Cyp1a1	Gene				local_kg_curated
NCBIGene:13077	Cyp1a2	Gene				local_kg_curated
NCBIGene:13086	Cyp2a4	Gene				local_kg_curated
NCBIGene:13087	Cyp2a5	Gene				local_kg_curated
NCBIGene:13088	Cyp2b10	Gene				local_kg_curated
NCBIGene:13089	Cyp2b13	Gene				local_kg_curated
NCBIGene:13094	Cyp2b9	Gene				local_kg_curated
NCBIGene:13095	Cyp2c29	Gene				local_kg_curated
NCBIGene:13096	Cyp2c37	Gene				local_kg_curated
NCBIGene:13099	Cyp2c40	Gene				local_kg_curated
NCBIGene:13106	Cyp2e1	Gene				local_kg_curated
NCBIGene:13112	Cyp3a11	Gene				local_kg_curated
NCBIGene:13117	Cyp4a10	Gene				local_kg_curated
NCBIGene:13118	Cyp4a12b	Gene				local_kg_curated
NCBIGene:13119	Cyp4a14	Gene				local_kg_curated
NCBIGene:13120	Cyp4b1	Gene				local_kg_curated
NCBIGene:13122	Cyp7a1	Gene				local_kg_curated
NCBIGene:13123	Cyp7b1	Gene				local_kg_curated
NCBIGene:13124	Cyp8b1	Gene				local_kg_curated
NCBIGene:13142	Dao	Gene				local_kg_curated
NCBIGene:13162	Slc6a3	Gene				local_kg_curated
NCBIGene:13171	Dbt	Gene				local_kg_curated
NCBIGene:13175	Dclk1	Gene				local_kg_curated
NCBIGene:13190	Dct	Gene				local_kg_curated
NCBIGene:13198	Ddit3	Gene				local_kg_curated
NCBIGene:13214	Defb1	Gene				local_kg_curated
NCBIGene:13218	Defa29	Gene				local_kg_curated
NCBIGene:13239	Defa5	Gene				local_kg_curated
NCBIGene:13382	Dld	Gene				local_kg_curated
NCBIGene:13385	Dlg4	Gene				local_kg_curated
NCBIGene:13487	Slc26a3	Gene				local_kg_curated
NCBIGene:13555	E2f1	Gene				local_kg_curated
NCBIGene:1364	CLDN4	Gene				local_kg_curated
NCBIGene:1365	CLDN3	Gene				local_kg_curated
NCBIGene:13653	Egr1	Gene				local_kg_curated
NCBIGene:1366	CLDN7	Gene				local_kg_curated
NCBIGene:1375	Cpt1b	Gene				local_kg_curated
NCBIGene:13819	Epas1	Gene				local_kg_curated
NCBIGene:13850	Ephx2	Gene				local_kg_curated
NCBIGene:13874	Ereg	Gene				local_kg_curated
NCBIGene:13983	Esr2	Gene				local_kg_curated
NCBIGene:140474	Muc4	Gene				local_kg_curated
NCBIGene:14056	Ezh2	Gene				local_kg_curated
NCBIGene:140781	Myh7	Gene				local_kg_curated
NCBIGene:14079	Fabp2	Gene				local_kg_curated
NCBIGene:14080	Fabp1	Gene				local_kg_curated
NCBIGene:140806	Il25	Gene				local_kg_curated
NCBIGene:14102	Fas	Gene				local_kg_curated
NCBIGene:14104	Fasn	Gene				local_kg_curated
NCBIGene:14128	Fcer2a	Gene				local_kg_curated
NCBIGene:14160	Lgr5	Gene				local_kg_curated
NCBIGene:14161	Fga	Gene				local_kg_curated
NCBIGene:14268	Fn1	Gene				local_kg_curated
NCBIGene:14281	Fos	Gene				local_kg_curated
NCBIGene:14289	Fpr2	Gene				local_kg_curated
NCBIGene:14297	Fxn	Gene				local_kg_curated
NCBIGene:1432	MAPK14	Gene				local_kg_curated
NCBIGene:14325	Ftl1	Gene				local_kg_curated
NCBIGene:14344	Fut2	Gene				local_kg_curated
NCBIGene:143686	SESN3	Gene				local_kg_curated
NCBIGene:14377	G6pc1	Gene				local_kg_curated
NCBIGene:14390	Gabpa	Gene				local_kg_curated
NCBIGene:14421	B4galnt1	Gene				local_kg_curated
NCBIGene:14461	Gata2	Gene				local_kg_curated
NCBIGene:14526	Gcg	Gene				local_kg_curated
NCBIGene:14537	Gcnt1	Gene				local_kg_curated
NCBIGene:14555	Gpd1	Gene				local_kg_curated
NCBIGene:14580	Gfap	Gene				local_kg_curated
NCBIGene:14583	Gfpt1	Gene				local_kg_curated
NCBIGene:14598	Ggt1	Gene				local_kg_curated
NCBIGene:14605	Tsc22d3	Gene				local_kg_curated
NCBIGene:14607	Gip	Gene				local_kg_curated
NCBIGene:14609	Gja1	Gene				local_kg_curated
NCBIGene:14629	Gclc	Gene				local_kg_curated
NCBIGene:14630	Gclm	Gene				local_kg_curated
NCBIGene:14635	Galk1	Gene				local_kg_curated
NCBIGene:14711	Gnmt	Gene				local_kg_curated
NCBIGene:14718	Got1	Gene				local_kg_curated
NCBIGene:14719	Got2	Gene				local_kg_curated
NCBIGene:14732	Gpam	Gene				local_kg_curated
NCBIGene:14775	Gpx1	Gene				local_kg_curated
NCBIGene:14776	Gpx2	Gene				local_kg_curated
NCBIGene:14778	Gpx3	Gene				local_kg_curated
NCBIGene:14799	Gria1	Gene				local_kg_curated
NCBIGene:14810	Grin1	Gene				local_kg_curated
NCBIGene:14816	Grm1	Gene				local_kg_curated
NCBIGene:14824	Grn	Gene				local_kg_curated
NCBIGene:14825	Cxcl1	Gene				local_kg_curated
NCBIGene:14828	Hspa5	Gene				local_kg_curated
NCBIGene:14857	Gsta1	Gene				local_kg_curated
NCBIGene:14858	Gsta2	Gene				local_kg_curated
NCBIGene:14862	Gstm1	Gene				local_kg_curated
NCBIGene:14863	Gstm2	Gene				local_kg_curated
NCBIGene:14864	Gstm3	Gene				local_kg_curated
NCBIGene:14865	Gstm4	Gene				local_kg_curated
NCBIGene:14870	Gstp1	Gene				local_kg_curated
NCBIGene:14939	Gzmb	Gene				local_kg_curated
NCBIGene:14960	H2-Aa	Gene				local_kg_curated
NCBIGene:150	ADRA2A	Gene				local_kg_curated
NCBIGene:15006	H2-Q1	Gene				local_kg_curated
NCBIGene:1509	CTSD	Gene				local_kg_curated
NCBIGene:151	ADRA2B	Gene				local_kg_curated
NCBIGene:15108	Hsd17b10	Gene				local_kg_curated
NCBIGene:151306	GPBAR1	Gene				local_kg_curated
NCBIGene:15183	Hdac3	Gene				local_kg_curated
NCBIGene:15184	Hdac5	Gene				local_kg_curated
NCBIGene:15185	Hdac6	Gene				local_kg_curated
NCBIGene:15248	Hic1	Gene				local_kg_curated
NCBIGene:15357	Hmgcr	Gene				local_kg_curated
NCBIGene:15368	Hmox1	Gene				local_kg_curated
NCBIGene:15370	Nr4a1	Gene				local_kg_curated
NCBIGene:15378	Hnf4a	Gene				local_kg_curated
NCBIGene:154	ADRB2	Gene				local_kg_curated
NCBIGene:154043	CNKSR3	Gene				local_kg_curated
NCBIGene:1543	CYP1A1	Gene				local_kg_curated
NCBIGene:1544	CYP1A2	Gene				local_kg_curated
NCBIGene:15445	Hpd	Gene				local_kg_curated
NCBIGene:15483	Hsd11b1	Gene				local_kg_curated
NCBIGene:15484	Hsd11b2	Gene				local_kg_curated
NCBIGene:15492	Hsd3b1	Gene				local_kg_curated
NCBIGene:15496	Hsd3b5	Gene				local_kg_curated
NCBIGene:15511	Hspa1b	Gene				local_kg_curated
NCBIGene:15512	Hspa2	Gene				local_kg_curated
NCBIGene:15525	Hspa4	Gene				local_kg_curated
NCBIGene:15526	Hspa9	Gene				local_kg_curated
NCBIGene:15550	Htr1a	Gene				local_kg_curated
NCBIGene:15552	Htr1d	Gene				local_kg_curated
NCBIGene:15558	Htr2a	Gene				local_kg_curated
NCBIGene:15560	Htr2c	Gene				local_kg_curated
NCBIGene:15562	Htr4	Gene				local_kg_curated
NCBIGene:15567	Slc6a4	Gene				local_kg_curated
NCBIGene:15587	Hyal2	Gene				local_kg_curated
NCBIGene:1565	CYP2D6	Gene				local_kg_curated
NCBIGene:1576	CYP3A4	Gene				local_kg_curated
NCBIGene:1577	CYP3A5	Gene				local_kg_curated
NCBIGene:1581	CYP7A1	Gene				local_kg_curated
NCBIGene:15894	Icam1	Gene				local_kg_curated
NCBIGene:15930	Ido1	Gene				local_kg_curated
NCBIGene:15945	Cxcl10	Gene				local_kg_curated
NCBIGene:15951	Ifi204	Gene				local_kg_curated
NCBIGene:15978	Ifng	Gene				local_kg_curated
NCBIGene:16000	Igf1	Gene				local_kg_curated
NCBIGene:16001	Igf1r	Gene				local_kg_curated
NCBIGene:16016	Ighg2b	Gene				local_kg_curated
NCBIGene:16017	Ighg1	Gene				local_kg_curated
NCBIGene:160728	SLC5A8	Gene				local_kg_curated
NCBIGene:1613	DAPK3	Gene				local_kg_curated
NCBIGene:16149	Cd74	Gene				local_kg_curated
NCBIGene:16153	Il10	Gene				local_kg_curated
NCBIGene:16154	Il10ra	Gene				local_kg_curated
NCBIGene:16159	Il12a	Gene				local_kg_curated
NCBIGene:16160	Il12b	Gene				local_kg_curated
NCBIGene:16163	Il13	Gene				local_kg_curated
NCBIGene:16171	Il17a	Gene				local_kg_curated
NCBIGene:16173	Il18	Gene				local_kg_curated
NCBIGene:16175	Il1a	Gene				local_kg_curated
NCBIGene:16176	Il1b	Gene				local_kg_curated
NCBIGene:16181	Il1rn	Gene				local_kg_curated
NCBIGene:16183	Il2	Gene				local_kg_curated
NCBIGene:16189	Il4	Gene				local_kg_curated
NCBIGene:16191	Il5	Gene				local_kg_curated
NCBIGene:16193	Il6	Gene				local_kg_curated
NCBIGene:16198	Il9	Gene				local_kg_curated
NCBIGene:16409	Itgam	Gene				local_kg_curated
NCBIGene:16411	Itgax	Gene				local_kg_curated
NCBIGene:16412	Itgb1	Gene				local_kg_curated
NCBIGene:16456	F11r	Gene				local_kg_curated
NCBIGene:16476	Jun	Gene				local_kg_curated
NCBIGene:16548	Khk	Gene				local_kg_curated
NCBIGene:16598	Klf2	Gene				local_kg_curated
NCBIGene:16600	Klf4	Gene				local_kg_curated
NCBIGene:1672	DEFB1	Gene				local_kg_curated
NCBIGene:1673	DEFB4A	Gene				local_kg_curated
NCBIGene:16784	Lamp2	Gene				local_kg_curated
NCBIGene:16803	Lbp	Gene				local_kg_curated
NCBIGene:16816	Lcat	Gene				local_kg_curated
NCBIGene:16819	Lcn2	Gene				local_kg_curated
NCBIGene:16828	Ldha	Gene				local_kg_curated
NCBIGene:16832	Ldhb	Gene				local_kg_curated
NCBIGene:16833	Ldhc	Gene				local_kg_curated
NCBIGene:16835	Ldlr	Gene				local_kg_curated
NCBIGene:16842	Lef1	Gene				local_kg_curated
NCBIGene:16846	Lep	Gene				local_kg_curated
NCBIGene:16952	Anxa1	Gene				local_kg_curated
NCBIGene:16956	Lpl	Gene				local_kg_curated
NCBIGene:170442	Bbox1	Gene				local_kg_curated
NCBIGene:170643	Kirrel1	Gene				local_kg_curated
NCBIGene:170768	Pfkfb3	Gene				local_kg_curated
NCBIGene:170789	Acot8	Gene				local_kg_curated
NCBIGene:17110	Lyz1	Gene				local_kg_curated
NCBIGene:17126	Smad2	Gene				local_kg_curated
NCBIGene:171281	Acot3	Gene				local_kg_curated
NCBIGene:17131	Smad7	Gene				local_kg_curated
NCBIGene:171389	NLRP6	Gene				local_kg_curated
NCBIGene:17160	Man2b2	Gene				local_kg_curated
NCBIGene:17236	mct1	Gene				local_kg_curated
NCBIGene:1728	NQO1	Gene				local_kg_curated
NCBIGene:17286	Meox2	Gene				local_kg_curated
NCBIGene:17319	Mif	Gene				local_kg_curated
NCBIGene:17339	Mip	Gene				local_kg_curated
NCBIGene:17345	Mki67	Gene				local_kg_curated
NCBIGene:17392	Mmp3	Gene				local_kg_curated
NCBIGene:17395	Mmp9	Gene				local_kg_curated
NCBIGene:17436	Me1	Gene				local_kg_curated
NCBIGene:17441	Mog	Gene				local_kg_curated
NCBIGene:17523	Mpo	Gene				local_kg_curated
NCBIGene:17690	Msi1	Gene				local_kg_curated
NCBIGene:17709	mt-Co2	Gene				local_kg_curated
NCBIGene:17769	Mthfr	Gene				local_kg_curated
NCBIGene:17829	Muc1	Gene				local_kg_curated
NCBIGene:17831	Muc2	Gene				local_kg_curated
NCBIGene:17869	Myc	Gene				local_kg_curated
NCBIGene:17874	Myd88	Gene				local_kg_curated
NCBIGene:17967	Ncam1	Gene				local_kg_curated
NCBIGene:18024	Nfe2l2	Gene				local_kg_curated
NCBIGene:18030	Nfil3	Gene				local_kg_curated
NCBIGene:18033	Nfkb1	Gene				local_kg_curated
NCBIGene:18035	Nfkbia	Gene				local_kg_curated
NCBIGene:18044	Nfya	Gene				local_kg_curated
NCBIGene:18104	Nqo1	Gene				local_kg_curated
NCBIGene:1811	SLC26A3	Gene				local_kg_curated
NCBIGene:18126	Nos2	Gene				local_kg_curated
NCBIGene:18127	Nos3	Gene				local_kg_curated
NCBIGene:18128	Notch1	Gene				local_kg_curated
NCBIGene:18171	Nr1i2	Gene				local_kg_curated
NCBIGene:18181	Nrf1	Gene				local_kg_curated
NCBIGene:18260	Ocln	Gene				local_kg_curated
NCBIGene:18412	Sqstm1	Gene				local_kg_curated
NCBIGene:18415	Hspa4l	Gene				local_kg_curated
NCBIGene:18477	Prdx1	Gene				local_kg_curated
NCBIGene:18489	Reg3b	Gene				local_kg_curated
NCBIGene:18509	Pax7	Gene				local_kg_curated
NCBIGene:18538	Pcna	Gene				local_kg_curated
NCBIGene:18571	Pdcd6ip	Gene				local_kg_curated
NCBIGene:18618	Pemt	Gene				local_kg_curated
NCBIGene:18669	Abcb1b	Gene				local_kg_curated
NCBIGene:18671	Abcb1a	Gene				local_kg_curated
NCBIGene:18770	Pklr	Gene				local_kg_curated
NCBIGene:18780	Pla2g2a	Gene				local_kg_curated
NCBIGene:18784	Pla2g5	Gene				local_kg_curated
NCBIGene:18795	Plcb1	Gene				local_kg_curated
NCBIGene:18946	Pnliprp1	Gene				local_kg_curated
NCBIGene:18948	Pnmt	Gene				local_kg_curated
NCBIGene:19013	Ppara	Gene				local_kg_curated
NCBIGene:19016	Pparg	Gene				local_kg_curated
NCBIGene:19017	Ppargc1a	Gene				local_kg_curated
NCBIGene:19099	Mapk8ip1	Gene				local_kg_curated
NCBIGene:19215	Ptgds	Gene				local_kg_curated
NCBIGene:19219	Ptger4	Gene				local_kg_curated
NCBIGene:19223	Ptgis	Gene				local_kg_curated
NCBIGene:19225	Ptgs2	Gene				local_kg_curated
NCBIGene:19252	Dusp1	Gene				local_kg_curated
NCBIGene:193034	Trpv1	Gene				local_kg_curated
NCBIGene:19353	Rac1	Gene				local_kg_curated
NCBIGene:1956	EGFR	Gene				local_kg_curated
NCBIGene:196	AHR	Gene				local_kg_curated
NCBIGene:19695	Reg3g	Gene				local_kg_curated
NCBIGene:19697	Rela	Gene				local_kg_curated
NCBIGene:19703	Renbp	Gene				local_kg_curated
NCBIGene:19712	Rest	Gene				local_kg_curated
NCBIGene:19714	Rev3l	Gene				local_kg_curated
NCBIGene:201853	LINC00504	Gene				local_kg_curated
NCBIGene:20198	S100a4	Gene				local_kg_curated
NCBIGene:20201	S100a8	Gene				local_kg_curated
NCBIGene:20202	S100a9	Gene				local_kg_curated
NCBIGene:2023	ENO1	Gene				local_kg_curated
NCBIGene:20249	Scd1	Gene				local_kg_curated
NCBIGene:20296	Ccl2	Gene				local_kg_curated
NCBIGene:20302	Ccl3	Gene				local_kg_curated
NCBIGene:20303	Ccl4	Gene				local_kg_curated
NCBIGene:20304	Ccl5	Gene				local_kg_curated
NCBIGene:20307	Ccl8	Gene				local_kg_curated
NCBIGene:20309	Cxcl15	Gene				local_kg_curated
NCBIGene:20310	Cxcl2	Gene				local_kg_curated
NCBIGene:20371	Foxp3	Gene				local_kg_curated
NCBIGene:20440	St6gal1	Gene				local_kg_curated
NCBIGene:20443	St3gal4	Gene				local_kg_curated
NCBIGene:20494	Slc10a2	Gene				local_kg_curated
NCBIGene:20525	Slc2a1	Gene				local_kg_curated
NCBIGene:20526	Slc2a2	Gene				local_kg_curated
NCBIGene:20528	Slc2a4	Gene				local_kg_curated
NCBIGene:20655	Sod1	Gene				local_kg_curated
NCBIGene:20656	Sod2	Gene				local_kg_curated
NCBIGene:20657	Sod3	Gene				local_kg_curated
NCBIGene:20682	Sox9	Gene				local_kg_curated
NCBIGene:207	AKT1	Gene				local_kg_curated
NCBIGene:20750	Spp1	Gene				local_kg_curated
NCBIGene:207728	Pde2a	Gene				local_kg_curated
NCBIGene:20787	Srebf1	Gene				local_kg_curated
NCBIGene:20788	Srebf2	Gene				local_kg_curated
NCBIGene:208266	Dot1l	Gene				local_kg_curated
NCBIGene:20846	Stat1	Gene				local_kg_curated
NCBIGene:20848	Stat3	Gene				local_kg_curated
NCBIGene:20849	Stat4	Gene				local_kg_curated
NCBIGene:20850	Stat5a	Gene				local_kg_curated
NCBIGene:20851	Stat5b	Gene				local_kg_curated
NCBIGene:20859	Sult2a1	Gene				local_kg_curated
NCBIGene:20860	Sult1e1	Gene				local_kg_curated
NCBIGene:20866	Stim1	Gene				local_kg_curated
NCBIGene:20871	Aurkc	Gene				local_kg_curated
NCBIGene:208715	Hmgcs1	Gene				local_kg_curated
NCBIGene:213435	Mylk3	Gene				local_kg_curated
NCBIGene:21391	Tbxas1	Gene				local_kg_curated
NCBIGene:214162	Kmt2a	Gene				local_kg_curated
NCBIGene:21420	Tfap2c	Gene				local_kg_curated
NCBIGene:21423	Tcf3	Gene				local_kg_curated
NCBIGene:215494	Pomgnt2	Gene				local_kg_curated
NCBIGene:216225	Slc5a8	Gene				local_kg_curated
NCBIGene:21672	Prdx2	Gene				local_kg_curated
NCBIGene:216725	Adamts2	Gene				local_kg_curated
NCBIGene:216799	Nlrp3	Gene				local_kg_curated
NCBIGene:2169	FABP2	Gene				local_kg_curated
NCBIGene:217166	Nr1d1	Gene				local_kg_curated
NCBIGene:217212	Pyy	Gene				local_kg_curated
NCBIGene:217214	Nags	Gene				local_kg_curated
NCBIGene:217258	Abca8a	Gene				local_kg_curated
NCBIGene:21786	Tff3	Gene				local_kg_curated
NCBIGene:21803	Tgfb1	Gene				local_kg_curated
NCBIGene:21812	Tgfbr1	Gene				local_kg_curated
NCBIGene:218138	Gmds	Gene				local_kg_curated
NCBIGene:21857	Timp1	Gene				local_kg_curated
NCBIGene:21872	Tjp1	Gene				local_kg_curated
NCBIGene:21873	Tjp2	Gene				local_kg_curated
NCBIGene:21898	Tlr4	Gene				local_kg_curated
NCBIGene:21926	Tnf	Gene				local_kg_curated
NCBIGene:21933	Tnfrsf10b	Gene				local_kg_curated
NCBIGene:21938	Tnfrsf1b	Gene				local_kg_curated
NCBIGene:21939	Cd40	Gene				local_kg_curated
NCBIGene:21943	Tnfsf11	Gene				local_kg_curated
NCBIGene:21990	Tph1	Gene				local_kg_curated
NCBIGene:22042	Tfrc	Gene				local_kg_curated
NCBIGene:22057	Tob1	Gene				local_kg_curated
NCBIGene:22059	Trp53	Gene				local_kg_curated
NCBIGene:22061	Trp63	Gene				local_kg_curated
NCBIGene:22067	Trpc5	Gene				local_kg_curated
NCBIGene:22068	Trpc6	Gene				local_kg_curated
NCBIGene:22122	Gfus	Gene				local_kg_curated
NCBIGene:22227	Ucp1	Gene				local_kg_curated
NCBIGene:22228	Ucp2	Gene				local_kg_curated
NCBIGene:22235	Ugdh	Gene				local_kg_curated
NCBIGene:22271	Upp1	Gene				local_kg_curated
NCBIGene:22337	Vdr	Gene				local_kg_curated
NCBIGene:22359	Vldlr	Gene				local_kg_curated
NCBIGene:223706	Cyp2d34	Gene				local_kg_curated
NCBIGene:223722	Mcat	Gene				local_kg_curated
NCBIGene:223774	Alg12	Gene				local_kg_curated
NCBIGene:22431	Wt1	Gene				local_kg_curated
NCBIGene:225872	Npas4	Gene				local_kg_curated
NCBIGene:225887	Ndufs8	Gene				local_kg_curated
NCBIGene:226413	Lct	Gene				local_kg_curated
NCBIGene:227288	Cxcr1	Gene				local_kg_curated
NCBIGene:227289	Gpbar1	Gene				local_kg_curated
NCBIGene:227620	Uap1l1	Gene				local_kg_curated
NCBIGene:2286	FKBP2	Gene				local_kg_curated
NCBIGene:228714	Kat14	Gene				local_kg_curated
NCBIGene:230103	Npr2	Gene				local_kg_curated
NCBIGene:230233	Elp1	Gene				local_kg_curated
NCBIGene:230899	Nppa	Gene				local_kg_curated
NCBIGene:23118	TAB2	Gene				local_kg_curated
NCBIGene:2316	FLNA	Gene				local_kg_curated
NCBIGene:232889	Pla2g4c	Gene				local_kg_curated
NCBIGene:233079	Ffar2	Gene				local_kg_curated
NCBIGene:233080	Ffar3	Gene				local_kg_curated
NCBIGene:233081	Ffar1	Gene				local_kg_curated
NCBIGene:234395	Ushbp1	Gene				local_kg_curated
NCBIGene:2353	FOS	Gene				local_kg_curated
NCBIGene:235504	Slc17a5	Gene				local_kg_curated
NCBIGene:23562	CLDN14	Gene				local_kg_curated
NCBIGene:235674	Acaa1b	Gene				local_kg_curated
NCBIGene:23607	CD2AP	Gene				local_kg_curated
NCBIGene:238055	Apob	Gene				local_kg_curated
NCBIGene:238447	Igha	Gene				local_kg_curated
NCBIGene:238871	Pde4d	Gene				local_kg_curated
NCBIGene:23945	Mgll	Gene				local_kg_curated
NCBIGene:23972	Papss2	Gene				local_kg_curated
NCBIGene:24088	Tlr2	Gene				local_kg_curated
NCBIGene:243085	Ugt2b35	Gene				local_kg_curated
NCBIGene:243764	Chrm2	Gene				local_kg_curated
NCBIGene:246221	Mpst	Gene				local_kg_curated
NCBIGene:246277	Csad	Gene				local_kg_curated
NCBIGene:246700	Defb19	Gene				local_kg_curated
NCBIGene:246779	Il27	Gene				local_kg_curated
NCBIGene:248	ALPI	Gene				local_kg_curated
NCBIGene:2539	G6PD	Gene				local_kg_curated
NCBIGene:255488	RNF144B	Gene				local_kg_curated
NCBIGene:257630	Il17f	Gene				local_kg_curated
NCBIGene:257632	Nod2	Gene				local_kg_curated
NCBIGene:259266	ASPM	Gene				local_kg_curated
NCBIGene:260425	MAGI3	Gene				local_kg_curated
NCBIGene:26363	Btd	Gene				local_kg_curated
NCBIGene:26413	Mapk1	Gene				local_kg_curated
NCBIGene:26417	Mapk3	Gene				local_kg_curated
NCBIGene:26423	Nr5a1	Gene				local_kg_curated
NCBIGene:2645	GCK	Gene				local_kg_curated
NCBIGene:26569	Slc27a4	Gene				local_kg_curated
NCBIGene:266645	Acmsd	Gene				local_kg_curated
NCBIGene:2683	B4GALT1	Gene				local_kg_curated
NCBIGene:268756	Gulo	Gene				local_kg_curated
NCBIGene:26877	B3galt1	Gene				local_kg_curated
NCBIGene:26897	Acot1	Gene				local_kg_curated
NCBIGene:26912	Gcat	Gene				local_kg_curated
NCBIGene:269378	Ahcy	Gene				local_kg_curated
NCBIGene:26971	Pla2g2f	Gene				local_kg_curated
NCBIGene:27035	NOX1	Gene				local_kg_curated
NCBIGene:27053	Asns	Gene				local_kg_curated
NCBIGene:27061	Bcap31	Gene				local_kg_curated
NCBIGene:27134	TJP3	Gene				local_kg_curated
NCBIGene:27214	Dbf4	Gene				local_kg_curated
NCBIGene:27232	GNMT	Gene				local_kg_curated
NCBIGene:272411	B3gnt6	Gene				local_kg_curated
NCBIGene:2729	GCLC	Gene				local_kg_curated
NCBIGene:2740	GLP1R	Gene				local_kg_curated
NCBIGene:277753	Cyp4a12a	Gene				local_kg_curated
NCBIGene:2805	GOT1	Gene				local_kg_curated
NCBIGene:2810	SFN	Gene				local_kg_curated
NCBIGene:2833	CXCR3	Gene				local_kg_curated
NCBIGene:283871	PGP	Gene				local_kg_curated
NCBIGene:2865	FFAR3	Gene				local_kg_curated
NCBIGene:2867	FFAR2	Gene				local_kg_curated
NCBIGene:2875	GPT	Gene				local_kg_curated
NCBIGene:2878	GPX3	Gene				local_kg_curated
NCBIGene:2919	CXCL1	Gene				local_kg_curated
NCBIGene:2932	GSK3B	Gene				local_kg_curated
NCBIGene:29595	Htr2a	Gene				local_kg_curated
NCBIGene:29858	Pmm1	Gene				local_kg_curated
NCBIGene:29952	DPP7	Gene				local_kg_curated
NCBIGene:30061	SLC40A1	Gene				local_kg_curated
NCBIGene:3039	HBA1	Gene				local_kg_curated
NCBIGene:3065	HDAC1	Gene				local_kg_curated
NCBIGene:3066	HDAC2	Gene				local_kg_curated
NCBIGene:3099	HK2	Gene				local_kg_curated
NCBIGene:3162	HMOX1	Gene				local_kg_curated
NCBIGene:3172	HNF4A	Gene				local_kg_curated
NCBIGene:3248	HPGD	Gene				local_kg_curated
NCBIGene:330064	Slc5a6	Gene				local_kg_curated
NCBIGene:332579	Card9	Gene				local_kg_curated
NCBIGene:337924	Cyp3a44	Gene				local_kg_curated
NCBIGene:3383	ICAM1	Gene				local_kg_curated
NCBIGene:338442	HCAR2	Gene				local_kg_curated
NCBIGene:3458	IFNG	Gene				local_kg_curated
NCBIGene:347735	SERINC2	Gene				local_kg_curated
NCBIGene:348	APOE	Gene				local_kg_curated
NCBIGene:3489	IGFBP6	Gene				local_kg_curated
NCBIGene:351	APP	Gene				local_kg_curated
NCBIGene:3552	IL1A	Gene				local_kg_curated
NCBIGene:3553	IL1B	Gene				local_kg_curated
NCBIGene:3558	IL2	Gene				local_kg_curated
NCBIGene:3565	IL4	Gene				local_kg_curated
NCBIGene:3566	IL4R	Gene				local_kg_curated
NCBIGene:3567	IL5	Gene				local_kg_curated
NCBIGene:3569	IL6	Gene				local_kg_curated
NCBIGene:3576	CXCL8	Gene				local_kg_curated
NCBIGene:3579	CXCR2	Gene				local_kg_curated
NCBIGene:3586	IL10	Gene				local_kg_curated
NCBIGene:3589	IL11	Gene				local_kg_curated
NCBIGene:3592	IL12A	Gene				local_kg_curated
NCBIGene:3593	IL12B	Gene				local_kg_curated
NCBIGene:3605	IL17A	Gene				local_kg_curated
NCBIGene:3606	IL18	Gene				local_kg_curated
NCBIGene:3620	IDO1	Gene				local_kg_curated
NCBIGene:3627	CXCL10	Gene				local_kg_curated
NCBIGene:3654	IRAK1	Gene				local_kg_curated
NCBIGene:3667	IRS1	Gene				local_kg_curated
NCBIGene:3725	JUN	Gene				local_kg_curated
NCBIGene:3728	JUP	Gene				local_kg_curated
NCBIGene:380792	Ighe	Gene				local_kg_curated
NCBIGene:384452	Noto	Gene				local_kg_curated
NCBIGene:387140	Mir21a	Gene				local_kg_curated
NCBIGene:387144	Mir10b	Gene				local_kg_curated
NCBIGene:387176	Mir181a-2	Gene				local_kg_curated
NCBIGene:3934	LCN2	Gene				local_kg_curated
NCBIGene:3939	LDHA	Gene				local_kg_curated
NCBIGene:394436	Ugt1a1	Gene				local_kg_curated
NCBIGene:3952	LEP	Gene				local_kg_curated
NCBIGene:3995	FADS3	Gene				local_kg_curated
NCBIGene:4018	LPA	Gene				local_kg_curated
NCBIGene:404711	Ighg2c	Gene				local_kg_curated
NCBIGene:4069	LYZ	Gene				local_kg_curated
NCBIGene:406938	MIR146A	Gene				local_kg_curated
NCBIGene:406947	MIR155	Gene				local_kg_curated
NCBIGene:4248	MGAT3	Gene				local_kg_curated
NCBIGene:433182	Eno1b	Gene				local_kg_curated
NCBIGene:433759	Hdac1	Gene				local_kg_curated
NCBIGene:4582	MUC1	Gene				local_kg_curated
NCBIGene:4583	MUC2	Gene				local_kg_curated
NCBIGene:4609	MYC	Gene				local_kg_curated
NCBIGene:4615	MYD88	Gene				local_kg_curated
NCBIGene:4780	NFE2L2	Gene				local_kg_curated
NCBIGene:4790	NFKB1	Gene				local_kg_curated
NCBIGene:4846	NOS3	Gene				local_kg_curated
NCBIGene:50490	Nox4	Gene				local_kg_curated
NCBIGene:50506	DUOX2	Gene				local_kg_curated
NCBIGene:5058	PAK1	Gene				local_kg_curated
NCBIGene:50616	IL22	Gene				local_kg_curated
NCBIGene:50790	Acsl4	Gene				local_kg_curated
NCBIGene:50848	F11R	Gene				local_kg_curated
NCBIGene:50868	Keap1	Gene				local_kg_curated
NCBIGene:50914	Olig1	Gene				local_kg_curated
NCBIGene:50929	Il22	Gene				local_kg_curated
NCBIGene:50943	FOXP3	Gene				local_kg_curated
NCBIGene:51129	ANGPTL4	Gene				local_kg_curated
NCBIGene:51135	IRAK4	Gene				local_kg_curated
NCBIGene:51191	HERC5	Gene				local_kg_curated
NCBIGene:51311	TLR8	Gene				local_kg_curated
NCBIGene:51337	THEM6	Gene				local_kg_curated
NCBIGene:51564	HDAC7	Gene				local_kg_curated
NCBIGene:51738	GHRL	Gene				local_kg_curated
NCBIGene:52538	Acaa2	Gene				local_kg_curated
NCBIGene:52665	Echdc1	Gene				local_kg_curated
NCBIGene:53381	Prdx4	Gene				local_kg_curated
NCBIGene:53603	Tslp	Gene				local_kg_curated
NCBIGene:53624	Cldn7	Gene				local_kg_curated
NCBIGene:53897	Gal3st1	Gene				local_kg_curated
NCBIGene:53945	Slc40a1	Gene				local_kg_curated
NCBIGene:53981	CPSF2	Gene				local_kg_curated
NCBIGene:54106	TLR9	Gene				local_kg_curated
NCBIGene:54397	Ppt2	Gene				local_kg_curated
NCBIGene:54419	Cldn6	Gene				local_kg_curated
NCBIGene:54631	Nphs1	Gene				local_kg_curated
NCBIGene:546644	Ly6g	Gene				local_kg_curated
NCBIGene:5468	PPARG	Gene				local_kg_curated
NCBIGene:54998	AURKAIP1	Gene				local_kg_curated
NCBIGene:55869	HDAC8	Gene				local_kg_curated
NCBIGene:5590	PRKCZ	Gene				local_kg_curated
NCBIGene:5594	MAPK1	Gene				local_kg_curated
NCBIGene:5595	MAPK3	Gene				local_kg_curated
NCBIGene:5599	MAPK8	Gene				local_kg_curated
NCBIGene:56185	Hao2	Gene				local_kg_curated
NCBIGene:56189	Prodh2	Gene				local_kg_curated
NCBIGene:56208	Becn1	Gene				local_kg_curated
NCBIGene:56375	B4galt4	Gene				local_kg_curated
NCBIGene:56388	Cyp3a25	Gene				local_kg_curated
NCBIGene:56473	Fads2	Gene				local_kg_curated
NCBIGene:56484	Foxo3	Gene				local_kg_curated
NCBIGene:56637	Gsk3b	Gene				local_kg_curated
NCBIGene:56690	Mlycd	Gene				local_kg_curated
NCBIGene:56717	Mtor	Gene				local_kg_curated
NCBIGene:56720	Tdo2	Gene				local_kg_curated
NCBIGene:56922	MCCC1	Gene				local_kg_curated
NCBIGene:57175	CORO1B	Gene				local_kg_curated
NCBIGene:57263	Retnlb	Gene				local_kg_curated
NCBIGene:57314	Nelfcd	Gene				local_kg_curated
NCBIGene:5733	PTGER3	Gene				local_kg_curated
NCBIGene:5743	PTGS2	Gene				local_kg_curated
NCBIGene:57530	CGN	Gene				local_kg_curated
NCBIGene:57875	Angptl4	Gene				local_kg_curated
NCBIGene:581	BAX	Gene				local_kg_curated
NCBIGene:58203	Zbp1	Gene				local_kg_curated
NCBIGene:58205	Pdcd1lg2	Gene				local_kg_curated
NCBIGene:5879	RAC1	Gene				local_kg_curated
NCBIGene:58805	Mlxipl	Gene				local_kg_curated
NCBIGene:58866	Treh	Gene				local_kg_curated
NCBIGene:58985	IL22RA1	Gene				local_kg_curated
NCBIGene:58991	Ghrl	Gene				local_kg_curated
NCBIGene:58994	Smpd3	Gene				local_kg_curated
NCBIGene:59020	Pdzk1	Gene				local_kg_curated
NCBIGene:5912286	COX1	Gene				local_kg_curated
NCBIGene:59308	Emcn	Gene				local_kg_curated
NCBIGene:595	CCND1	Gene				local_kg_curated
NCBIGene:596	BCL2	Gene				local_kg_curated
NCBIGene:5970	RELA	Gene				local_kg_curated
NCBIGene:60	ACTB	Gene				local_kg_curated
NCBIGene:6009	RHEB	Gene				local_kg_curated
NCBIGene:6023	RMRP	Gene				local_kg_curated
NCBIGene:60322	Chst7	Gene				local_kg_curated
NCBIGene:60505	Il21	Gene				local_kg_curated
NCBIGene:6052	RNR1	Gene				local_kg_curated
NCBIGene:60525	Acss2	Gene				local_kg_curated
NCBIGene:60533	Cd274	Gene				local_kg_curated
NCBIGene:6095	RORA	Gene				local_kg_curated
NCBIGene:629203	Sult2a3	Gene				local_kg_curated
NCBIGene:6347	CCL2	Gene				local_kg_curated
NCBIGene:6364	CCL20	Gene				local_kg_curated
NCBIGene:6372	CXCL6	Gene				local_kg_curated
NCBIGene:6374	CXCL5	Gene				local_kg_curated
NCBIGene:63976	Prdm16	Gene				local_kg_curated
NCBIGene:64177	Trpv6	Gene				local_kg_curated
NCBIGene:64398	PALS1	Gene				local_kg_curated
NCBIGene:644861	NBPF13P	Gene				local_kg_curated
NCBIGene:645	BLVRB	Gene				local_kg_curated
NCBIGene:64750	SMURF2	Gene				local_kg_curated
NCBIGene:6480	ST6GAL1	Gene				local_kg_curated
NCBIGene:6550	SLC9A3	Gene				local_kg_curated
NCBIGene:6606	SMN1	Gene				local_kg_curated
NCBIGene:66102	Cxcl16	Gene				local_kg_curated
NCBIGene:66141	Ifitm3	Gene				local_kg_curated
NCBIGene:6615	SNAI1	Gene				local_kg_curated
NCBIGene:66171	Pgls	Gene				local_kg_curated
NCBIGene:66277	Klf15	Gene				local_kg_curated
NCBIGene:66355	Gmpr	Gene				local_kg_curated
NCBIGene:66422	Dctpp1	Gene				local_kg_curated
NCBIGene:6647	SOD1	Gene				local_kg_curated
NCBIGene:66734	Map1lc3a	Gene				local_kg_curated
NCBIGene:66824	Pycard	Gene				local_kg_curated
NCBIGene:668478	Ighv1-9	Gene				local_kg_curated
NCBIGene:66853	Pnpla2	Gene				local_kg_curated
NCBIGene:66904	Pccb	Gene				local_kg_curated
NCBIGene:66968	Plin5	Gene				local_kg_curated
NCBIGene:67078	Pgp	Gene				local_kg_curated
NCBIGene:67414	Mfn1	Gene				local_kg_curated
NCBIGene:67442	Retsat	Gene				local_kg_curated
NCBIGene:67443	Map1lc3b	Gene				local_kg_curated
NCBIGene:6751	SSTR1	Gene				local_kg_curated
NCBIGene:67512	Agpat2	Gene				local_kg_curated
NCBIGene:6753	SSTR3	Gene				local_kg_curated
NCBIGene:67680	Sdhb	Gene				local_kg_curated
NCBIGene:67800	Dgat2	Gene				local_kg_curated
NCBIGene:67880	Dcxr	Gene				local_kg_curated
NCBIGene:67980	Gnpda2	Gene				local_kg_curated
NCBIGene:67993	Nudt12	Gene				local_kg_curated
NCBIGene:68198	Ndufb2	Gene				local_kg_curated
NCBIGene:6822	SULT2A1	Gene				local_kg_curated
NCBIGene:68349	Ndufs3	Gene				local_kg_curated
NCBIGene:68352	Aspdh	Gene				local_kg_curated
NCBIGene:68396	Nat8	Gene				local_kg_curated
NCBIGene:68801	Elovl5	Gene				local_kg_curated
NCBIGene:6899	Tbx1	Gene				local_kg_curated
NCBIGene:69060	Pnlip	Gene				local_kg_curated
NCBIGene:69146	Gsdmd	Gene				local_kg_curated
NCBIGene:6934	TCF7L2	Gene				local_kg_curated
NCBIGene:70	ACTC1	Gene				local_kg_curated
NCBIGene:70008	Ace2	Gene				local_kg_curated
NCBIGene:70025	Acot7	Gene				local_kg_curated
NCBIGene:7040	TGFB1	Gene				local_kg_curated
NCBIGene:7046	TGFBR1	Gene				local_kg_curated
NCBIGene:7082	TJP1	Gene				local_kg_curated
NCBIGene:7097	TLR2	Gene				local_kg_curated
NCBIGene:7099	TLR4	Gene				local_kg_curated
NCBIGene:7100	TLR5	Gene				local_kg_curated
NCBIGene:7124	TNF	Gene				local_kg_curated
NCBIGene:7157	TP53	Gene				local_kg_curated
NCBIGene:71586	Ifih1	Gene				local_kg_curated
NCBIGene:7166	TPH1	Gene				local_kg_curated
NCBIGene:71665	Fuca1	Gene				local_kg_curated
NCBIGene:71701	Pnpt1	Gene				local_kg_curated
NCBIGene:71754	Cyp2d40	Gene				local_kg_curated
NCBIGene:71760	Etnppl	Gene				local_kg_curated
NCBIGene:71773	Ugt2b1	Gene				local_kg_curated
NCBIGene:71780	Isyna1	Gene				local_kg_curated
NCBIGene:72082	Cyp2c55	Gene				local_kg_curated
NCBIGene:72297	B3gnt3	Gene				local_kg_curated
NCBIGene:723893	Mir10a	Gene				local_kg_curated
NCBIGene:72585	Lypd1	Gene				local_kg_curated
NCBIGene:72727	B3gat3	Gene				local_kg_curated
NCBIGene:72749	Tonsl	Gene				local_kg_curated
NCBIGene:73166	Tm7sf2	Gene				local_kg_curated
NCBIGene:7350	Ucp1	Gene				local_kg_curated
NCBIGene:7414	VCL	Gene				local_kg_curated
NCBIGene:74143	Opa1	Gene				local_kg_curated
NCBIGene:74182	Gpcpd1	Gene				local_kg_curated
NCBIGene:74205	Acsl3	Gene				local_kg_curated
NCBIGene:7421	VDR	Gene				local_kg_curated
NCBIGene:7422	VEGFA	Gene				local_kg_curated
NCBIGene:74241	Chpf	Gene				local_kg_curated
NCBIGene:74246	Gale	Gene				local_kg_curated
NCBIGene:74318	Hopx	Gene				local_kg_curated
NCBIGene:7442	Trpv1	Gene				local_kg_curated
NCBIGene:74519	Cyp2j9	Gene				local_kg_curated
NCBIGene:75512	Gpx6	Gene				local_kg_curated
NCBIGene:75572	Acyp2	Gene				local_kg_curated
NCBIGene:76279	Cyp2d26	Gene				local_kg_curated
NCBIGene:76282	Gpt	Gene				local_kg_curated
NCBIGene:76574	Mfsd2a	Gene				local_kg_curated
NCBIGene:76654	Upp2	Gene				local_kg_curated
NCBIGene:76722	Ckmt2	Gene				local_kg_curated
NCBIGene:76768	Alpi	Gene				local_kg_curated
NCBIGene:767846	PFN1P2	Gene				local_kg_curated
NCBIGene:77040	Atg16l1	Gene				local_kg_curated
NCBIGene:77125	Il33	Gene				local_kg_curated
NCBIGene:79087	ALG12	Gene				local_kg_curated
NCBIGene:79094	CHAC1	Gene				local_kg_curated
NCBIGene:79221	Hdac9	Gene				local_kg_curated
NCBIGene:79362	Bhlhe41	Gene				local_kg_curated
NCBIGene:79885	HDAC11	Gene				local_kg_curated
NCBIGene:80704	SLC19A3	Gene				local_kg_curated
NCBIGene:80885	Hcar2	Gene				local_kg_curated
NCBIGene:81601	Kat5	Gene				local_kg_curated
NCBIGene:834	CASP1	Gene				local_kg_curated
NCBIGene:836	CASP3	Gene				local_kg_curated
NCBIGene:83737	ITCH	Gene				local_kg_curated
NCBIGene:84189	SLITRK6	Gene				local_kg_curated
NCBIGene:84612	PARD6B	Gene				local_kg_curated
NCBIGene:847	CAT	Gene				local_kg_curated
NCBIGene:8470	SORBS2	Gene				local_kg_curated
NCBIGene:85417	CCNB3	Gene				local_kg_curated
NCBIGene:8549	LGR5	Gene				local_kg_curated
NCBIGene:8841	HDAC3	Gene				local_kg_curated
NCBIGene:8843	HCAR3	Gene				local_kg_curated
NCBIGene:8915	BCL10	Gene				local_kg_curated
NCBIGene:9076	CLDN1	Gene				local_kg_curated
NCBIGene:9201	DCLK1	Gene				local_kg_curated
NCBIGene:929	CD14	Gene				local_kg_curated
NCBIGene:9332	CD163	Gene				local_kg_curated
NCBIGene:93432	MGAM2	Gene				local_kg_curated
NCBIGene:9356	SLC22A6	Gene				local_kg_curated
NCBIGene:93759	Sirt1	Gene				local_kg_curated
NCBIGene:9414	TJP2	Gene				local_kg_curated
NCBIGene:94192	C1galt1	Gene				local_kg_curated
NCBIGene:9480	ONECUT2	Gene				local_kg_curated
NCBIGene:960	CD44	Gene				local_kg_curated
NCBIGene:9641	IKBKE	Gene				local_kg_curated
NCBIGene:96979	Ptges2	Gene				local_kg_curated
NCBIGene:9734	HDAC9	Gene				local_kg_curated
NCBIGene:9759	HDAC4	Gene				local_kg_curated
NCBIGene:9971	NR1H4	Gene				local_kg_curated
NCBITaxon:100175	Papillibacter	Microbe			genus	local_kg_curated
NCBITaxon:102106	Collinsella	Microbe			genus	local_kg_curated
NCBITaxon:102862	Proteus penneri	Microbe			species	local_kg_curated
NCBITaxon:1078087	Parabacteroides sp. HGS0025	Microbe			species	local_kg_curated
NCBITaxon:109326	Anaerovorax	Microbe			genus	local_kg_curated
NCBITaxon:1134119	Penicillium mallochii	Microbe			species	local_kg_curated
NCBITaxon:1185407	Defluviitaleaceae	Microbe			family	local_kg_curated
NCBITaxon:118747	Bulleidia	Microbe			genus	local_kg_curated
NCBITaxon:119852	Oscillospira	Microbe			genus	local_kg_curated
NCBITaxon:1224	Pseudomonadota	Microbe			phylum	local_kg_curated
NCBITaxon:1232436	Enorma timonensis	Microbe			species	local_kg_curated
NCBITaxon:1236	Gammaproteobacteria	Microbe			class	local_kg_curated
NCBITaxon:1239	Bacillota	Microbe			phylum	local_kg_curated
NCBITaxon:1255	Pediococcus pentosaceus	Microbe			species	local_kg_curated
NCBITaxon:1257	Peptostreptococcus	Microbe			genus	local_kg_curated
NCBITaxon:1263	Ruminococcus	Microbe			genus	local_kg_curated
NCBITaxon:1266601	Bacillus sp. 46	Microbe			species	local_kg_curated
NCBITaxon:1279	Staphylococcus	Microbe			genus	local_kg_curated
NCBITaxon:1283313	Alloprevotella	Microbe			genus	local_kg_curated
NCBITaxon:128827	Erysipelotrichaceae	Microbe			family	local_kg_curated
NCBITaxon:1300	Streptococcaceae	Microbe			family	local_kg_curated
NCBITaxon:1301	Streptococcus	Microbe			genus	local_kg_curated
NCBITaxon:1331051	Candidatus Saccharimonas	Microbe			genus	local_kg_curated
NCBITaxon:133925	Olsenella	Microbe			genus	local_kg_curated
NCBITaxon:1343173	Enterococcus sp. 45	Microbe			species	local_kg_curated
NCBITaxon:1343175	Escherichia sp. 12	Microbe			species	local_kg_curated
NCBITaxon:1343178	Escherichia sp. 33	Microbe			species	local_kg_curated
NCBITaxon:1343180	Escherichia sp. 4	Microbe			species	local_kg_curated
NCBITaxon:1343183	Escherichia sp. 49A	Microbe			species	local_kg_curated
NCBITaxon:1343186	Escherichia sp. 64	Microbe			species	local_kg_curated
NCBITaxon:1350	Enterococcus	Microbe			genus	local_kg_curated
NCBITaxon:1357	Lactococcus	Microbe			genus	local_kg_curated
NCBITaxon:135858	Catenibacterium	Microbe			genus	local_kg_curated
NCBITaxon:1360	Lactococcus lactis subsp. lactis	Microbe			subspecies	local_kg_curated
NCBITaxon:1392389	Intestinimonas	Microbe			genus	local_kg_curated
NCBITaxon:1408099	Fusimonas intestini	Microbe			species	local_kg_curated
NCBITaxon:1427376	Parvibacter	Microbe			genus	local_kg_curated
NCBITaxon:1427378	Acetatifactor	Microbe			genus	local_kg_curated
NCBITaxon:1432051	Eisenbergiella	Microbe			genus	local_kg_curated
NCBITaxon:1449386	bacterium MRG-IFC-1	Microbe			strain	local_kg_curated
NCBITaxon:1449387	bacterium MRG-IFC-2	Microbe			strain	local_kg_curated
NCBITaxon:1469948	Kineothrix alysoides	Microbe			species	local_kg_curated
NCBITaxon:1470353	Candidatus Soleaferrea	Microbe			genus	local_kg_curated
NCBITaxon:1477104	bacterium MRG-PMF-1	Microbe			strain	local_kg_curated
NCBITaxon:1485	Clostridium	Microbe			genus	local_kg_curated
NCBITaxon:1491	Clostridium botulinum	Microbe			species	local_kg_curated
NCBITaxon:1501	Clostridium pasteurianum	Microbe			species	local_kg_curated
NCBITaxon:1501226	Romboutsia	Microbe			genus	local_kg_curated
NCBITaxon:1501391	Alistipes inops	Microbe			species	local_kg_curated
NCBITaxon:1505657	Intestinibacter	Microbe			genus	local_kg_curated
NCBITaxon:1506553	Lachnoclostridium	Microbe			genus	local_kg_curated
NCBITaxon:1506577	Tyzzerella	Microbe			genus	local_kg_curated
NCBITaxon:1508657	Ruminiclostridium	Microbe			genus	local_kg_curated
NCBITaxon:151419	Bosea massiliensis	Microbe			species	local_kg_curated
NCBITaxon:1519	Clostridium tyrobutyricum	Microbe			species	local_kg_curated
NCBITaxon:156973	Dysgonomonas	Microbe			genus	local_kg_curated
NCBITaxon:1573534	Faecalitalea	Microbe			genus	local_kg_curated
NCBITaxon:1573535	Holdemanella	Microbe			genus	local_kg_curated
NCBITaxon:1573805	Marinifilaceae	Microbe			family	local_kg_curated
NCBITaxon:1578	Lactobacillus	Microbe			genus	local_kg_curated
NCBITaxon:1579	Lactobacillus acidophilus	Microbe			species	local_kg_curated
NCBITaxon:157907	Desulfosporosinus sp.	Microbe			species	local_kg_curated
NCBITaxon:1582	Lacticaseibacillus casei	Microbe			species	local_kg_curated
NCBITaxon:158846	Megamonas	Microbe			genus	local_kg_curated
NCBITaxon:158850	Providencia rustigianii	Microbe			species	local_kg_curated
NCBITaxon:1630135	Dermabacter vaginalis	Microbe			species	local_kg_curated
NCBITaxon:1643826	Eggerthellaceae	Microbe			family	local_kg_curated
NCBITaxon:1647988	Akkermansiaceae	Microbe			family	local_kg_curated
NCBITaxon:1649459	Hungatella	Microbe			genus	local_kg_curated
NCBITaxon:1678	Bifidobacterium	Microbe			genus	local_kg_curated
NCBITaxon:168384	Marvinbryantia formatexigens	Microbe			species	local_kg_curated
NCBITaxon:1705	Corynebacterium stationis	Microbe			species	local_kg_curated
NCBITaxon:1705604	Streptococcus sp. MRG-ICA-B	Microbe			species	local_kg_curated
NCBITaxon:1710535	Enterococcus sp. MRG-ICA-E	Microbe			species	local_kg_curated
NCBITaxon:171549	Bacteroidales	Microbe			order	local_kg_curated
NCBITaxon:171550	Rikenellaceae	Microbe			family	local_kg_curated
NCBITaxon:171552	Prevotellaceae	Microbe			family	local_kg_curated
NCBITaxon:1729679	Faecalibaculum	Microbe			genus	local_kg_curated
NCBITaxon:1730	Eubacterium	Microbe			genus	local_kg_curated
NCBITaxon:1736	Eubacterium limosum	Microbe			species	local_kg_curated
NCBITaxon:1738645	Caproiciproducens	Microbe			genus	local_kg_curated
NCBITaxon:1744	Propionibacterium freudenreichii	Microbe			species	local_kg_curated
NCBITaxon:174708	Allobaculum	Microbe			genus	local_kg_curated
NCBITaxon:1748	Acidipropionibacterium acidipropionici	Microbe			species	local_kg_curated
NCBITaxon:1763	Mycobacterium	Microbe			genus	local_kg_curated
NCBITaxon:1766253	Agathobacter	Microbe			genus	local_kg_curated
NCBITaxon:1776384	Emergencia timonensis	Microbe			species	local_kg_curated
NCBITaxon:1783273	Patescibacteria group	Microbe			phylum	local_kg_curated
NCBITaxon:1796613	Bacteroides caecimuris	Microbe			species	local_kg_curated
NCBITaxon:1796620	Acutalibacter muris	Microbe			species	local_kg_curated
NCBITaxon:180589	Roseburia sp. A2-183	Microbe			species	local_kg_curated
NCBITaxon:185291	unclassified Bacteroidales	Microbe			no rank	local_kg_curated
NCBITaxon:186801	Clostridia	Microbe			class	local_kg_curated
NCBITaxon:186802	Eubacteriales	Microbe			order	local_kg_curated
NCBITaxon:186803	Lachnospiraceae	Microbe			family	local_kg_curated
NCBITaxon:186807	Peptococcaceae	Microbe			family	local_kg_curated
NCBITaxon:186827	Aerococcaceae	Microbe			family	local_kg_curated
NCBITaxon:186928	unclassified Lachnospiraceae	Microbe			no rank	local_kg_curated
NCBITaxon:1870884	Clostridioides	Microbe			genus	local_kg_curated
NCBITaxon:1879010	Bacillota bacterium	Microbe			species	local_kg_curated
NCBITaxon:1883	Streptomyces	Microbe			genus	local_kg_curated
NCBITaxon:1891166	Saccharomycetales sp.	Microbe			species	local_kg_curated
NCBITaxon:1891238	Burkholderiales bacterium	Microbe			species	local_kg_curated
NCBITaxon:189330	Dorea	Microbe			genus	local_kg_curated
NCBITaxon:1906119	Candidatus Gastranaerophilales	Microbe			order	local_kg_curated
NCBITaxon:191303	Turicibacter	Microbe			genus	local_kg_curated
NCBITaxon:191394	Deferribacteraceae	Microbe			family	local_kg_curated
NCBITaxon:1918540	Muribaculum	Microbe			genus	local_kg_curated
NCBITaxon:1935176	Angelakisella	Microbe			genus	local_kg_curated
NCBITaxon:1937008	Dubosiella	Microbe			genus	local_kg_curated
NCBITaxon:194	Campylobacter	Microbe			genus	local_kg_curated
NCBITaxon:1940255	Fournierella	Microbe			genus	local_kg_curated
NCBITaxon:1980681	Colidextribacter	Microbe			genus	local_kg_curated
NCBITaxon:1980693	Negativibacillus	Microbe			genus	local_kg_curated
NCBITaxon:2005473	Muribaculaceae	Microbe			family	local_kg_curated
NCBITaxon:2005525	Tannerellaceae	Microbe			family	local_kg_curated
NCBITaxon:200643	Bacteroidia	Microbe			genus	local_kg_curated
NCBITaxon:200940	Thermodesulfobacteriota	Microbe			phylum	local_kg_curated
NCBITaxon:201174	Actinomycetota	Microbe			phylum	local_kg_curated
NCBITaxon:203691	Spirochaetota	Microbe			phylum	local_kg_curated
NCBITaxon:2039240	Anaerotignum	Microbe			genus	local_kg_curated
NCBITaxon:2039302	Monoglobus	Microbe			genus	local_kg_curated
NCBITaxon:2042683	Olsenella sp.	Microbe			species	local_kg_curated
NCBITaxon:204433	Terriglobales	Microbe			order	local_kg_curated
NCBITaxon:204434	Acidobacteriaceae	Microbe			family	local_kg_curated
NCBITaxon:207244	Anaerostipes	Microbe			genus	local_kg_curated
NCBITaxon:2086	Anaeroplasma	Microbe			genus	local_kg_curated
NCBITaxon:209	Helicobacter	Microbe			genus	local_kg_curated
NCBITaxon:209879	Allisonella	Microbe			genus	local_kg_curated
NCBITaxon:210	Helicobacter pylori	Microbe			species	local_kg_curated
NCBITaxon:2108523	Lawsonibacter asaccharolyticus	Microbe			species	local_kg_curated
NCBITaxon:216572	Oscillospiraceae	Microbe			genus	local_kg_curated
NCBITaxon:216851	Faecalibacterium	Microbe			genus	local_kg_curated
NCBITaxon:224765	unclassified Prevotellaceae	Microbe			no rank	local_kg_curated
NCBITaxon:225453	Yaniella halotolerans	Microbe			species	local_kg_curated
NCBITaxon:230658	Paraeggerthella hongkongensis	Microbe			species	local_kg_curated
NCBITaxon:2316020	Mediterraneibacter	Microbe			genus	local_kg_curated
NCBITaxon:2383	Candidatus Epulonipiscium	Microbe			genus	local_kg_curated
NCBITaxon:239759	Alistipes	Microbe			genus	local_kg_curated
NCBITaxon:239760	human intestinal bacterium SNU-Julong732	Microbe			strain	local_kg_curated
NCBITaxon:239934	Akkermansia	Microbe			genus	local_kg_curated
NCBITaxon:242230	Eggerthella sinensis	Microbe			species	local_kg_curated
NCBITaxon:244127	Anaerotruncus	Microbe			genus	local_kg_curated
NCBITaxon:248038	Mucispirillum	Microbe			genus	local_kg_curated
NCBITaxon:2485926	Atopobiaceae bacterium	Microbe			species	local_kg_curated
NCBITaxon:248744	Marvinbryantia	Microbe			genus	local_kg_curated
NCBITaxon:2496532	Marvinbryantia sp.	Microbe			species	local_kg_curated
NCBITaxon:2518495	Duncaniella	Microbe			genus	local_kg_curated
NCBITaxon:2530392	Duncaniella sp. C9	Microbe			species	local_kg_curated
NCBITaxon:2576606	Duncaniella sp. B8	Microbe			species	local_kg_curated
NCBITaxon:2624623	unclassified Alloprevotella	Microbe			no rank	local_kg_curated
NCBITaxon:2648737	unclassified Eggerthella	Microbe			no rank	local_kg_curated
NCBITaxon:2649774	unclassified Parabacteroides	Microbe			no rank	local_kg_curated
NCBITaxon:264995	Anaerofustis	Microbe			genus	local_kg_curated
NCBITaxon:2681861	Sporofaciens musculi	Microbe			species	local_kg_curated
NCBITaxon:2740	Peptococcus	Microbe			genus	local_kg_curated
NCBITaxon:2742598	Limosilactobacillus	Microbe			genus	local_kg_curated
NCBITaxon:2767887	Ligilactobacillus	Microbe			genus	local_kg_curated
NCBITaxon:2774297	Synergistes sp.	Microbe			species	local_kg_curated
NCBITaxon:28050	Lachnospira	Microbe			genus	local_kg_curated
NCBITaxon:28138	Rikenella	Microbe			genus	local_kg_curated
NCBITaxon:283168	Odoribacter	Microbe			genus	local_kg_curated
NCBITaxon:2832643	Caudoviricetes sp.	Microbe			species	local_kg_curated
NCBITaxon:28446	Anaerotignum propionicum	Microbe			species	local_kg_curated
NCBITaxon:286	Pseudomonas	Microbe			genus	local_kg_curated
NCBITaxon:2891241	Liothrips reuteri	Microbe			species	local_kg_curated
NCBITaxon:292632	Subdoligranulum	Microbe			genus	local_kg_curated
NCBITaxon:29465	Veillonella	Microbe			genus	local_kg_curated
NCBITaxon:29547	Campylobacterota	Microbe			phylum	local_kg_curated
NCBITaxon:296	Pseudomonas fragi	Microbe			species	local_kg_curated
NCBITaxon:298389	Bacteroides sp. MANG	Microbe			species	local_kg_curated
NCBITaxon:3025755	Thomasclavelia	Microbe			genus	local_kg_curated
NCBITaxon:307126	Ligilactobacillus apodemi	Microbe			species	local_kg_curated
NCBITaxon:3085636	Lachnospirales	Microbe			order	local_kg_curated
NCBITaxon:31953	Bifidobacteriaceae	Microbe			family	local_kg_curated
NCBITaxon:31969	Mollicutes	Microbe			class	local_kg_curated
NCBITaxon:31977	Veillonellaceae	Microbe			family	local_kg_curated
NCBITaxon:31979	Clostridiaceae	Microbe			family	local_kg_curated
NCBITaxon:329854	Bacteroides intestinalis	Microbe			species	local_kg_curated
NCBITaxon:33024	Phascolarctobacterium	Microbe			genus	local_kg_curated
NCBITaxon:33029	Anaerococcus hydrogenalis	Microbe			species	local_kg_curated
NCBITaxon:33030	Peptoniphilus indolicus	Microbe			species	local_kg_curated
NCBITaxon:33042	Coprococcus	Microbe			genus	local_kg_curated
NCBITaxon:33073	Zymobacter	Microbe			genus	local_kg_curated
NCBITaxon:33882	Microbacterium	Microbe			genus	local_kg_curated
NCBITaxon:33958	Lactobacillaceae	Microbe			family	local_kg_curated
NCBITaxon:348841	unclassified Clostridia	Microbe			no rank	local_kg_curated
NCBITaxon:35832	Bilophila	Microbe			genus	local_kg_curated
NCBITaxon:361210	unclassified Porphyromonadaceae	Microbe			no rank	local_kg_curated
NCBITaxon:36866	unclassified Enterobacteriaceae	Microbe			no rank	local_kg_curated
NCBITaxon:371143	Clostridium sp. TM-40	Microbe			species	local_kg_curated
NCBITaxon:375288	Parabacteroides	Microbe			genus	local_kg_curated
NCBITaxon:37734	Enterococcus casseliflavus	Microbe			species	local_kg_curated
NCBITaxon:394229	Eubacterium sp. A-44	Microbe			species	local_kg_curated
NCBITaxon:39483	Faecalitalea cylindroides	Microbe			species	local_kg_curated
NCBITaxon:39948	Dialister	Microbe			genus	local_kg_curated
NCBITaxon:40544	Sutterella	Microbe			genus	local_kg_curated
NCBITaxon:407	Methylobacterium	Microbe			genus	local_kg_curated
NCBITaxon:411489	Clostridium sp. L2-50	Microbe			species	local_kg_curated
NCBITaxon:41295	Rhodospirillaceae	Microbe			family	local_kg_curated
NCBITaxon:426610	Eggerthella sp. SDG-2	Microbe			species	local_kg_curated
NCBITaxon:433503	Malthininae	Microbe			subfamily	local_kg_curated
NCBITaxon:441	Gluconobacter	Microbe			genus	local_kg_curated
NCBITaxon:447020	Adlercreutzia	Microbe			genus	local_kg_curated
NCBITaxon:44742	Desulfovibrio fairfieldensis	Microbe			species	local_kg_curated
NCBITaxon:45787	Wickerhamiella	Microbe			genus	local_kg_curated
NCBITaxon:459786	Oscillibacter	Microbe			genus	local_kg_curated
NCBITaxon:46205	Pseudobutyrivibrio	Microbe			species	local_kg_curated
NCBITaxon:467747	Candidatus Bacilloplasma	Microbe			genus	local_kg_curated
NCBITaxon:469	Acinetobacter	Microbe			genus	local_kg_curated
NCBITaxon:49082	Candidatus Arthromitus	Microbe			genus	local_kg_curated
NCBITaxon:4930	Saccharomyces	Microbe			genus	local_kg_curated
NCBITaxon:498718	Slackia equolifaciens	Microbe			species	local_kg_curated
NCBITaxon:49928	unclassified Bacteria	Microbe			no rank	local_kg_curated
NCBITaxon:502558	Eggerthella sp. YY7918	Microbe			species	local_kg_curated
NCBITaxon:508459	Cloacibacillus	Microbe			genus	local_kg_curated
NCBITaxon:52242	Lactobacillus gallinarum	Microbe			species	local_kg_curated
NCBITaxon:526524	Erysipelotrichia	Microbe			class	local_kg_curated
NCBITaxon:538	Eikenella	Microbe			genus	local_kg_curated
NCBITaxon:543	Enterobacteriaceae	Microbe			family	local_kg_curated
NCBITaxon:544	Citrobacter	Microbe			genus	local_kg_curated
NCBITaxon:544448	Mycoplasmatota	Microbe			phylum	local_kg_curated
NCBITaxon:544644	Butyricimonas synergistica	Microbe			species	local_kg_curated
NCBITaxon:561	Escherichia	Microbe			genus	local_kg_curated
NCBITaxon:568703	Lacticaseibacillus rhamnosus GG	Microbe			strain	local_kg_curated
NCBITaxon:570	Klebsiella	Microbe			genus	local_kg_curated
NCBITaxon:572511	Blautia	Microbe			genus	local_kg_curated
NCBITaxon:574697	Butyricimonas	Microbe			genus	local_kg_curated
NCBITaxon:577309	Paraprevotella	Microbe			genus	local_kg_curated
NCBITaxon:577310	Parasutterella	Microbe			genus	local_kg_curated
NCBITaxon:580024	Enterorhabdus	Microbe			genus	local_kg_curated
NCBITaxon:580026	Adlercreutzia mucosicola	Microbe			species	local_kg_curated
NCBITaxon:580596	Butyricicoccus	Microbe			genus	local_kg_curated
NCBITaxon:581	Morganella	Microbe			genus	local_kg_curated
NCBITaxon:583	Proteus	Microbe			genus	local_kg_curated
NCBITaxon:587	Providencia rettgeri	Microbe			species	local_kg_curated
NCBITaxon:590	Salmonella	Microbe			genus	local_kg_curated
NCBITaxon:59201	Salmonella enterica subsp. enterica	Microbe			subspecies	local_kg_curated
NCBITaxon:59310	Streptococcus macedonicus	Microbe			species	local_kg_curated
NCBITaxon:59732	Chryseobacterium	Microbe			genus	local_kg_curated
NCBITaxon:60246	Helicobacter ganmani	Microbe			species	local_kg_curated
NCBITaxon:61170	Holdemania	Microbe			genus	local_kg_curated
NCBITaxon:620	Shigella	Microbe			genus	local_kg_curated
NCBITaxon:626933	Odoribacter laneus	Microbe			species	local_kg_curated
NCBITaxon:626935	Collinsella tanakaei	Microbe			species	local_kg_curated
NCBITaxon:626937	Christensenella minuta	Microbe			species	local_kg_curated
NCBITaxon:626938	Succinatimonas hippei	Microbe			species	local_kg_curated
NCBITaxon:629395	Bacteria Latreille et al. 1825	Microbe			genus	local_kg_curated
NCBITaxon:636	Edwardsiella tarda	Microbe			species	local_kg_curated
NCBITaxon:638847	Pyramidobacter	Microbe			genus	local_kg_curated
NCBITaxon:644652	Gordonibacter	Microbe			genus	local_kg_curated
NCBITaxon:647703	Slackia sp. NATTS	Microbe			species	local_kg_curated
NCBITaxon:65402	Acidaminobacter	Microbe			genus	local_kg_curated
NCBITaxon:660628	Insolitispirillum	Microbe			genus	local_kg_curated
NCBITaxon:673271	Catenibacillus scindens	Microbe			species	local_kg_curated
NCBITaxon:67825	Citrobacter rodentium	Microbe			species	local_kg_curated
NCBITaxon:68337	Deferribacteres	Microbe			phylum	local_kg_curated
NCBITaxon:698776	Cellulosilyticum	Microbe			genus	local_kg_curated
NCBITaxon:700448	Xylariophilus	Microbe			genus	local_kg_curated
NCBITaxon:72000	Kocuria rhizophila	Microbe			species	local_kg_curated
NCBITaxon:74201	Verrucomicrobiota	Microbe			phylum	local_kg_curated
NCBITaxon:76936	Helicobacter typhlonius	Microbe			species	local_kg_curated
NCBITaxon:79880	Shouchella clausii	Microbe			species	local_kg_curated
NCBITaxon:815	Bacteroidaceae	Microbe			family	local_kg_curated
NCBITaxon:816	Bacteroides	Microbe			genus	local_kg_curated
NCBITaxon:83560	Chlamydia muridarum	Microbe			species	local_kg_curated
NCBITaxon:838	Prevotella	Microbe			genus	local_kg_curated
NCBITaxon:841	Roseburia	Microbe			genus	local_kg_curated
NCBITaxon:84107	Coriobacteriaceae	Microbe			family	local_kg_curated
NCBITaxon:84111	Eggerthella	Microbe			genus	local_kg_curated
NCBITaxon:848	Fusobacterium	Microbe			genus	local_kg_curated
NCBITaxon:86331	Mogibacterium	Microbe			genus	local_kg_curated
NCBITaxon:872	Desulfovibrio	Microbe			genus	local_kg_curated
NCBITaxon:906	Megasphaera	Microbe			genus	local_kg_curated
NCBITaxon:90964	Staphylococcaceae	Microbe			family	local_kg_curated
NCBITaxon:91347	Enterobacterales	Microbe			order	local_kg_curated
NCBITaxon:946234	Flavonifractor	Microbe			genus	local_kg_curated
NCBITaxon:97253	Eubacterium plexicaudatum	Microbe			species	local_kg_curated
NCBITaxon:976	Bacteroidota	Microbe			phylum	local_kg_curated
NCBITaxon:990719	Christensenellaceae	Microbe			family	local_kg_curated
NCBITaxon:990721	Christensenella	Microbe			genus	local_kg_curated
PUBCHEM:10176710	3,4-Dihydroxy-trans-stilbene	Metabolite		10176710.0		local_kg_curated
PUBCHEM:10308378	10-Oxo-11-octadecenoic acid	Metabolite		10308378.0		local_kg_curated
PUBCHEM:10376459	3,9-dihydroxy-6H-benzo[c]chromen-6-one	Metabolite		10376459.0		local_kg_curated
PUBCHEM:10381440	11-Methoxycurvularin	Metabolite		10381440.0		local_kg_curated
PUBCHEM:10685477	(3R,4R)-3,4-bis[(3-hydroxyphenyl)methyl]oxolan-2-one	Metabolite		10685477.0		local_kg_curated
PUBCHEM:11066	Oxyberberine	Metabolite		11066.0		local_kg_curated
PUBCHEM:11781	1-Methylindole	Metabolite		11781.0|HMDB0243941		local_kg_curated
PUBCHEM:12233	3,3-Dimethyl-1-butanol	Metabolite		12233.0		local_kg_curated
PUBCHEM:129849310	7-Hydroxy-5-methyl-3-phenyl-6,7,8,9-tetrahydropyrido[3',2':4,5]imidazo[1,2-a]pyrimidin-5-ium chloride	Metabolite		129849310.0		local_kg_curated
PUBCHEM:129887767	Hydroxyquercitrin	Metabolite		129887767.0		local_kg_curated
PUBCHEM:131820219	PE-NMe(18:0/22:4(7Z,10Z,13Z,16Z))	Metabolite		131820219.0|HMDB0113104		local_kg_curated
PUBCHEM:131820417	PE-NMe(20:0/22:6(4Z,7Z,10Z,13Z,16Z,19Z))	Metabolite		131820417.0|HMDB0113305		local_kg_curated
PUBCHEM:131821124	PE-NMe2(18:1(11Z)/16:1(9Z))	Metabolite		131821124.0|HMDB0114015		local_kg_curated
PUBCHEM:134743276	lysoPE 20:5	Metabolite		134743276.0		local_kg_curated
PUBCHEM:135860757	Sclerotioramine	Metabolite		135860757.0		local_kg_curated
PUBCHEM:137349712	Lipoteichoic acid	Metabolite		137349712.0		local_kg_curated
PUBCHEM:138478	1,3-Diphenylpropan-2-ol	Metabolite		138478.0		local_kg_curated
PUBCHEM:147608	Hesperetin dihydrochalcone	Metabolite		147608.0		local_kg_curated
PUBCHEM:16132344	Corticorelin Ovine	Metabolite		16132344.0		local_kg_curated
PUBCHEM:168074	2-[cyclopentyloxy(methyl)phosphoryl]sulfanyl-N,N-dimethylethanamine	Metabolite		168074.0|HMDB0249739		local_kg_curated
PUBCHEM:192215	2-hydroxy-3-(5-hydroxy-1H-indol-3-yl)propanoic acid	Metabolite		192215.0		local_kg_curated
PUBCHEM:19973073	Ethyl 3-(2,4-difluorophenyl)-3,4-epoxy-2-fluoro-2methylbutyrate	Metabolite		19973073.0		local_kg_curated
PUBCHEM:21722175	3-(3',4'-Dihydroxyphenyl)-1-(2,4,6-trihydroxyphenyl)-propan-2-ol	Metabolite		21722175.0		local_kg_curated
PUBCHEM:25201019	Ponciretin	Metabolite		25201019.0		local_kg_curated
PUBCHEM:296790	1-Hydroxy-1,3-diphenylpropan-2-one	Metabolite		296790.0		local_kg_curated
PUBCHEM:3033829	N-(5-Chloro-2-methylphenyl)-N'-(2-methylpropyl)-thiourea	Metabolite		3033829.0		local_kg_curated
PUBCHEM:3080690	Cysteine-glutathione disulfide	Metabolite		3080690.0		local_kg_curated
PUBCHEM:3081033	1-(3-Chloro-2,6-dihydroxy-4-methoxyphenyl)-1-hexanone	Metabolite		3081033.0		local_kg_curated
PUBCHEM:3082568	Hexadecanamide, N-(3-(hexadecyloxy)-2-hydroxypropyl)-N-(2-hydroxyethyl)-	Metabolite		3082568.0		local_kg_curated
PUBCHEM:36829	Dimethyl arsenate	Metabolite		36829.0		local_kg_curated
PUBCHEM:45093073	5-(3,4-Dihydroxyphenyl)-valerolactone	Metabolite		45093073.0		local_kg_curated
PUBCHEM:45093080	(R)-5-(3,4-Dihydroxybenzyl)dihydrofuran-2(3H)-one	Metabolite		45093080.0|HMDB0029185		local_kg_curated
PUBCHEM:476785	CID 476785	Metabolite		476785.0		local_kg_curated
PUBCHEM:500189	2,3-Bis(3,4-dihydroxybenzyl)butyrolactone	Metabolite		500189.0		local_kg_curated
PUBCHEM:51576	Acifran	Metabolite		51576.0|D02753|HMDB0247940		local_kg_curated
PUBCHEM:517326	Sodium dichloroacetate	Metabolite		517326.0|D05857		local_kg_curated
PUBCHEM:5280818	L-Urobilin	Metabolite		5280818.0|C05793		local_kg_curated
PUBCHEM:5284008	3alpha,19-Dihydroxy-5beta-cholan-24-oic Acid	Metabolite		5284008.0		local_kg_curated
PUBCHEM:52928631	1-(1Z-eicosenyl)-glycero-3-phospho-(1'-myo-inositol)	Metabolite		52928631.0		local_kg_curated
PUBCHEM:5315606	1-O-Caffeoylglycerol	Metabolite		5315606.0		local_kg_curated
PUBCHEM:53477692	7-Hydroxy-3-oxocholanoic acid	Metabolite		53477692.0|HMDB0000460		local_kg_curated
PUBCHEM:54580480	20(R)-Ginsenoside Rh2	Metabolite		54580480.0		local_kg_curated
PUBCHEM:5460048	Triglyceride	Metabolite		5460048.0		local_kg_curated
PUBCHEM:5481990	1-Piperazinepentanamide, N-((1S,2R)-2,3-dihydro-2-hydroxy-1H-inden-1-yl)-2-(((1,1-dimethylethyl)amino)carbonyl)-4-(furo(2,3-b)pyridin-5-ylmethyl)-gamma-hydroxy-alpha-(phenylmethyl)-, (alphaR,gammaS,2S)-	Metabolite		5481990.0		local_kg_curated
PUBCHEM:5486616	Nepetalic acid	Metabolite		5486616.0		local_kg_curated
PUBCHEM:58177714	lysoPE 22:6	Metabolite		58177714.0		local_kg_curated
PUBCHEM:613145	(10-[(Acetyloxy)methyl]-9-anthryl)methyl acetate	Metabolite		613145.0		local_kg_curated
PUBCHEM:6427014	epsilon-(gamma-Glutamyl)lysine	Metabolite		6427014.0		local_kg_curated
PUBCHEM:6433298	Urobilin	Metabolite		6433298.0		local_kg_curated
PUBCHEM:6474236	N7-Methylguanosine	Metabolite		6474236.0		local_kg_curated
PUBCHEM:6971268	2-(4-Hydroxyphenyl)propionic acid, (2S)-	Metabolite		6971268.0		local_kg_curated
PUBCHEM:70678557	Insulin	Metabolite		70678557.0		local_kg_curated
PUBCHEM:72714584	Alkyne Sphinganine	Metabolite		72714584.0		local_kg_curated
PUBCHEM:73755142	Lysophosphatidylethanolamine	Metabolite		73755142.0		local_kg_curated
PUBCHEM:78184051	2-Amino-3-[hydroxy-(2-hydroxy-3-pentadecanoyloxypropoxy)phosphoryl]oxypropanoic acid	Metabolite		78184051.0		local_kg_curated
PUBCHEM:79041	2-Acetoxypropanoic acid	Metabolite		79041.0		local_kg_curated
PUBCHEM:7985	Dihexyl azelate	Metabolite		7985.0		local_kg_curated
PUBCHEM:83404	3-Hydroxyphenethyl alcohol	Metabolite		83404.0		local_kg_curated
PUBCHEM:96384	3-(2,4-Dihydroxyphenyl)propanoic acid	Metabolite		96384.0|HMDB0126386		local_kg_curated
PUBCHEM:9877619	Ethyl phenyllactate, (-)-	Metabolite		9877619.0		local_kg_curated
MESH:C000714387	chinese herbal formula QHF	Disease				local_kg_curated
MESH:C046366	angiogenin	Disease				local_kg_curated
MESH:C085278	hydroxysafflor yellow A	Disease				local_kg_curated
MESH:C535244	yacon syrup	Disease				local_kg_curated
MESH:C535916	Cartilage-hair hypoplasia	Disease				local_kg_curated
MESH:C536315	Pediatric ulcerative colitis	Disease				local_kg_curated
MESH:C551158	CPPS3 polysaccharide, Codonopsis pilosula	Disease				local_kg_curated
MESH:C563365	Polyposis Syndrome, Hereditary Mixed, 1	Disease				local_kg_curated
MESH:C563924	Colorectal Adenomatous Polyposis, Autosomal Recessive	Disease				local_kg_curated
MESH:C564133	Ige Responsiveness, Atopic [Supplementary Concept]	Disease				local_kg_curated
MESH:D000067011	Severe Acute Malnutrition	Disease				local_kg_curated
MESH:D000067877	Autism Spectrum Disorder	Disease				local_kg_curated
MESH:D000069279	Drug Resistant Epilepsy	Disease				local_kg_curated
MESH:D000069983	Saccharomyces boulardii	Disease				local_kg_curated
MESH:D000070642	Brain Injuries, Traumatic	Disease				local_kg_curated
MESH:D000073600	Diet, High-Protein	Disease				local_kg_curated
MESH:D000073932	Food addiction	Disease				local_kg_curated
MESH:D000077195	Squamous Cell Carcinoma of Head and Neck	Disease				local_kg_curated
MESH:D000077277	Esophageal Squamous Cell Carcinoma	Disease				local_kg_curated
MESH:D000079424	Tumor Necrosis Factor Inhibitors	Disease				local_kg_curated
MESH:D000081029	Pulmonary Arterial Hypertension	Disease				local_kg_curated
MESH:D000083023	Colitis-Associated Neoplasms	Disease				local_kg_curated
MESH:D000152	Acne Vulgaris	Disease				local_kg_curated
MESH:D000236	Adenoma(advanced)	Disease				local_kg_curated
MESH:D000368	Aged	Disease				local_kg_curated
MESH:D000375	Aging	Disease				local_kg_curated
MESH:D000544	Alzheimer Disease	Disease				local_kg_curated
MESH:D000667	Ampicillin	Disease				local_kg_curated
MESH:D000690	Amyotrophic Lateral Sclerosis	Disease				local_kg_curated
MESH:D000789	Angina, Unstable	Disease				local_kg_curated
MESH:D000856	Anorexia Nervosa	Disease				local_kg_curated
MESH:D000894	Anti-Inflammatory Agents, Non-Steroidal(indomethacin, ibuprofen, ketoprofen, diclofenac, piroxicam, celecoxib, nimesulid and aspirin)	Disease				local_kg_curated
MESH:D000900	Anti-Bacterial Agents	Disease				local_kg_curated
MESH:D001007	Anxiety	Disease				local_kg_curated
MESH:D001120	Arginine	Disease				local_kg_curated
MESH:D001171	Arthritis, Juvenile	Disease				local_kg_curated
MESH:D001172	Arthritis, Rheumatoid	Disease				local_kg_curated
MESH:D001249	Asthma	Disease				local_kg_curated
MESH:D001289	Attention Deficit Disorder with Hyperactivity	Disease				local_kg_curated
MESH:D001382	Azerbaijan	Disease				local_kg_curated
MESH:D001943	Breast Neoplasms	Disease				local_kg_curated
MESH:D002285	Carcinoma, Intraductal, Noninfiltrating	Disease				local_kg_curated
MESH:D002318	Cardiovascular Diseases	Disease				local_kg_curated
MESH:D002353	Carrier State	Disease				local_kg_curated
MESH:D002446	Celiac Disease	Disease				local_kg_curated
MESH:D002532	Intracranial Aneurysm	Disease				local_kg_curated
MESH:D002583	Uterine Cervical Neoplasms	Disease				local_kg_curated
MESH:D002971	Cleft Lip	Disease				local_kg_curated
MESH:D003015	Clostridium Infections	Disease				local_kg_curated
MESH:D003092	Colitis	Disease				local_kg_curated
MESH:D003093	Colitis, Ulcerative	Disease				local_kg_curated
MESH:D003113	Colonoscopy	Disease				local_kg_curated
MESH:D003248	Constipation	Disease				local_kg_curated
MESH:D003424	Crohn Disease	Disease				local_kg_curated
MESH:D003550	Cystic Fibrosis	Disease				local_kg_curated
MESH:D003562	Cytidine	Disease				local_kg_curated
MESH:D003731	Dental Caries	Disease				local_kg_curated
MESH:D003863	Depression	Disease				local_kg_curated
MESH:D003865	Depressive Disorder, Major	Disease				local_kg_curated
MESH:D003876	Dermatitis, Atopic	Disease				local_kg_curated
MESH:D003921	Diabetes Mellitus, Experimental	Disease				local_kg_curated
MESH:D003922	Diabetes Mellitus, Type 1	Disease				local_kg_curated
MESH:D003924	Diabetes Mellitus, Type 2	Disease				local_kg_curated
MESH:D003928	Diabetic nephropathy	Disease				local_kg_curated
MESH:D003929	Diabetic Neuropathies	Disease				local_kg_curated
MESH:D003967	Diarrhea	Disease				local_kg_curated
MESH:D004403	Dysentery	Disease				local_kg_curated
MESH:D004415	Dyspepsia	Disease				local_kg_curated
MESH:D004443	Echinococcosis	Disease				local_kg_curated
MESH:D004485	Eczema	Disease				local_kg_curated
MESH:D004761	Enterocolitis, Pseudomembranous	Disease				local_kg_curated
MESH:D005221	Fatigue	Disease				local_kg_curated
MESH:D005512	Food Hypersensitivity	Disease				local_kg_curated
MESH:D005690	Galactose	Disease				local_kg_curated
MESH:D005891	Gingivitis	Disease				local_kg_curated
MESH:D006232	Hand, Foot and Mouth Disease	Disease				local_kg_curated
MESH:D006435	Renal Dialysis	Disease				local_kg_curated
MESH:D006527	Hepatolenticular Degeneration	Disease				local_kg_curated
MESH:D006635	Histamine H2 Antagonists	Disease				local_kg_curated
MESH:D006967	Hypersensitivity	Disease				local_kg_curated
MESH:D006973	Hypertension	Disease				local_kg_curated
MESH:D006980	Hyperthyroid	Disease				local_kg_curated
MESH:D007003	Hypoglycemia	Disease				local_kg_curated
MESH:D007444	Inulin	Disease				local_kg_curated
MESH:D007597	Jordan	Disease				local_kg_curated
MESH:D007669	Kidney Calculi	Disease				local_kg_curated
MESH:D007938	Leukemia	Disease				local_kg_curated
MESH:D008010	Oral Lichen Planus	Disease				local_kg_curated
MESH:D008103	Liver Cirrhosis	Disease				local_kg_curated
MESH:D008107	Liver Diseases	Disease				local_kg_curated
MESH:D008180	Lupus Erythematosus, Systemic	Disease				local_kg_curated
MESH:D008687	Metformin	Disease				local_kg_curated
MESH:D008694	Methamphetamine	Disease				local_kg_curated
MESH:D008795	Metronidazole	Disease				local_kg_curated
MESH:D009007	Moyamoya disease	Disease				local_kg_curated
MESH:D009055	Mouth	Disease				local_kg_curated
MESH:D009062	Mouth Neoplasms	Disease				local_kg_curated
MESH:D009103	Multiple Sclerosis	Disease				local_kg_curated
MESH:D009203	Myocardial Infarction	Disease				local_kg_curated
MESH:D009355	Neomycin	Disease				local_kg_curated
MESH:D009369	Neoplasms	Disease				local_kg_curated
MESH:D009447	Neuroblastoma	Disease				local_kg_curated
MESH:D009549	Nigeria	Disease				local_kg_curated
MESH:D009625	Noma	Disease				local_kg_curated
MESH:D009765	Obesity	Disease				local_kg_curated
MESH:D009967	Orthodontic Appliances	Disease				local_kg_curated
MESH:D010190	Pancreatic Neoplasms	Disease				local_kg_curated
MESH:D010195	Pancreatitis	Disease				local_kg_curated
MESH:D010300	Parkinson Disease	Disease				local_kg_curated
MESH:D010505	Familial Mediterranean Fever	Disease				local_kg_curated
MESH:D010510	Periodontal Diseases	Disease				local_kg_curated
MESH:D010518	Periodontitis	Disease				local_kg_curated
MESH:D010530	Peritoneal Dialysis	Disease				local_kg_curated
MESH:D010661	Phenylketonuria	Disease				local_kg_curated
MESH:D010842	Pica	Disease				local_kg_curated
MESH:D011085	Polycystic Ovary Syndrome	Disease				local_kg_curated
MESH:D011471	Prostate cancer	Disease				local_kg_curated
MESH:D011565	Psoriasis	Disease				local_kg_curated
MESH:D011695	IgA Vasculitis	Disease				local_kg_curated
MESH:D012149	Restraint, Physical	Disease				local_kg_curated
MESH:D012210	Rhamnose	Disease				local_kg_curated
MESH:D012516	Osteosarcoma	Disease				local_kg_curated
MESH:D012859	Sjogren's Syndrome	Disease				local_kg_curated
MESH:D012891	Obstructive Sleep Apnea	Disease				local_kg_curated
MESH:D012893	Sleep Wake Disorders	Disease				local_kg_curated
MESH:D013119	Spinal Cord Injuries	Disease				local_kg_curated
MESH:D013167	Spondylitis, Ankylosing	Disease				local_kg_curated
MESH:D013274	Stomach Neoplasms	Disease				local_kg_curated
MESH:D013315	Stress, Psychological	Disease				local_kg_curated
MESH:D013397	Sudan	Disease				local_kg_curated
MESH:D013514	Surgical Procedures, Operative	Disease				local_kg_curated
MESH:D013605	T-2 toxin	Disease				local_kg_curated
MESH:D013789	Thalassemia	Disease				local_kg_curated
MESH:D013964	Thyroid Neoplasms	Disease				local_kg_curated
MESH:D014212	Tretinoin	Disease				local_kg_curated
MESH:D014302	Trinitrobenzenesulfonic Acid	Disease				local_kg_curated
MESH:D014529	Uridine	Disease				local_kg_curated
MESH:D014640	Vancomycin	Disease				local_kg_curated
MESH:D014676	Diet, Vegetarian	Disease				local_kg_curated
MESH:D015179	Colorectal Neoplasms	Disease				local_kg_curated
MESH:D015209	Cholangitis, Sclerosing	Disease				local_kg_curated
MESH:D015212	Inflammatory Bowel Diseases	Disease				local_kg_curated
MESH:D015390	Gastric Bypass	Disease				local_kg_curated
MESH:D015431	Weight Loss	Disease				local_kg_curated
MESH:D015518	Rett Syndrome	Disease				local_kg_curated
MESH:D015525	Fatty Acids, Omega-3	Disease				local_kg_curated
MESH:D015658	HIV Infections	Disease				local_kg_curated
MESH:D015671	Electroacupuncture	Disease				local_kg_curated
MESH:D015673	Fatigue Syndrome, Chronic	Disease				local_kg_curated
MESH:D016030	Kidney Transplantation	Disease				local_kg_curated
MESH:D016606	Thyroid Nodule	Disease				local_kg_curated
MESH:D016638	Critical Illness	Disease				local_kg_curated
MESH:D016640	Diabetes, Gestational	Disease				local_kg_curated
MESH:D016776	Blastocystis Infections	Disease				local_kg_curated
MESH:D016925	Corynebacterium pseudotuberculosis	Disease				local_kg_curated
MESH:D017250	Caliciviridae Infections	Disease				local_kg_curated
MESH:D017963	Azithromycin	Disease				local_kg_curated
MESH:D018120	Finasteride	Disease				local_kg_curated
MESH:D018256	Adenomatous Polyps	Disease				local_kg_curated
MESH:D018281	Cholangiocarcinoma	Disease				local_kg_curated
MESH:D018752	Diet, Fat-Restricted	Disease				local_kg_curated
MESH:D018792	Encephalitis, Viral	Disease				local_kg_curated
MESH:D018798	Anemia, Iron-Deficiency	Disease				local_kg_curated
MESH:D019283	Pancreatitis, Acute Necrotizing	Disease				local_kg_curated
MESH:D019693	Hepatitis, Autoimmune	Disease				local_kg_curated
MESH:D019694	Hepatitis B, Chronic	Disease				local_kg_curated
MESH:D019936	Probiotics	Disease				local_kg_curated
MESH:D020148	Butyric Acid	Disease				local_kg_curated
MESH:D020345	Enterocolitis, Necrotizing	Disease				local_kg_curated
MESH:D023241	Antiretroviral Therapy,Highly Active	Disease				local_kg_curated
MESH:D023921	Coronary Stenosis	Disease				local_kg_curated
MESH:D025241	Spondylarthritis	Disease				local_kg_curated
MESH:D029801	Vaccinium vitis-idaea	Disease				local_kg_curated
MESH:D041881	Cholecystitis, Acute	Disease				local_kg_curated
MESH:D043183	Irritable Bowel Syndrome	Disease				local_kg_curated
MESH:D045730	Soy Foods	Disease				local_kg_curated
MESH:D046290	Liver Abscess, Pyogenic	Disease				local_kg_curated
MESH:D046728	Colitis, Microscopic	Disease				local_kg_curated
MESH:D050031	Hashimoto Disease	Disease				local_kg_curated
MESH:D050154	Adiposity	Disease				local_kg_curated
MESH:D050197	Atherosclerosis	Disease				local_kg_curated
MESH:D050500	Pancreatitis, Chronic	Disease				local_kg_curated
MESH:D051436	Renal Insufficiency, Chronic	Disease				local_kg_curated
MESH:D054198	Precursor Cell Lymphoblastic Leukemia-Lymphoma	Disease				local_kg_curated
MESH:D054328	Proton Pump Inhibitors	Disease				local_kg_curated
MESH:D058345	Asymptomatic Infections	Disease				local_kg_curated
MESH:D059305	Diet, High-Fat	Disease				local_kg_curated
MESH:D063766	Pediatric Obesity	Disease				local_kg_curated
MESH:D065626	Non-alcoholic Fatty Liver Disease	Disease				local_kg_curated
MESH:D065631	Rhinitis, Allergic	Disease				local_kg_curated
NCBITaxon:1003367	Clostridium sp. Clone-24	Microbe			species	local_kg_curated
NCBITaxon:1003372	Clostridium sp. Clone-33	Microbe			species	local_kg_curated
NCBITaxon:100883	Coprobacillus	Microbe			genus	local_kg_curated
NCBITaxon:1016	Capnocytophaga	Microbe			genus	local_kg_curated
NCBITaxon:1017280	Pseudoflavonifractor	Microbe			genus	local_kg_curated
NCBITaxon:102234	Cyanobacterium	Microbe			genus	local_kg_curated
NCBITaxon:105335	Clostridium sp. 6	Microbe			species	local_kg_curated
NCBITaxon:1055686	Sandaracinaceae	Microbe			family	local_kg_curated
NCBITaxon:106588	Pseudoflavonifractor capillosus	Microbe			species	local_kg_curated
NCBITaxon:1071886	Streptococcus troglodytidis	Microbe			species	local_kg_curated
NCBITaxon:1078480	Haemophilus sputorum	Microbe			species	local_kg_curated
NCBITaxon:1082930	Pelagibacterium	Microbe			genus	local_kg_curated
NCBITaxon:109328	Leptotrichia trevisanii	Microbe			species	local_kg_curated
NCBITaxon:1099853	Coprobacter fastidiosus	Microbe			species	local_kg_curated
NCBITaxon:110932	Leifsonia	Microbe			genus	local_kg_curated
NCBITaxon:111099	Rhodanobacter	Microbe			genus	local_kg_curated
NCBITaxon:1117	Cyanobacteria	Microbe			phylum	local_kg_curated
NCBITaxon:1129771	Leptotrichiaceae	Microbe			family	local_kg_curated
NCBITaxon:113286	Pseudoramibacter	Microbe			genus	local_kg_curated
NCBITaxon:1134687	Klebsiella michiganensis	Microbe			species	local_kg_curated
NCBITaxon:114627	alkaliphilus	Microbe			genus	local_kg_curated
NCBITaxon:114702	Actinomyces lingnae	Microbe			species	local_kg_curated
NCBITaxon:1156432	Streptococcus sp. I-G5	Microbe			species	local_kg_curated
NCBITaxon:1164882	Lachnoanaerobaculum	Microbe			genus	local_kg_curated
NCBITaxon:117563	Granulicatella	Microbe			genus	local_kg_curated
NCBITaxon:117743	Flavobacteria	Microbe			class	local_kg_curated
NCBITaxon:117747	Sphingobacteria	Microbe			class	local_kg_curated
NCBITaxon:119045	Methylobacteriaceae	Microbe			family	local_kg_curated
NCBITaxon:119060	Burkholderiaceae	Microbe			family	local_kg_curated
NCBITaxon:1213720	Stomatobaculum	Microbe			genus	local_kg_curated
NCBITaxon:1226341	SR1 bacterium oral taxon 874	Microbe			species	local_kg_curated
NCBITaxon:123375	Solobacterium	Microbe			genus	local_kg_curated
NCBITaxon:1243	Leuconostoc	Microbe			genus	local_kg_curated
NCBITaxon:1263052	Bacteroides plebeius CAG:211	Microbe			species	local_kg_curated
NCBITaxon:1266	Sarcina	Microbe			genus	local_kg_curated
NCBITaxon:1268	Micrococcaceae	Microbe			family	local_kg_curated
NCBITaxon:12916	Acidovorax	Microbe			genus	local_kg_curated
NCBITaxon:1297	Deinococcota	Microbe			phylum	local_kg_curated
NCBITaxon:1316593	Capnocytophaga sp. oral taxon 864	Microbe			species	local_kg_curated
NCBITaxon:1316596	Capnocytophaga sp. oral taxon 878	Microbe			species	local_kg_curated
NCBITaxon:132933	Schaalia funkei	Microbe			species	local_kg_curated
NCBITaxon:1348911	Coprobacter	Microbe			genus	local_kg_curated
NCBITaxon:135079	Selenomonas dianae	Microbe			species	local_kg_curated
NCBITaxon:135614	Lysobacterales	Microbe			order	local_kg_curated
NCBITaxon:135615	Cardiobacteriales	Microbe			order	local_kg_curated
NCBITaxon:135621	Pseudomonadaceae	Microbe			family	local_kg_curated
NCBITaxon:135622	Alteromonadales	Microbe			order	local_kg_curated
NCBITaxon:135623	Vibrionales	Microbe			order	local_kg_curated
NCBITaxon:135624	Proteobacteria	Microbe			order	local_kg_curated
NCBITaxon:135625	Pasteurellales	Microbe			order	local_kg_curated
NCBITaxon:136	Spirochaetales	Microbe			order	local_kg_curated
NCBITaxon:13687	Sphingomonas	Microbe			genus	local_kg_curated
NCBITaxon:13689	Sphingomonas paucimobilis	Microbe			species	local_kg_curated
NCBITaxon:137	Spirochaetaceae	Microbe			family	local_kg_curated
NCBITaxon:1375	Aerococcus	Microbe			genus	local_kg_curated
NCBITaxon:1378	Gemella	Microbe			genus	local_kg_curated
NCBITaxon:138	Borrelia	Microbe			genus	local_kg_curated
NCBITaxon:1380	Atopobium	Microbe			genus	local_kg_curated
NCBITaxon:1380124	Rothia	Microbe			genus	local_kg_curated
NCBITaxon:1384509	Streptobacillus felis	Microbe			species	local_kg_curated
NCBITaxon:1385	Bacillales	Microbe			order	local_kg_curated
NCBITaxon:1386	Bacillus	Microbe			genus	local_kg_curated
NCBITaxon:140458	Thermacetogenium	Microbe			genus	local_kg_curated
NCBITaxon:140625	Lachnobacterium	Microbe			genus	local_kg_curated
NCBITaxon:140626	Lachnobacterium bovis	Microbe			species	local_kg_curated
NCBITaxon:1407607	Fusicatenibacter	Microbe			genus	local_kg_curated
NCBITaxon:1410626	Lachnospiraceae bacterium NC2004	Microbe			species	local_kg_curated
NCBITaxon:1423764	Lactobacillus kefiri	Microbe			species	local_kg_curated
NCBITaxon:1432056	Mannheimia sp. USDA-ARS-USMARC-1261	Microbe			species	local_kg_curated
NCBITaxon:1434006	Fretibacterium	Microbe			genus	local_kg_curated
NCBITaxon:146918	Salinibacter	Microbe			genus	local_kg_curated
NCBITaxon:146936	Azonexus	Microbe			genus	local_kg_curated
NCBITaxon:1470350	Candidatus Stoquefichus massiliensis	Microbe			species	local_kg_curated
NCBITaxon:1472649	Dielma	Microbe			genus	local_kg_curated
NCBITaxon:149698	Massilia	Microbe			genus	local_kg_curated
NCBITaxon:150022	Finegoldia	Microbe			genus	local_kg_curated
NCBITaxon:1501329	Oribacterium parvum	Microbe			species	local_kg_curated
NCBITaxon:1504	Clostridium septicum	Microbe			species	local_kg_curated
NCBITaxon:1505652	Terrisporobacter	Microbe			genus	local_kg_curated
NCBITaxon:1505663	Erysipelatoclostridium	Microbe			genus	local_kg_curated
NCBITaxon:1516129	Candidatus Saccharibacteria bacterium UB2523	Microbe			species	local_kg_curated
NCBITaxon:1540867	TM7 bacterium human oral taxon HOT-870	Microbe			species	local_kg_curated
NCBITaxon:1549126	Desulfatiglans	Microbe			genus	local_kg_curated
NCBITaxon:156454	Anaeroglobus	Microbe			genus	local_kg_curated
NCBITaxon:157	Treponema	Microbe			genus	local_kg_curated
NCBITaxon:1570339	Peptoniphilaceae	Microbe			family	local_kg_curated
NCBITaxon:1572763	Moheibacter	Microbe			genus	local_kg_curated
NCBITaxon:157691	Leptotrichia shahii	Microbe			species	local_kg_curated
NCBITaxon:1582879	Ezakiella	Microbe			genus	local_kg_curated
NCBITaxon:1583098	Fusobacterium hwasookii	Microbe			species	local_kg_curated
NCBITaxon:1604	Lactobacillus amylovorus	Microbe			species	local_kg_curated
NCBITaxon:1609545	unclassified Mollicutes	Microbe			no rank	local_kg_curated
NCBITaxon:162289	Peptoniphilus	Microbe			genus	local_kg_curated
NCBITaxon:164	Erysipelothrix	Microbe			genus	local_kg_curated
NCBITaxon:1643805	Peptococcus simiae	Microbe			species	local_kg_curated
NCBITaxon:1643822	Eggerthellales	Microbe			order	local_kg_curated
NCBITaxon:1643824	Atopobiaceae	Microbe			family	local_kg_curated
NCBITaxon:1653	Corynebacteriaceae	Microbe			family	local_kg_curated
NCBITaxon:1654	Actinomyces	Microbe			genus	local_kg_curated
NCBITaxon:165695	Sphingobium	Microbe			genus	local_kg_curated
NCBITaxon:165696	Novosphingobium	Microbe			genus	local_kg_curated
NCBITaxon:165779	Anaerococcus	Microbe			genus	local_kg_curated
NCBITaxon:1658672	Ottowia sp. oral taxon 894	Microbe			species	local_kg_curated
NCBITaxon:1663	Arthrobacter	Microbe			genus	local_kg_curated
NCBITaxon:1679001	Pasteurellaceae bacterium NI1060	Microbe			species	local_kg_curated
NCBITaxon:168934	Thalassospira	Microbe			genus	local_kg_curated
NCBITaxon:1696	Brevibacterium	Microbe			genus	local_kg_curated
NCBITaxon:1705617	Capnocytophaga sp. oral taxon 323	Microbe			species	local_kg_curated
NCBITaxon:171	Leptospira	Microbe			genus	local_kg_curated
NCBITaxon:171551	Porphyromonadaceae	Microbe			family	local_kg_curated
NCBITaxon:1716	Corynebacterium	Microbe			genus	local_kg_curated
NCBITaxon:172900	Victivallis	Microbe			genus	local_kg_curated
NCBITaxon:1737	Paraclostridium tenue	Microbe			species	local_kg_curated
NCBITaxon:1737405	Tissierellales	Microbe			order	local_kg_curated
NCBITaxon:1737406	Tissierellaceae	Microbe			family	local_kg_curated
NCBITaxon:1739491	Streptococcus sp. HMSC067H01	Microbe			species	local_kg_curated
NCBITaxon:1743	Propionibacterium	Microbe			genus	local_kg_curated
NCBITaxon:1760	Actinomycetia	Microbe			class	local_kg_curated
NCBITaxon:1762	Mycobacteriaceae	Microbe			family	local_kg_curated
NCBITaxon:1769710	Sellimonas	Microbe			genus	local_kg_curated
NCBITaxon:177971	Shuttleworthella	Microbe			genus	local_kg_curated
NCBITaxon:177972	Shuttleworthella satelles	Microbe			species	local_kg_curated
NCBITaxon:180164	Blautia schinkii	Microbe			species	local_kg_curated
NCBITaxon:1814	Amycolatopsis methanolica	Microbe			species	local_kg_curated
NCBITaxon:1822464	Paraburkholderia	Microbe			genus	local_kg_curated
NCBITaxon:182639	Kribbella	Microbe			genus	local_kg_curated
NCBITaxon:1827	Rhodococcus	Microbe			genus	local_kg_curated
NCBITaxon:182709	Oceanobacillus	Microbe			genus	local_kg_curated
NCBITaxon:1827195	Caballeronia	Microbe			genus	local_kg_curated
NCBITaxon:183925	Methanobacteria	Microbe			class	local_kg_curated
NCBITaxon:1840213	Lentimicrobiaceae	Microbe			family	local_kg_curated
NCBITaxon:184065	Salinicola halophilus	Microbe			species	local_kg_curated
NCBITaxon:1843491	Selenomonadaceae	Microbe				local_kg_curated
NCBITaxon:184869	Varibaculum	Microbe			genus	local_kg_curated
NCBITaxon:1849603	Enterobacteriaceae bacterium	Microbe			species	local_kg_curated
NCBITaxon:1852365	Fusobacterium massiliense	Microbe			species	local_kg_curated
NCBITaxon:1852388	Leptotrichia massiliensis	Microbe			species	local_kg_curated
NCBITaxon:1852442	Tyzzerella	Microbe			genus	local_kg_curated
NCBITaxon:1853231	Odoribacteraceae	Microbe			family	local_kg_curated
NCBITaxon:1857532	Muribacter	Microbe			genus	local_kg_curated
NCBITaxon:186126	Lactobacillales	Microbe			order	local_kg_curated
NCBITaxon:186329	Acholeplasmatales	Microbe			order	local_kg_curated
NCBITaxon:186333	Anaeroplasmataceae	Microbe			family	local_kg_curated
NCBITaxon:186804	Peptostreptococcaceae	Microbe			family	local_kg_curated
NCBITaxon:186806	Coprococcus	Microbe			family	local_kg_curated
NCBITaxon:186817	bacillaceae	Microbe			family	local_kg_curated
NCBITaxon:186822	paenibacillaceae	Microbe			family	local_kg_curated
NCBITaxon:186826	Lactobacillales	Microbe			order	local_kg_curated
NCBITaxon:186828	Carnobacteriaceae	Microbe			family	local_kg_curated
NCBITaxon:1872421	Akkermansia sp.	Microbe			species	local_kg_curated
NCBITaxon:1872650	Atopobium sp.	Microbe			species	local_kg_curated
NCBITaxon:189326	Gelria	Microbe			genus	local_kg_curated
NCBITaxon:1902136	Streptococcus sp. NPS 308	Microbe			species	local_kg_curated
NCBITaxon:191	Azospirillum	Microbe			genus	local_kg_curated
NCBITaxon:1913599	Peptoanaerobacter	Microbe			genus	local_kg_curated
NCBITaxon:191393	Deferribacterales	Microbe			order	local_kg_curated
NCBITaxon:191494	Conexibacter	Microbe			genus	local_kg_curated
NCBITaxon:191675	Enterobacteriaceae incertae sedis	Microbe			no rank	local_kg_curated
NCBITaxon:1940339	Escherichia/Shigella sp.	Microbe			species	local_kg_curated
NCBITaxon:1940340	Escherichia/Shigella sp.	Microbe			species	local_kg_curated
NCBITaxon:194924	Desulfovibrionaceae	Microbe			family	local_kg_curated
NCBITaxon:1955814	Dialister sp.	Microbe			species	local_kg_curated
NCBITaxon:195950	Tannerella	Microbe			genus	local_kg_curated
NCBITaxon:1960103	Listeria sp.	Microbe			species	local_kg_curated
NCBITaxon:196081	Scardovia	Microbe			genus	local_kg_curated
NCBITaxon:196082	Parascardovia	Microbe			genus	local_kg_curated
NCBITaxon:1986146	Desulfobulbus oralis	Microbe			species	local_kg_curated
NCBITaxon:1986206	Candidatus Nanosynsacchari sp. TM7_ANC_38.39_G1_1	Microbe			species	local_kg_curated
NCBITaxon:199	Campylobacter concisus	Microbe			species	local_kg_curated
NCBITaxon:2	Bacteria	Microbe			genus	local_kg_curated
NCBITaxon:20	Phenylobacterium	Microbe			genus	local_kg_curated
NCBITaxon:2005519	Barnesiellaceae	Microbe			family	local_kg_curated
NCBITaxon:2005523	Paludibacteraceae	Microbe			family	local_kg_curated
NCBITaxon:200644	Flavobacteriales	Microbe			order	local_kg_curated
NCBITaxon:200666	Sphingobacteriales	Microbe			order	local_kg_curated
NCBITaxon:2006847	unclassified Muribaculaceae	Microbe			genus	local_kg_curated
NCBITaxon:200795	Chloroflexi	Microbe			phylum	local_kg_curated
NCBITaxon:200918	Thermotogae	Microbe			phylum	local_kg_curated
NCBITaxon:200930	Deferribacteres	Microbe			phylum	local_kg_curated
NCBITaxon:2026720	Candidatus Saccharimonadota bacterium	Microbe			species	local_kg_curated
NCBITaxon:2030797	Glaesserella sp. 15-184	Microbe			species	local_kg_curated
NCBITaxon:203490	Fusobacteriia	Microbe			class	local_kg_curated
NCBITaxon:203491	Fusobacteriales	Microbe			order	local_kg_curated
NCBITaxon:203492	Fusobacteriaceae	Microbe			family	local_kg_curated
NCBITaxon:203494	Verrucomicrobiae	Microbe			class	local_kg_curated
NCBITaxon:203557	Verrucomicrobiaceae	Microbe			family	local_kg_curated
NCBITaxon:203682	Planctomycetes	Microbe			phylum	local_kg_curated
NCBITaxon:203692	Spirochaetia	Microbe			class	local_kg_curated
NCBITaxon:2037	Actinomycetales	Microbe			order	local_kg_curated
NCBITaxon:203804	Candidatus Blochmannia	Microbe			genus	local_kg_curated
NCBITaxon:2040332	Dorea sp.	Microbe			species	local_kg_curated
NCBITaxon:204037	Dickeya	Microbe			genus	local_kg_curated
NCBITaxon:204286	Cobetia	Microbe			genus	local_kg_curated
NCBITaxon:204455	Rhodobacterales	Microbe			order	local_kg_curated
NCBITaxon:204457	Sphingomonadales	Microbe			order	local_kg_curated
NCBITaxon:204458	Caulobacterales	Microbe			order	local_kg_curated
NCBITaxon:204475	Gemmiger	Microbe			genus	local_kg_curated
NCBITaxon:2049	Actinomycetaceae	Microbe			family	local_kg_curated
NCBITaxon:2050	Mobiluncus	Microbe			genus	local_kg_curated
NCBITaxon:2062	Streptomycetaceae	Microbe			family	local_kg_curated
NCBITaxon:206351	Neisseriales	Microbe			order	local_kg_curated
NCBITaxon:206664	Desulfonauticus	Microbe			genus	local_kg_curated
NCBITaxon:209053	Capnocytophaga sp. ChDC OS43	Microbe			species	local_kg_curated
NCBITaxon:2093	Mycoplasma	Microbe			genus	local_kg_curated
NCBITaxon:2093818	Candidatus Saccharimonadia	Microbe			class	local_kg_curated
NCBITaxon:2093825	Candidatus Saccharimonadales	Microbe			order	local_kg_curated
NCBITaxon:2094023	Glaesserella	Microbe			genus	local_kg_curated
NCBITaxon:2094151	Paramuribaculum intestinale	Microbe			species	local_kg_curated
NCBITaxon:2107999	Lactobacillus paragasseri	Microbe			species	local_kg_curated
NCBITaxon:212791	Enhydrobacter	Microbe			genus	local_kg_curated
NCBITaxon:213115	Desulfovibrionales	Microbe			order	local_kg_curated
NCBITaxon:213119	Desulfobacteraceae	Microbe			family	local_kg_curated
NCBITaxon:213422	Geobacteraceae	Microbe			family	local_kg_curated
NCBITaxon:213481	Bdellovibrionales	Microbe			order	local_kg_curated
NCBITaxon:213483	Pseudobdellovibrionaceae	Microbe			family	local_kg_curated
NCBITaxon:213484	Vampirovibrio	Microbe			genus	local_kg_curated
NCBITaxon:2137198	Marinobacter sp. B9-2	Microbe			species	local_kg_curated
NCBITaxon:213849	Campylobacterales	Microbe			order	local_kg_curated
NCBITaxon:214504	Glomeromycota	Microbe			subphylum	local_kg_curated
NCBITaxon:2146	Acholeplasmataceae	Microbe			family	local_kg_curated
NCBITaxon:2147	Acholeplasma	Microbe			genus	local_kg_curated
NCBITaxon:215579	Schlegelella	Microbe			genus	local_kg_curated
NCBITaxon:2158	Methanobacteriales	Microbe			order	local_kg_curated
NCBITaxon:2159	Methanobacteriaceae	Microbe			family	local_kg_curated
NCBITaxon:2171986	Candidatus Saccharimonadaceae	Microbe			family	local_kg_curated
NCBITaxon:2171988	Candidatus Nanoperiomorbus	Microbe			genus	local_kg_curated
NCBITaxon:2172	Methanobrevibacter	Microbe			genus	local_kg_curated
NCBITaxon:219181	Ottowia	Microbe			genus	local_kg_curated
NCBITaxon:22	Shewanella	Microbe			genus	local_kg_curated
NCBITaxon:222	Achromobacter	Microbe			genus	local_kg_curated
NCBITaxon:224135	Candidatus Glomeribacter	Microbe			genus	local_kg_curated
NCBITaxon:225842	Formosa	Microbe			genus	local_kg_curated
NCBITaxon:2294	Desulfobacter sp.	Microbe			species	local_kg_curated
NCBITaxon:2299	Desulfosarcina	Microbe			genus	local_kg_curated
NCBITaxon:230141	Prevotella genomosp. C1	Microbe			species	local_kg_curated
NCBITaxon:237	Flavobacterium	Microbe			genus	local_kg_curated
NCBITaxon:237576	Oribacterium sinus	Microbe			species	local_kg_curated
NCBITaxon:238783	Pseudorhodobacter	Microbe			genus	local_kg_curated
NCBITaxon:241189	Hespellia	Microbe			genus	local_kg_curated
NCBITaxon:244093	Proteobacteria	Microbe			genus	local_kg_curated
NCBITaxon:245186	Loktanella	Microbe			genus	local_kg_curated
NCBITaxon:2484550	stercorea	Microbe			species	local_kg_curated
NCBITaxon:249411	Paracoccus	Microbe			genus	local_kg_curated
NCBITaxon:2518497	Paramuribaculum	Microbe			genus	local_kg_curated
NCBITaxon:2529408	Schaalia	Microbe			genus	local_kg_curated
NCBITaxon:256845	Lentisphaerae	Microbe			phylum	local_kg_curated
NCBITaxon:257708	Roseomonas gilardii	Microbe			species	local_kg_curated
NCBITaxon:258514	Acetanaerobacterium	Microbe			genus	local_kg_curated
NCBITaxon:2601703	Heminiphilus faecis	Microbe			species	local_kg_curated
NCBITaxon:2624479	unclassified Eubacterium (in: firmicutes)	Microbe				local_kg_curated
NCBITaxon:264639	Alteracholeplasma parvum	Microbe			species	local_kg_curated
NCBITaxon:265	Paracoccus	Microbe			genus	local_kg_curated
NCBITaxon:265975	Oribacterium	Microbe			genus	local_kg_curated
NCBITaxon:267894	Psychromonadaceae	Microbe			family	local_kg_curated
NCBITaxon:2701	Gardnerella	Microbe			genus	local_kg_curated
NCBITaxon:270498	Christensenella hongkongensis	Microbe			species	local_kg_curated
NCBITaxon:2717	Cardiobacterium	Microbe			genus	local_kg_curated
NCBITaxon:272196	Anagyrus callidus	Microbe			species	local_kg_curated
NCBITaxon:2734614	Cardiobacteriaceae bacterium	Microbe			species	local_kg_curated
NCBITaxon:2740557	Pauljensenia	Microbe			genus	local_kg_curated
NCBITaxon:2742	Marinobacter	Microbe			genus	local_kg_curated
NCBITaxon:2745	Halomonas	Microbe			genus	local_kg_curated
NCBITaxon:2747	Carnobacterium	Microbe			genus	local_kg_curated
NCBITaxon:2753	Synergistes	Microbe			genus	local_kg_curated
NCBITaxon:2754713	Actinobacteria incertae sedis	Microbe			species	local_kg_curated
NCBITaxon:2755	Brochothrix	Microbe			genus	local_kg_curated
NCBITaxon:2759736	Lacticaseibacillus	Microbe			genus	local_kg_curated
NCBITaxon:2767353	Lancefieldella	Microbe			genus	local_kg_curated
NCBITaxon:2780099	Barnesiella sp. CU968	Microbe			species	local_kg_curated
NCBITaxon:2782229	Epilithonimonas	Microbe			genus	local_kg_curated
NCBITaxon:2801844	Arachnia	Microbe			genus	local_kg_curated
NCBITaxon:2810280	Coprobacillaceae	Microbe			family	local_kg_curated
NCBITaxon:2811711	butyrate-producing bacterium	Microbe			species	local_kg_curated
NCBITaxon:28119	Bacteroides zoogleoformans	Microbe			species	local_kg_curated
NCBITaxon:28124	Porphyromonas endodontalis	Microbe			species	local_kg_curated
NCBITaxon:28134	Hoylesella oralis	Microbe			species	local_kg_curated
NCBITaxon:28137	Prevotella veroralis	Microbe			species	local_kg_curated
NCBITaxon:28211	Alphaproteobacteria	Microbe			class	local_kg_curated
NCBITaxon:28216	Betaproteobacteria	Microbe			class	local_kg_curated
NCBITaxon:28219	Brachymonas	Microbe			genus	local_kg_curated
NCBITaxon:28221	Deltaproteobacteria	Microbe			class	local_kg_curated
NCBITaxon:28231	Geobacter	Microbe			genus	local_kg_curated
NCBITaxon:282402	Prevotella multiformis	Microbe			species	local_kg_curated
NCBITaxon:28253	Marinomonas	Microbe			genus	local_kg_curated
NCBITaxon:28261	Thermodesulfovibrio	Microbe			genus	local_kg_curated
NCBITaxon:28263	Arcanobacterium	Microbe			genus	local_kg_curated
NCBITaxon:283	Comamonas	Microbe			genus	local_kg_curated
NCBITaxon:2840493	Lachnospiraceae incertae sedis	Microbe			no rank	local_kg_curated
NCBITaxon:28453	Sphingobacterium	Microbe			genus	local_kg_curated
NCBITaxon:2886866	Sinanaerobacter	Microbe			genus	local_kg_curated
NCBITaxon:28890	Euryarchaeota	Microbe			phylum	local_kg_curated
NCBITaxon:293	Brevundimonas diminuta	Microbe			species	local_kg_curated
NCBITaxon:29375	Clostridium xylanolyticum	Microbe			species	local_kg_curated
NCBITaxon:294	Pseudomonas fluorescens	Microbe			species	local_kg_curated
NCBITaxon:294665	Veillonella	Microbe			genus	local_kg_curated
NCBITaxon:29580	Janthinobacterium	Microbe			genus	local_kg_curated
NCBITaxon:296051	Terrimonas	Microbe			genus	local_kg_curated
NCBITaxon:2975519	Candidatus Izemoplasmatales	Microbe			family	local_kg_curated
NCBITaxon:299568	Uruburuella	Microbe			genus	local_kg_curated
NCBITaxon:3024411	Desulfobulbales	Microbe			order	local_kg_curated
NCBITaxon:302485	Phaeobacter	Microbe			genus	local_kg_curated
NCBITaxon:3028117	Cyanophyceae	Microbe			class	local_kg_curated
NCBITaxon:3031449	Desulfovibrionia	Microbe			class	local_kg_curated
NCBITaxon:3031451	Desulfobulbia	Microbe			class	local_kg_curated
NCBITaxon:3031852	Epsilonproteobacteria	Microbe			class	local_kg_curated
NCBITaxon:3085642	Butyricicoccaceae	Microbe			family	local_kg_curated
NCBITaxon:310514	Hallella multisaccharivorax	Microbe			species	local_kg_curated
NCBITaxon:3120395	Acetobacterales	Microbe			order	local_kg_curated
NCBITaxon:3120435	Peptococcales	Microbe			order	local_kg_curated
NCBITaxon:318147	Paucibacter	Microbe			genus	local_kg_curated
NCBITaxon:31957	Propionibacteriaceae	Microbe			family	local_kg_curated
NCBITaxon:31989	Rhodobacteraceae	Microbe			family	local_kg_curated
NCBITaxon:32008	Burkholderia	Microbe			genus	local_kg_curated
NCBITaxon:32033	Lysobacteraceae	Microbe			family	local_kg_curated
NCBITaxon:32066	Fusobacteria	Microbe			phylum	local_kg_curated
NCBITaxon:32067	Leptotrichia	Microbe			genus	local_kg_curated
NCBITaxon:32207	Rothia	Microbe			genus	local_kg_curated
NCBITaxon:323620	Shinella	Microbe			genus	local_kg_curated
NCBITaxon:325789	Streptococcus sp. oral clone ASCB12	Microbe			species	local_kg_curated
NCBITaxon:33037	Anaerococcus vaginalis	Microbe			species	local_kg_curated
NCBITaxon:333046	Bacteroidales Incertae Sedis	Microbe			genus	local_kg_curated
NCBITaxon:335928	Xanthobacteraceae	Microbe			family	local_kg_curated
NCBITaxon:338	Xanthomonas	Microbe			genus	local_kg_curated
NCBITaxon:33986	Exiguobacterium	Microbe			genus	local_kg_curated
NCBITaxon:34037	Rahnella	Microbe			genus	local_kg_curated
NCBITaxon:34072	Variovorax	Microbe			genus	local_kg_curated
NCBITaxon:34104	Streptobacillus	Microbe			genus	local_kg_curated
NCBITaxon:346096	Paludibacter	Microbe			genus	local_kg_curated
NCBITaxon:356	Rhizobiales	Microbe			order	local_kg_curated
NCBITaxon:357	Agrobacterium	Microbe			genus	local_kg_curated
NCBITaxon:35829	Acetivibrio	Microbe			genus	local_kg_curated
NCBITaxon:363464	Candidatus Altimarinota	Microbe			phylum	local_kg_curated
NCBITaxon:374	Bradyrhizobium	Microbe			genus	local_kg_curated
NCBITaxon:376469	Olivibacter	Microbe			genus	local_kg_curated
NCBITaxon:378210	Methyloversatilis	Microbe			genus	local_kg_curated
NCBITaxon:379	Rhizobium	Microbe			genus	local_kg_curated
NCBITaxon:381	Mesorhizobium loti	Microbe			species	local_kg_curated
NCBITaxon:38402	Erysipelothrix tonsillarum	Microbe			species	local_kg_curated
NCBITaxon:393661	Congregibacter	Microbe			genus	local_kg_curated
NCBITaxon:39484	Agathobaculum desmolans	Microbe			species	local_kg_curated
NCBITaxon:39779	unclassified Clostridiales	Microbe			no rank	local_kg_curated
NCBITaxon:397864	Barnesiella	Microbe			genus	local_kg_curated
NCBITaxon:400634	Lysinibacillus	Microbe			genus	local_kg_curated
NCBITaxon:40214	Acinetobacter johnsonii	Microbe			species	local_kg_curated
NCBITaxon:40323	Stenotrophomonas	Microbe			genus	local_kg_curated
NCBITaxon:405	Leptotrichia	Microbe			genus	local_kg_curated
NCBITaxon:411465	Parvimonas micra ATCC 33270	Microbe			no rank	local_kg_curated
NCBITaxon:411485	Faecalibacterium prausnitzii M21/2	Microbe			strain	local_kg_curated
NCBITaxon:41275	Brevundimonas	Microbe			genus	local_kg_curated
NCBITaxon:41294	Bradyrhizobiaceae	Microbe			family	local_kg_curated
NCBITaxon:413496	Cronobacter	Microbe			genus	local_kg_curated
NCBITaxon:416916	Aggregatibacter	Microbe			genus	local_kg_curated
NCBITaxon:423606	Elusimicrobium	Microbe			genus	local_kg_curated
NCBITaxon:42447	Anaerobranca	Microbe			genus	local_kg_curated
NCBITaxon:42818	unidentified Corynebacteriaceae	Microbe			no rank	local_kg_curated
NCBITaxon:42858	Mammaliicoccus lentus	Microbe			species	local_kg_curated
NCBITaxon:433	Acetobacteraceae	Microbe			family	local_kg_curated
NCBITaxon:433334	Erysipelotrichaceae incertae sedis	Microbe			no rank	local_kg_curated
NCBITaxon:433337	unclassified Rikenellaceae	Microbe			no rank	local_kg_curated
NCBITaxon:434	Acetobacter	Microbe			genus	local_kg_curated
NCBITaxon:43668	Brachybacterium	Microbe			genus	local_kg_curated
NCBITaxon:437755	Moryella	Microbe			genus	local_kg_curated
NCBITaxon:43994	Johnsonella	Microbe			genus	local_kg_curated
NCBITaxon:43996	Catonella	Microbe			genus	local_kg_curated
NCBITaxon:43997	Catonella morbi	Microbe			species	local_kg_curated
NCBITaxon:44249	Paenibacillus	Microbe			genus	local_kg_curated
NCBITaxon:44258	Caloramator	Microbe			genus	local_kg_curated
NCBITaxon:44259	Filifactor	Microbe			genus	local_kg_curated
NCBITaxon:44748	Sporobacter	Microbe			genus	local_kg_curated
NCBITaxon:44749	Sporobacter termitidis	Microbe			species	local_kg_curated
NCBITaxon:451459	Blastocladiomycota	Microbe			phylum	local_kg_curated
NCBITaxon:45243	Capnocytophaga haemolytica	Microbe			species	local_kg_curated
NCBITaxon:45669	Salinicoccus	Microbe			genus	local_kg_curated
NCBITaxon:459288	Oscillibacter	Microbe			genus	local_kg_curated
NCBITaxon:46123	Abiotrophia	Microbe			genus	local_kg_curated
NCBITaxon:461393	Actinomyces massiliensis	Microbe			species	local_kg_curated
NCBITaxon:46255	Weissella	Microbe			genus	local_kg_curated
NCBITaxon:46352	Agrococcus	Microbe			genus	local_kg_curated
NCBITaxon:468	Moraxellaceae	Microbe			family	local_kg_curated
NCBITaxon:473772	unclassified Oscillospiraceae	Microbe			no rank	local_kg_curated
NCBITaxon:475	Moraxella	Microbe			genus	local_kg_curated
NCBITaxon:47670	Lautropia	Microbe			genus	local_kg_curated
NCBITaxon:481	Neisseriaceae	Microbe			family	local_kg_curated
NCBITaxon:482	Neisseria	Microbe			genus	local_kg_curated
NCBITaxon:48296	Acinetobacter pittii	Microbe			species	local_kg_curated
NCBITaxon:48461	Verrucomicrobiales	Microbe			order	local_kg_curated
NCBITaxon:48736	Ralstonia	Microbe			genus	local_kg_curated
NCBITaxon:488	Neisseria mucosa	Microbe			species	local_kg_curated
NCBITaxon:489	Neisseria polysaccharea	Microbe			species	local_kg_curated
NCBITaxon:4935	Saccharomyces sp.	Microbe			species	local_kg_curated
NCBITaxon:49546	Flavobacteriaceae	Microbe			family	local_kg_curated
NCBITaxon:496	Neisseria macacae	Microbe			species	local_kg_curated
NCBITaxon:497	Psychrobacter	Microbe			genus	local_kg_curated
NCBITaxon:501783	Cloacibacterium	Microbe			genus	local_kg_curated
NCBITaxon:502	Kingella denitrificans	Microbe			species	local_kg_curated
NCBITaxon:505	Kingella oralis	Microbe			species	local_kg_curated
NCBITaxon:506	alcaligenaceae	Microbe			family	local_kg_curated
NCBITaxon:507	Alcaligenes	Microbe			genus	local_kg_curated
NCBITaxon:508215	Rothia	Microbe			genus	local_kg_curated
NCBITaxon:508458	Synergistota	Microbe			phylum	local_kg_curated
NCBITaxon:51514	Dehalobacterium	Microbe			genus	local_kg_curated
NCBITaxon:51515	Dehalobacterium formicoaceticum	Microbe			species	local_kg_curated
NCBITaxon:52002	Kingella	Microbe			genus	local_kg_curated
NCBITaxon:5204	Basidiomycota	Microbe			phylum	local_kg_curated
NCBITaxon:52225	Mitsuokella	Microbe			genus	local_kg_curated
NCBITaxon:526525	Erysipelotrichales	Microbe			order	local_kg_curated
NCBITaxon:52767	Actinomyces denticolens	Microbe			species	local_kg_curated
NCBITaxon:52959	Polaribacter	Microbe			genus	local_kg_curated
NCBITaxon:53246	Pseudoalteromonas	Microbe			genus	local_kg_curated
NCBITaxon:53335	Pantoea	Microbe			genus	local_kg_curated
NCBITaxon:53747	Echinacea	Microbe			genus	local_kg_curated
NCBITaxon:539738	Gemellaceae	Microbe			family	local_kg_curated
NCBITaxon:541000	Ruminococcaceae	Microbe			family	local_kg_curated
NCBITaxon:543311	Parvimonas	Microbe			genus	local_kg_curated
NCBITaxon:543314	Anaerovoracaceae	Microbe			family	local_kg_curated
NCBITaxon:54448	Tenericutes	Microbe			phylum	local_kg_curated
NCBITaxon:547	Enterobacter	Microbe			genus	local_kg_curated
NCBITaxon:551	Erwinia	Microbe			genus	local_kg_curated
NCBITaxon:552397	Oscillospiraceae incertae sedis	Microbe			no rank	local_kg_curated
NCBITaxon:55506	Schwartzia	Microbe			genus	local_kg_curated
NCBITaxon:556	Prevotella	Microbe			genus	local_kg_curated
NCBITaxon:556499	Propionibacterium acidifaciens	Microbe			species	local_kg_curated
NCBITaxon:563835	Chitinophagaceae	Microbe			family	local_kg_curated
NCBITaxon:57494	Nesterenkonia	Microbe			genus	local_kg_curated
NCBITaxon:57609	unclassified Lysobacteraceae	Microbe			no rank	local_kg_curated
NCBITaxon:57723	Acidobacteria	Microbe			phylum	local_kg_curated
NCBITaxon:584783	Coriobacterium sp. AUH-Julong21	Microbe			species	local_kg_curated
NCBITaxon:588673	Solirubrobacterales	Microbe			order	local_kg_curated
NCBITaxon:589437	Prevotella scopos	Microbe			species	local_kg_curated
NCBITaxon:596498	Nitriliruptoraceae	Microbe			family	local_kg_curated
NCBITaxon:596499	Nitriliruptor	Microbe			genus	local_kg_curated
NCBITaxon:59735	Bergeyella	Microbe			genus	local_kg_curated
NCBITaxon:613	Serratia	Microbe			genus	local_kg_curated
NCBITaxon:62100	Candidatus Endobugula	Microbe			genus	local_kg_curated
NCBITaxon:630405	Cellulosibacter alkalithermophilus	Microbe			species	local_kg_curated
NCBITaxon:633701	Hoylesella saccharolytica	Microbe			species	local_kg_curated
NCBITaxon:64001	Nevskia	Microbe			genus	local_kg_curated
NCBITaxon:641	Vibrionaceae	Microbe			family	local_kg_curated
NCBITaxon:642	Aeromonas	Microbe			genus	local_kg_curated
NCBITaxon:648800	Solibacillus	Microbe			genus	local_kg_curated
NCBITaxon:649743	Actinomyces sp. oral taxon 848 str. F0332	Microbe			genus	local_kg_curated
NCBITaxon:649775	Synergistia	Microbe			class	local_kg_curated
NCBITaxon:649776	Synergistales	Microbe			order	local_kg_curated
NCBITaxon:649777	Synergistaceae	Microbe			family	local_kg_curated
NCBITaxon:652708	Bacteroidetes oral taxon 274	Microbe			species	local_kg_curated
NCBITaxon:652722	Prevotella sp. oral taxon 313	Microbe			species	local_kg_curated
NCBITaxon:657322	Faecalibacterium prausnitzii SL3/3	Microbe			strain	local_kg_curated
NCBITaxon:658089	Lachnospiraceae bacterium 5 1 63FAA	Microbe			species	local_kg_curated
NCBITaxon:65842	Fibrobacteres	Microbe			phylum	local_kg_curated
NCBITaxon:662	Vibrio	Microbe			genus	local_kg_curated
NCBITaxon:66831	Facklamia	Microbe			genus	local_kg_curated
NCBITaxon:671231	TM7 phylum sp. oral taxon 348	Microbe			species	local_kg_curated
NCBITaxon:674963	Succinatimonas	Microbe			genus	local_kg_curated
NCBITaxon:67572	Psychromonas	Microbe			genus	local_kg_curated
NCBITaxon:67575	Rheinheimera	Microbe			genus	local_kg_curated
NCBITaxon:67819	Armatimonadetes	Microbe			phylum	local_kg_curated
NCBITaxon:67824	Citrobacter farmeri	Microbe			species	local_kg_curated
NCBITaxon:682522	Ilumatobacter	Microbe			genus	local_kg_curated
NCBITaxon:68287	Mesorhizobium	Microbe			genus	local_kg_curated
NCBITaxon:68298	Syntrophomonadaceae	Microbe			family	local_kg_curated
NCBITaxon:69541	Desulfuromonadales	Microbe			order	local_kg_curated
NCBITaxon:69657	Hyphomonadaceae	Microbe			family	local_kg_curated
NCBITaxon:70774	Hydrogenophilus	Microbe			genus	local_kg_curated
NCBITaxon:712	Pasteurellaceae	Microbe			family	local_kg_curated
NCBITaxon:712118	Actinomyces sp. oral taxon 172	Microbe			species	local_kg_curated
NCBITaxon:712364	Leptotrichia sp. oral taxon 392	Microbe			species	local_kg_curated
NCBITaxon:712456	Prevotella sp. oral taxon 300	Microbe			species	local_kg_curated
NCBITaxon:712624	Streptococcus sp. oral taxon 064	Microbe			species	local_kg_curated
NCBITaxon:712630	Streptococcus sp. oral taxon 071	Microbe			species	local_kg_curated
NCBITaxon:712939	Clostridiales bacterium oral taxon 075	Microbe			species	local_kg_curated
NCBITaxon:712979	Lachnospiraceae bacterium oral taxon 088	Microbe			species	local_kg_curated
NCBITaxon:713	Actinobacillus	Microbe			genus	local_kg_curated
NCBITaxon:713053	TM7 phylum sp. oral taxon 351	Microbe			species	local_kg_curated
NCBITaxon:714	Aggregatibacter actinomycetemcomitans	Microbe			species	local_kg_curated
NCBITaxon:715	Actinobacillus pleuropneumoniae	Microbe			species	local_kg_curated
NCBITaxon:715221	Caldicoprobacteraceae	Microbe			family	local_kg_curated
NCBITaxon:718252	Faecalibacterium prausnitzii L2-6	Microbe			strain	local_kg_curated
NCBITaxon:72274	Pseudomonadales	Microbe			order	local_kg_curated
NCBITaxon:72275	Alteromonadaceae	Microbe			family	local_kg_curated
NCBITaxon:72293	Helicobacteraceae	Microbe			family	local_kg_curated
NCBITaxon:72294	Campylobacteraceae	Microbe			family	local_kg_curated
NCBITaxon:724	Haemophilus	Microbe			genus	local_kg_curated
NCBITaxon:72763	Tessaracoccus	Microbe			genus	local_kg_curated
NCBITaxon:730	Haemophilus ducreyi	Microbe			species	local_kg_curated
NCBITaxon:73029	Dechloromonas	Microbe			genus	local_kg_curated
NCBITaxon:74015	Latescibacterota	Microbe			phylum	local_kg_curated
NCBITaxon:74152	Elusimicrobiota	Microbe			phylum	local_kg_curated
NCBITaxon:74243	Candidatus Dojkabacteria	Microbe			no rank	local_kg_curated
NCBITaxon:745	Pasteurella	Microbe			genus	local_kg_curated
NCBITaxon:747	Pasteurella multocida	Microbe			species	local_kg_curated
NCBITaxon:748224	Faecalibacterium cf. prausnitzii KLE1255	Microbe			strain	local_kg_curated
NCBITaxon:75	Caulobacter	Microbe			genus	local_kg_curated
NCBITaxon:75309	Rhodanobacter	Microbe			genus	local_kg_curated
NCBITaxon:75984	Mannheimia	Microbe			genus	local_kg_curated
NCBITaxon:75985	Mannheimia haemolytica	Microbe			species	local_kg_curated
NCBITaxon:76892	Caulobacteraceae	Microbe			family	local_kg_curated
NCBITaxon:78119	Succinispira	Microbe			genus	local_kg_curated
NCBITaxon:78258	Parascardovia denticolens	Microbe			species	local_kg_curated
NCBITaxon:79206	Desulfosporosinus	Microbe			genus	local_kg_curated
NCBITaxon:79598	Heliorestis	Microbe			genus	local_kg_curated
NCBITaxon:80840	Burkholderiales	Microbe			order	local_kg_curated
NCBITaxon:80853	Allomonas	Microbe			genus	local_kg_curated
NCBITaxon:80864	Comamonadaceae	Microbe			family	local_kg_curated
NCBITaxon:80865	Delftia	Microbe			genus	local_kg_curated
NCBITaxon:810	Chlamydia	Microbe			genus	local_kg_curated
NCBITaxon:81852	Enterococcaceae	Microbe			family	local_kg_curated
NCBITaxon:82115	Rhizobiaceae	Microbe			family	local_kg_curated
NCBITaxon:82202	Centipeda	Microbe			genus	local_kg_curated
NCBITaxon:82283	Centipeda	Microbe			genus	local_kg_curated
NCBITaxon:82373	Anaerovibrio	Microbe			genus	local_kg_curated
NCBITaxon:82976	Buttiauxella	Microbe			genus	local_kg_curated
NCBITaxon:830	Butyrivibrio	Microbe			genus	local_kg_curated
NCBITaxon:832	Fibrobacter	Microbe			genus	local_kg_curated
NCBITaxon:836	Porphyromonas	Microbe			genus	local_kg_curated
NCBITaxon:83618	Pseudoxanthomonas	Microbe			genus	local_kg_curated
NCBITaxon:83763	Succinivibrionaceae	Microbe			family	local_kg_curated
NCBITaxon:83766	Propionivibrio	Microbe			genus	local_kg_curated
NCBITaxon:83770	Succinivibrio	Microbe			genus	local_kg_curated
NCBITaxon:84036	Syntrophococcus	Microbe			genus	local_kg_curated
NCBITaxon:84086	unclassified Bacillota	Microbe			genus	local_kg_curated
NCBITaxon:84108	Slackia	Microbe			genus	local_kg_curated
NCBITaxon:84109	Slackia exigua	Microbe			species	local_kg_curated
NCBITaxon:84162	Cryptobacterium	Microbe			genus	local_kg_curated
NCBITaxon:84566	Sphingobacteriaceae	Microbe			family	local_kg_curated
NCBITaxon:84567	Pedobacter	Microbe			genus	local_kg_curated
NCBITaxon:846	Oxalobacter	Microbe			genus	local_kg_curated
NCBITaxon:84642	Aeromonadaceae	Microbe			family	local_kg_curated
NCBITaxon:84992	Acidimicrobiia	Microbe			class	local_kg_curated
NCBITaxon:84996	Rubrobacterales	Microbe			order	local_kg_curated
NCBITaxon:84998	Coriobacteriia	Microbe			class	local_kg_curated
NCBITaxon:84999	Coriobacteriales	Microbe			order	local_kg_curated
NCBITaxon:85004	Bifidobacteriales	Microbe			order	local_kg_curated
NCBITaxon:85006	Micrococcales	Microbe			order	local_kg_curated
NCBITaxon:85007	Corynebacterineae	Microbe			genus	local_kg_curated
NCBITaxon:85009	Propionibacterineae	Microbe			genus	local_kg_curated
NCBITaxon:85017	Promicromonosporaceae	Microbe			family	local_kg_curated
NCBITaxon:85025	Nocardiaceae	Microbe			family	local_kg_curated
NCBITaxon:85404	Mannheimia varigena	Microbe			species	local_kg_curated
NCBITaxon:868	Cardiobacteriaceae	Microbe			family	local_kg_curated
NCBITaxon:879243	Porphyromonas asaccharolytica DSM 20707	Microbe			no rank	local_kg_curated
NCBITaxon:893	Desulfobulbus	Microbe			genus	local_kg_curated
NCBITaxon:89374	Saprospiraceae	Microbe			family	local_kg_curated
NCBITaxon:90141	unclassified Rhizobiaceae	Microbe			no rank	local_kg_curated
NCBITaxon:904	Acidaminococcus	Microbe			genus	local_kg_curated
NCBITaxon:909656	Phocaeicola	Microbe			genus	local_kg_curated
NCBITaxon:909928	Negativicoccus	Microbe			genus	local_kg_curated
NCBITaxon:909929	Selenomonadales	Microbe			order	local_kg_curated
NCBITaxon:909930	Acidaminococcaceae	Microbe			family	local_kg_curated
NCBITaxon:909932	Negativicutes	Microbe			class	local_kg_curated
NCBITaxon:91061	Bacilli	Microbe			class	local_kg_curated
NCBITaxon:91994	unclassified Staphylococcus	Microbe			genus	local_kg_curated
NCBITaxon:92793	Aquabacterium	Microbe			genus	local_kg_curated
NCBITaxon:93681	Roseateles	Microbe			genus	local_kg_curated
NCBITaxon:94008	Thermicanus	Microbe			genus	local_kg_curated
NCBITaxon:95486	Burkholderia cenocepacia	Microbe			species	local_kg_curated
NCBITaxon:95818	Candidatus Saccharibacteria	Microbe			phylum	local_kg_curated
NCBITaxon:970	Selenomonas	Microbe			genus	local_kg_curated
NCBITaxon:979627	Lachnoanaerobaculum orale	Microbe			species	local_kg_curated
NCBITaxon:995019	Sutterellaceae	Microbe			family	local_kg_curated
KEGG:hsa01100	Metabolic pathways	Pathway				local_kg_curated
KEGG:hsa01200	Carbon metabolism	Pathway				local_kg_curated
KEGG:hsa01210	2-Oxocarboxylic acid metabolism	Pathway				local_kg_curated
KEGG:hsa01212	Fatty acid metabolism	Pathway				local_kg_curated
KEGG:hsa01230	Biosynthesis of amino acids	Pathway				local_kg_curated
KEGG:hsa01250	Biosynthesis of nucleotide sugars	Pathway				local_kg_curated
KEGG:hsa01240	Biosynthesis of cofactors	Pathway				local_kg_curated
KEGG:hsa00010	Glycolysis / Gluconeogenesis	Pathway				local_kg_curated
KEGG:hsa00030	Pentose phosphate pathway	Pathway				local_kg_curated
KEGG:hsa00051	Fructose and mannose metabolism	Pathway				local_kg_curated
KEGG:hsa00052	Galactose metabolism	Pathway				local_kg_curated
KEGG:hsa00500	Starch and sucrose metabolism	Pathway				local_kg_curated
KEGG:hsa00620	Pyruvate metabolism	Pathway				local_kg_curated
KEGG:hsa00630	Glyoxylate and dicarboxylate metabolism	Pathway				local_kg_curated
KEGG:hsa00640	Propanoate metabolism	Pathway				local_kg_curated
KEGG:hsa00071	Fatty acid degradation	Pathway				local_kg_curated
KEGG:hsa00120	Primary bile acid biosynthesis	Pathway				local_kg_curated
KEGG:hsa00140	Steroid hormone biosynthesis	Pathway				local_kg_curated
KEGG:hsa00564	Glycerophospholipid metabolism	Pathway				local_kg_curated
KEGG:hsa00590	Arachidonic acid metabolism	Pathway				local_kg_curated
KEGG:hsa00591	Linoleic acid metabolism	Pathway				local_kg_curated
KEGG:hsa00250	Alanine, aspartate and glutamate metabolism	Pathway				local_kg_curated
KEGG:hsa00260	Glycine, serine and threonine metabolism	Pathway				local_kg_curated
KEGG:hsa00270	Cysteine and methionine metabolism	Pathway				local_kg_curated
KEGG:hsa00280	Valine, leucine and isoleucine degradation	Pathway				local_kg_curated
KEGG:hsa00310	Lysine degradation	Pathway				local_kg_curated
KEGG:hsa00220	Arginine biosynthesis	Pathway				local_kg_curated
KEGG:hsa00330	Arginine and proline metabolism	Pathway				local_kg_curated
KEGG:hsa00350	Tyrosine metabolism	Pathway				local_kg_curated
KEGG:hsa00360	Phenylalanine metabolism	Pathway				local_kg_curated
KEGG:hsa00380	Tryptophan metabolism	Pathway				local_kg_curated
KEGG:hsa00400	Phenylalanine, tyrosine and tryptophan biosynthesis	Pathway				local_kg_curated
KEGG:hsa00480	Glutathione metabolism	Pathway				local_kg_curated
KEGG:hsa00520	Amino sugar and nucleotide sugar metabolism	Pathway				local_kg_curated
KEGG:hsa00510	N-Glycan biosynthesis	Pathway				local_kg_curated
KEGG:hsa00513	Various types of N-glycan biosynthesis	Pathway				local_kg_curated
KEGG:hsa00515	Mannose type O-glycan biosynthesis	Pathway				local_kg_curated
KEGG:hsa00514	Other types of O-glycan biosynthesis	Pathway				local_kg_curated
KEGG:hsa00533	Glycosaminoglycan biosynthesis - keratan sulfate	Pathway				local_kg_curated
KEGG:hsa00601	Glycosphingolipid biosynthesis - lacto and neolacto series	Pathway				local_kg_curated
KEGG:hsa00730	Thiamine metabolism	Pathway				local_kg_curated
KEGG:hsa00740	Riboflavin metabolism	Pathway				local_kg_curated
KEGG:hsa00790	Folate biosynthesis	Pathway				local_kg_curated
KEGG:hsa00670	One carbon pool by folate	Pathway				local_kg_curated
KEGG:hsa00830	Retinol metabolism	Pathway				local_kg_curated
KEGG:hsa00860	Porphyrin metabolism	Pathway				local_kg_curated
KEGG:hsa00130	Ubiquinone and other terpenoid-quinone biosynthesis	Pathway				local_kg_curated
KEGG:hsa00232	Caffeine metabolism	Pathway				local_kg_curated
KEGG:hsa00524	Neomycin, kanamycin and gentamicin biosynthesis	Pathway				local_kg_curated
KEGG:hsa00980	Metabolism of xenobiotics by cytochrome P450	Pathway				local_kg_curated
KEGG:hsa00982	Drug metabolism - cytochrome P450	Pathway				local_kg_curated
KEGG:hsa00983	Drug metabolism - other enzymes	Pathway				local_kg_curated
KEGG:hsa03010	Ribosome	Pathway				local_kg_curated
KEGG:hsa03015	mRNA surveillance pathway	Pathway				local_kg_curated
KEGG:hsa03008	Ribosome biogenesis in eukaryotes	Pathway				local_kg_curated
KEGG:hsa04141	Protein processing in endoplasmic reticulum	Pathway				local_kg_curated
KEGG:hsa04130	SNARE interactions in vesicular transport	Pathway				local_kg_curated
KEGG:hsa04120	Ubiquitin mediated proteolysis	Pathway				local_kg_curated
KEGG:hsa03050	Proteasome	Pathway				local_kg_curated
KEGG:hsa03018	RNA degradation	Pathway				local_kg_curated
KEGG:hsa03082	ATP-dependent chromatin remodeling	Pathway				local_kg_curated
KEGG:hsa03083	Polycomb repressive complex	Pathway				local_kg_curated
KEGG:hsa03250	Viral life cycle - HIV-1	Pathway				local_kg_curated
KEGG:hsa03272	Virion - Hepatitis viruses	Pathway				local_kg_curated
KEGG:hsa02010	ABC transporters	Pathway				local_kg_curated
KEGG:hsa04010	MAPK signaling pathway	Pathway				local_kg_curated
KEGG:hsa04012	ErbB signaling pathway	Pathway				local_kg_curated
KEGG:hsa04014	Ras signaling pathway	Pathway				local_kg_curated
KEGG:hsa04015	Rap1 signaling pathway	Pathway				local_kg_curated
KEGG:hsa04310	Wnt signaling pathway	Pathway				local_kg_curated
KEGG:hsa04330	Notch signaling pathway	Pathway				local_kg_curated
KEGG:hsa04340	Hedgehog signaling pathway	Pathway				local_kg_curated
KEGG:hsa04350	TGF-beta signaling pathway	Pathway				local_kg_curated
KEGG:hsa04390	Hippo signaling pathway	Pathway				local_kg_curated
KEGG:hsa04392	Hippo signaling pathway - multiple species	Pathway				local_kg_curated
KEGG:hsa04370	VEGF signaling pathway	Pathway				local_kg_curated
KEGG:hsa04371	Apelin signaling pathway	Pathway				local_kg_curated
KEGG:hsa04630	JAK-STAT signaling pathway	Pathway				local_kg_curated
KEGG:hsa04064	NF-kappa B signaling pathway	Pathway				local_kg_curated
KEGG:hsa04668	TNF signaling pathway	Pathway				local_kg_curated
KEGG:hsa04066	HIF-1 signaling pathway	Pathway				local_kg_curated
KEGG:hsa04068	FoxO signaling pathway	Pathway				local_kg_curated
KEGG:hsa04020	Calcium signaling pathway	Pathway				local_kg_curated
KEGG:hsa04072	Phospholipase D signaling pathway	Pathway				local_kg_curated
KEGG:hsa04071	Sphingolipid signaling pathway	Pathway				local_kg_curated
KEGG:hsa04024	cAMP signaling pathway	Pathway				local_kg_curated
KEGG:hsa04022	cGMP-PKG signaling pathway	Pathway				local_kg_curated
KEGG:hsa04151	PI3K-Akt signaling pathway	Pathway				local_kg_curated
KEGG:hsa04152	AMPK signaling pathway	Pathway				local_kg_curated
KEGG:hsa04150	mTOR signaling pathway	Pathway				local_kg_curated
KEGG:hsa04080	Neuroactive ligand-receptor interaction	Pathway				local_kg_curated
KEGG:hsa04082	Neuroactive ligand signaling	Pathway				local_kg_curated
KEGG:hsa04081	Hormone signaling	Pathway				local_kg_curated
KEGG:hsa04060	Cytokine-cytokine receptor interaction	Pathway				local_kg_curated
KEGG:hsa04061	Viral protein interaction with cytokine and cytokine receptor	Pathway				local_kg_curated
KEGG:hsa04512	ECM-receptor interaction	Pathway				local_kg_curated
KEGG:hsa04514	Cell adhesion molecule (CAM) interaction	Pathway				local_kg_curated
KEGG:hsa04517	IgSF CAM signaling	Pathway				local_kg_curated
KEGG:hsa04518	Integrin signaling	Pathway				local_kg_curated
KEGG:hsa04519	Cadherin signaling	Pathway				local_kg_curated
KEGG:hsa04144	Endocytosis	Pathway				local_kg_curated
KEGG:hsa04145	Phagocytosis	Pathway				local_kg_curated
KEGG:hsa04142	Lysosome biogenesis	Pathway				local_kg_curated
KEGG:hsa04146	Peroxisome	Pathway				local_kg_curated
KEGG:hsa04140	Autophagy - animal	Pathway				local_kg_curated
KEGG:hsa04137	Mitophagy - animal	Pathway				local_kg_curated
KEGG:hsa04148	Efferocytosis	Pathway				local_kg_curated
KEGG:hsa04110	Cell cycle	Pathway				local_kg_curated
KEGG:hsa04114	Oocyte meiosis	Pathway				local_kg_curated
KEGG:hsa04210	Apoptosis	Pathway				local_kg_curated
KEGG:hsa04215	Apoptosis - multiple species	Pathway				local_kg_curated
KEGG:hsa04216	Ferroptosis	Pathway				local_kg_curated
KEGG:hsa04217	Necroptosis	Pathway				local_kg_curated
KEGG:hsa04115	p53 signaling pathway	Pathway				local_kg_curated
KEGG:hsa04218	Cellular senescence	Pathway				local_kg_curated
KEGG:hsa04156	Integrated stress response (ISR) signaling pathway	Pathway				local_kg_curated
KEGG:hsa04510	Focal adhesion	Pathway				local_kg_curated
KEGG:hsa04520	Adherens junction	Pathway				local_kg_curated
KEGG:hsa04530	Tight junction	Pathway				local_kg_curated
KEGG:hsa04540	Gap junction	Pathway				local_kg_curated
KEGG:hsa04550	Signaling pathways regulating pluripotency of stem cells	Pathway				local_kg_curated
KEGG:hsa04814	Motor proteins	Pathway				local_kg_curated
KEGG:hsa04820	Cytoskeleton in muscle cells	Pathway				local_kg_curated
KEGG:hsa04810	Regulation of actin cytoskeleton	Pathway				local_kg_curated
KEGG:hsa04640	Hematopoietic cell lineage	Pathway				local_kg_curated
KEGG:hsa04611	Platelet activation	Pathway				local_kg_curated
KEGG:hsa04613	Neutrophil extracellular trap formation	Pathway				local_kg_curated
KEGG:hsa04620	Toll-like receptor signaling pathway	Pathway				local_kg_curated
KEGG:hsa04621	NOD-like receptor signaling pathway	Pathway				local_kg_curated
KEGG:hsa04622	RIG-I-like receptor signaling pathway	Pathway				local_kg_curated
KEGG:hsa04623	Cytosolic DNA-sensing pathway	Pathway				local_kg_curated
KEGG:hsa04625	C-type lectin receptor signaling pathway	Pathway				local_kg_curated
KEGG:hsa04650	Natural killer cell mediated cytotoxicity	Pathway				local_kg_curated
KEGG:hsa04612	Antigen processing and presentation	Pathway				local_kg_curated
KEGG:hsa04660	T cell receptor signaling pathway	Pathway				local_kg_curated
KEGG:hsa04658	Th1 and Th2 cell differentiation	Pathway				local_kg_curated
KEGG:hsa04659	Th17 cell differentiation	Pathway				local_kg_curated
KEGG:hsa04657	IL-17 signaling pathway	Pathway				local_kg_curated
KEGG:hsa04662	B cell receptor signaling pathway	Pathway				local_kg_curated
KEGG:hsa04664	Fc epsilon RI signaling pathway	Pathway				local_kg_curated
KEGG:hsa04666	Fc gamma R-mediated phagosome formation	Pathway				local_kg_curated
KEGG:hsa04670	Leukocyte transendothelial migration	Pathway				local_kg_curated
KEGG:hsa04672	Intestinal immune network for IgA production	Pathway				local_kg_curated
KEGG:hsa04062	Chemokine signaling pathway	Pathway				local_kg_curated
KEGG:hsa04911	Insulin secretion	Pathway				local_kg_curated
KEGG:hsa04910	Insulin signaling pathway	Pathway				local_kg_curated
KEGG:hsa04922	Glucagon signaling pathway	Pathway				local_kg_curated
KEGG:hsa04923	Regulation of lipolysis in adipocytes	Pathway				local_kg_curated
KEGG:hsa04920	Adipocytokine signaling pathway	Pathway				local_kg_curated
KEGG:hsa03320	PPAR signaling pathway	Pathway				local_kg_curated
KEGG:hsa04929	GnRH secretion	Pathway				local_kg_curated
KEGG:hsa04912	GnRH signaling pathway	Pathway				local_kg_curated
KEGG:hsa04913	Ovarian steroidogenesis	Pathway				local_kg_curated
KEGG:hsa04915	Estrogen signaling pathway	Pathway				local_kg_curated
KEGG:hsa04914	Progesterone-mediated oocyte maturation	Pathway				local_kg_curated
KEGG:hsa04917	Prolactin signaling pathway	Pathway				local_kg_curated
KEGG:hsa04921	Oxytocin signaling pathway	Pathway				local_kg_curated
KEGG:hsa04926	Relaxin signaling pathway	Pathway				local_kg_curated
KEGG:hsa04935	Growth hormone synthesis, secretion and action	Pathway				local_kg_curated
KEGG:hsa04918	Thyroid hormone synthesis	Pathway				local_kg_curated
KEGG:hsa04919	Thyroid hormone signaling pathway	Pathway				local_kg_curated
KEGG:hsa04928	Parathyroid hormone synthesis, secretion and action	Pathway				local_kg_curated
KEGG:hsa04916	Melanogenesis	Pathway				local_kg_curated
KEGG:hsa04924	Renin secretion	Pathway				local_kg_curated
KEGG:hsa04260	Cardiac muscle contraction	Pathway				local_kg_curated
KEGG:hsa04261	Adrenergic signaling in cardiomyocytes	Pathway				local_kg_curated
KEGG:hsa04270	Vascular smooth muscle contraction	Pathway				local_kg_curated
KEGG:hsa04970	Salivary secretion	Pathway				local_kg_curated
KEGG:hsa04971	Gastric acid secretion	Pathway				local_kg_curated
KEGG:hsa04972	Pancreatic secretion	Pathway				local_kg_curated
KEGG:hsa04976	Bile secretion	Pathway				local_kg_curated
KEGG:hsa04973	Carbohydrate digestion and absorption	Pathway				local_kg_curated
KEGG:hsa04974	Protein digestion and absorption	Pathway				local_kg_curated
KEGG:hsa04975	Fat digestion and absorption	Pathway				local_kg_curated
KEGG:hsa04979	Cholesterol metabolism	Pathway				local_kg_curated
KEGG:hsa04977	Vitamin digestion and absorption	Pathway				local_kg_curated
KEGG:hsa04981	Folate transport and metabolism	Pathway				local_kg_curated
KEGG:hsa04978	Mineral absorption	Pathway				local_kg_curated
KEGG:hsa04960	Aldosterone-regulated sodium reabsorption	Pathway				local_kg_curated
KEGG:hsa04961	Endocrine and other factor-regulated calcium reabsorption	Pathway				local_kg_curated
KEGG:hsa04964	Proximal tubule bicarbonate reclamation	Pathway				local_kg_curated
KEGG:hsa04724	Glutamatergic synapse	Pathway				local_kg_curated
KEGG:hsa04725	Cholinergic synapse	Pathway				local_kg_curated
KEGG:hsa04728	Dopaminergic synapse	Pathway				local_kg_curated
KEGG:hsa04726	Serotonergic synapse	Pathway				local_kg_curated
KEGG:hsa04720	Long-term potentiation	Pathway				local_kg_curated
KEGG:hsa04730	Long-term depression	Pathway				local_kg_curated
KEGG:hsa04723	Retrograde endocannabinoid signaling	Pathway				local_kg_curated
KEGG:hsa04722	Neurotrophin signaling pathway	Pathway				local_kg_curated
KEGG:hsa04750	Inflammatory mediator regulation of TRP channels	Pathway				local_kg_curated
KEGG:hsa04360	Axon guidance	Pathway				local_kg_curated
KEGG:hsa04380	Osteoclast differentiation	Pathway				local_kg_curated
KEGG:hsa04382	Cornified envelope formation	Pathway				local_kg_curated
KEGG:hsa04211	Longevity regulating pathway	Pathway				local_kg_curated
KEGG:hsa04213	Longevity regulating pathway - multiple species	Pathway				local_kg_curated
KEGG:hsa04710	Circadian rhythm	Pathway				local_kg_curated
KEGG:hsa04713	Circadian entrainment	Pathway				local_kg_curated
KEGG:hsa04714	Thermogenesis	Pathway				local_kg_curated
KEGG:hsa05200	Pathways in cancer	Pathway				local_kg_curated
KEGG:hsa05202	Transcriptional misregulation in cancer	Pathway				local_kg_curated
KEGG:hsa05206	MicroRNAs in cancer	Pathway				local_kg_curated
KEGG:hsa05205	Proteoglycans in cancer	Pathway				local_kg_curated
KEGG:hsa05204	Chemical carcinogenesis - DNA adducts	Pathway				local_kg_curated
KEGG:hsa05207	Chemical carcinogenesis - receptor activation	Pathway				local_kg_curated
KEGG:hsa05208	Chemical carcinogenesis - reactive oxygen species	Pathway				local_kg_curated
KEGG:hsa05203	Viral carcinogenesis	Pathway				local_kg_curated
KEGG:hsa05230	Central carbon metabolism in cancer	Pathway				local_kg_curated
KEGG:hsa05231	Choline metabolism in cancer	Pathway				local_kg_curated
KEGG:hsa05235	PD-L1 expression and PD-1 checkpoint pathway in cancer	Pathway				local_kg_curated
KEGG:hsa05210	Colorectal cancer	Pathway				local_kg_curated
KEGG:hsa05212	Pancreatic cancer	Pathway				local_kg_curated
KEGG:hsa05225	Hepatocellular carcinoma	Pathway				local_kg_curated
KEGG:hsa05226	Gastric cancer	Pathway				local_kg_curated
KEGG:hsa05214	Glioma	Pathway				local_kg_curated
KEGG:hsa05216	Thyroid cancer	Pathway				local_kg_curated
KEGG:hsa05221	Acute myeloid leukemia	Pathway				local_kg_curated
KEGG:hsa05220	Chronic myeloid leukemia	Pathway				local_kg_curated
KEGG:hsa05217	Basal cell carcinoma	Pathway				local_kg_curated
KEGG:hsa05218	Melanoma	Pathway				local_kg_curated
KEGG:hsa05211	Renal cell carcinoma	Pathway				local_kg_curated
KEGG:hsa05219	Bladder cancer	Pathway				local_kg_curated
KEGG:hsa05215	Prostate cancer	Pathway				local_kg_curated
KEGG:hsa05213	Endometrial cancer	Pathway				local_kg_curated
KEGG:hsa05224	Breast cancer	Pathway				local_kg_curated
KEGG:hsa05222	Small cell lung cancer	Pathway				local_kg_curated
KEGG:hsa05223	Non-small cell lung cancer	Pathway				local_kg_curated
KEGG:hsa05166	Human T-cell leukemia virus 1 infection	Pathway				local_kg_curated
KEGG:hsa05170	Human immunodeficiency virus 1 infection	Pathway				local_kg_curated
KEGG:hsa05161	Hepatitis B	Pathway				local_kg_curated
KEGG:hsa05160	Hepatitis C	Pathway				local_kg_curated
KEGG:hsa05171	Coronavirus disease	Pathway				local_kg_curated
KEGG:hsa05164	Influenza A	Pathway				local_kg_curated
KEGG:hsa05162	Measles	Pathway				local_kg_curated
KEGG:hsa05168	Herpes simplex virus 1 infection	Pathway				local_kg_curated
KEGG:hsa05163	Human cytomegalovirus infection	Pathway				local_kg_curated
KEGG:hsa05167	Kaposi sarcoma-associated herpesvirus infection	Pathway				local_kg_curated
KEGG:hsa05169	Epstein-Barr virus infection	Pathway				local_kg_curated
KEGG:hsa05165	Human papillomavirus infection	Pathway				local_kg_curated
KEGG:hsa05110	Vibrio cholerae infection	Pathway				local_kg_curated
KEGG:hsa05120	Epithelial cell signaling in Helicobacter pylori infection	Pathway				local_kg_curated
KEGG:hsa05130	Pathogenic Escherichia coli infection	Pathway				local_kg_curated
KEGG:hsa05132	Salmonella infection	Pathway				local_kg_curated
KEGG:hsa05131	Shigellosis	Pathway				local_kg_curated
KEGG:hsa05135	Yersinia infection	Pathway				local_kg_curated
KEGG:hsa05133	Pertussis	Pathway				local_kg_curated
KEGG:hsa05134	Legionellosis	Pathway				local_kg_curated
KEGG:hsa05150	Staphylococcus aureus infection	Pathway				local_kg_curated
KEGG:hsa05152	Tuberculosis	Pathway				local_kg_curated
KEGG:hsa05100	Bacterial invasion of epithelial cells	Pathway				local_kg_curated
KEGG:hsa05146	Amoebiasis	Pathway				local_kg_curated
KEGG:hsa05144	Malaria	Pathway				local_kg_curated
KEGG:hsa05145	Toxoplasmosis	Pathway				local_kg_curated
KEGG:hsa05140	Leishmaniasis	Pathway				local_kg_curated
KEGG:hsa05142	Chagas disease	Pathway				local_kg_curated
KEGG:hsa05143	African trypanosomiasis	Pathway				local_kg_curated
KEGG:hsa05310	Asthma	Pathway				local_kg_curated
KEGG:hsa05322	Systemic lupus erythematosus	Pathway				local_kg_curated
KEGG:hsa05323	Rheumatoid arthritis	Pathway				local_kg_curated
KEGG:hsa05320	Autoimmune thyroid disease	Pathway				local_kg_curated
KEGG:hsa05321	Inflammatory bowel disease	Pathway				local_kg_curated
KEGG:hsa05330	Allograft rejection	Pathway				local_kg_curated
KEGG:hsa05332	Graft-versus-host disease	Pathway				local_kg_curated
KEGG:hsa05010	Alzheimer disease	Pathway				local_kg_curated
KEGG:hsa05012	Parkinson disease	Pathway				local_kg_curated
KEGG:hsa05014	Amyotrophic lateral sclerosis	Pathway				local_kg_curated
KEGG:hsa05016	Huntington disease	Pathway				local_kg_curated
KEGG:hsa05017	Spinocerebellar ataxia	Pathway				local_kg_curated
KEGG:hsa05020	Prion disease	Pathway				local_kg_curated
KEGG:hsa05022	Pathways of neurodegeneration - multiple diseases	Pathway				local_kg_curated
KEGG:hsa05030	Cocaine addiction	Pathway				local_kg_curated
KEGG:hsa05031	Amphetamine addiction	Pathway				local_kg_curated
KEGG:hsa05034	Alcoholism	Pathway				local_kg_curated
KEGG:hsa05417	Lipid and atherosclerosis	Pathway				local_kg_curated
KEGG:hsa05418	Fluid shear stress and atherosclerosis	Pathway				local_kg_curated
KEGG:hsa05410	Hypertrophic cardiomyopathy	Pathway				local_kg_curated
KEGG:hsa05412	Arrhythmogenic right ventricular cardiomyopathy	Pathway				local_kg_curated
KEGG:hsa05414	Dilated cardiomyopathy	Pathway				local_kg_curated
KEGG:hsa05415	Diabetic cardiomyopathy	Pathway				local_kg_curated
KEGG:hsa05416	Viral myocarditis	Pathway				local_kg_curated
KEGG:hsa04930	Type II diabetes mellitus	Pathway				local_kg_curated
KEGG:hsa04940	Type I diabetes mellitus	Pathway				local_kg_curated
KEGG:hsa04950	Maturity onset diabetes of the young	Pathway				local_kg_curated
KEGG:hsa04936	Alcoholic liver disease	Pathway				local_kg_curated
KEGG:hsa04932	Non-alcoholic fatty liver disease	Pathway				local_kg_curated
KEGG:hsa04931	Insulin resistance	Pathway				local_kg_curated
KEGG:hsa04933	AGE-RAGE signaling pathway in diabetic complications	Pathway				local_kg_curated
KEGG:hsa04934	Cushing syndrome	Pathway				local_kg_curated
KEGG:hsa01521	EGFR tyrosine kinase inhibitor resistance	Pathway				local_kg_curated
KEGG:hsa01524	Platinum drug resistance	Pathway				local_kg_curated
KEGG:hsa01523	Antifolate resistance	Pathway				local_kg_curated
KEGG:hsa01522	Endocrine resistance	Pathway				local_kg_curated
MESH:D007249	Inflammation	Disease				local_kg_llm_extracted
MESH:D005232	Fatty Acids Volatile	Metabolite				local_kg_llm_extracted
MESH:C024139	indole-3-lactic acid	Metabolite				local_kg_llm_extracted
MESH:D002635	Chenodeoxycholic Acid	Metabolite				local_kg_llm_extracted
MESH:D063646	Carcinogenesis	Disease				local_kg_llm_extracted
MESH:D044243	Linoleic Acids Conjugated	Metabolite				local_kg_llm_extracted
MESH:C004999	ferulic acid	Metabolite				local_kg_llm_extracted
MESH:D002087	Butyrates	Metabolite				local_kg_llm_extracted
NCBITaxon:1918611	Muribaculum sp.	Microbe				local_kg_llm_extracted
MESH:D011422	Propionates	Metabolite				local_kg_llm_extracted
MESH:D019158	N-Acetylneuraminic Acid	Metabolite				local_kg_llm_extracted
MESH:C010471	hyodeoxycholic acid	Metabolite				local_kg_llm_extracted
NCBITaxon:304207	Schleiferilactobacillus harbinensis	Microbe				local_kg_llm_extracted
MESH:D008055	Lipids	Metabolite				local_kg_llm_extracted
MESH:D008070	Lipopolysaccharides	Metabolite				local_kg_llm_extracted
MESH:D014364	Tryptophan	Metabolite				local_kg_llm_extracted
MESH:D005680	gamma-Aminobutyric Acid	Metabolite				local_kg_llm_extracted
MESH:D000090862	Neuroinflammatory Diseases	Disease				local_kg_llm_extracted
MESH:D011392	Proline	Metabolite				local_kg_llm_extracted
MESH:C037652	hexanoic acid	Metabolite				local_kg_llm_extracted
MESH:C046230	3-oxocholan-24-oic acid	Metabolite				local_kg_llm_extracted
MESH:C042345	hydrogen sulfite	Metabolite				local_kg_llm_extracted
MESH:D064420	Drug-Related Side Effects and Adverse Reactions	Disease				local_kg_llm_extracted
MESH:D001847	Bone Diseases	Disease				local_kg_llm_extracted
MESH:D001168	Arthritis	Disease				local_kg_llm_extracted
MESH:D014580	Ursodeoxycholic Acid	Metabolite				local_kg_llm_extracted
MESH:D006632	Histamine	Metabolite				local_kg_llm_extracted
MESH:D019344	Lactic Acid	Metabolite				local_kg_llm_extracted
MESH:C030737	indoleacetic acid	Metabolite				local_kg_llm_extracted
MESH:D001647	Bile Acids and Salts	Metabolite				local_kg_llm_extracted
MESH:D004681	Encephalomyelitis Autoimmune Experimental	Disease				local_kg_llm_extracted
MESH:C007916	hemicellulose	Metabolite				local_kg_llm_extracted
MESH:D056486	Chemical and Drug Induced Liver Injury	Disease				local_kg_llm_extracted
MESH:D001656	Biliary Atresia	Disease				local_kg_llm_extracted
MESH:C007045	cholesteryl sulfate	Metabolite				local_kg_llm_extracted
MESH:C000614854	5-amino levulinic acid	Metabolite				local_kg_llm_extracted
MESH:C030985	purine	Metabolite				local_kg_llm_extracted
MESH:C036585	juvenile hormone III	Metabolite				local_kg_llm_extracted
MESH:D013833	Thiamine Monophosphate	Metabolite				local_kg_llm_extracted
LFS:FOOD:red_meat	red meat	Food				local_kg_llm_extracted
MESH:D004751	Enteritis	Disease				local_kg_llm_extracted
MESH:D014439	Tyramine	Metabolite				local_kg_llm_extracted
MESH:D014456	Ulcer	Disease				local_kg_llm_extracted
MESH:D000376	Agmatine	Metabolite				local_kg_llm_extracted
NCBITaxon:1664069	Bacillus glycinifermentans	Microbe				local_kg_llm_extracted
MESH:C470931	2 4 6-trihydroxybenzoic acid	Metabolite				local_kg_llm_extracted
MESH:C569566	colibactin	Metabolite				local_kg_llm_extracted
MESH:D003072	Cognition Disorders	Disease				local_kg_llm_extracted
MESH:D005947	Glucose	Metabolite				local_kg_llm_extracted
LFS:FOOD:prebiotic	prebiotic	Food				local_kg_llm_extracted
MESH:D000597	Amino Acids Branched-Chain	Metabolite				local_kg_llm_extracted
MESH:D007333	Insulin Resistance	Disease				local_kg_llm_extracted
MESH:C030374	indole	Metabolite				local_kg_llm_extracted
MESH:D005234	Fatty Liver	Disease				local_kg_llm_extracted
MESH:D064806	Dysbiosis	Disease				local_kg_llm_extracted
MESH:D017093	Liver Failure	Disease				local_kg_llm_extracted
MESH:D008050	Lipid A	Metabolite				local_kg_llm_extracted
MESH:D000085	Acetates	Metabolite				local_kg_llm_extracted
MESH:D011765	Pyruvaldehyde	Metabolite				local_kg_llm_extracted
MESH:C018976	5-imidazolepropionic acid	Metabolite				local_kg_llm_extracted
MESH:D006862	Hydrogen Sulfide	Metabolite				local_kg_llm_extracted
MESH:D003866	Depressive Disorder	Disease				local_kg_llm_extracted
MESH:D011134	Polysaccharides	Metabolite				local_kg_llm_extracted
MESH:D002331	Carnitine	Metabolite				local_kg_llm_extracted
NCBITaxon:747656	Streptococcus danieliae	Microbe				local_kg_llm_extracted
MESH:D003872	Dermatitis	Disease				local_kg_llm_extracted
MESH:D003711	Demyelinating Diseases	Disease				local_kg_llm_extracted
MESH:D006528	Carcinoma Hepatocellular	Disease				local_kg_llm_extracted
MESH:C032538	4-cresol	Metabolite				local_kg_llm_extracted
MESH:D005879	Tourette Syndrome	Disease				local_kg_llm_extracted
MESH:D006897	Hydroxyindoleacetic Acid	Metabolite				local_kg_llm_extracted
NCBITaxon:174709	Allobaculum stercoricanis	Microbe				local_kg_llm_extracted
MESH:D014812	Vitamin K	Metabolite				local_kg_llm_extracted
MESH:D013256	Steroids	Metabolite				local_kg_llm_extracted
NCBITaxon:55509	Coprothermobacter sp.	Microbe				local_kg_llm_extracted
NCBITaxon:1390	Bacillus amyloliquefaciens	Microbe				local_kg_llm_extracted
MESH:D010626	Phenylethyl Alcohol	Metabolite				local_kg_llm_extracted
MESH:D006209	Halitosis	Disease				local_kg_llm_extracted
MESH:D000085982	Rhamnogalacturonans	Metabolite				local_kg_llm_extracted
LFS:FOOD:legume	legume	Food				local_kg_llm_extracted
NCBITaxon:5475	Candida	Microbe				local_kg_llm_extracted
MESH:D009102	Multiple Organ Failure	Disease				local_kg_llm_extracted
MESH:D019446	Endotoxemia	Disease				local_kg_llm_extracted
NCBITaxon:357447	Aspergillus westerdijkiae	Microbe				local_kg_llm_extracted
MESH:C045354	ochratoxin B	Metabolite				local_kg_llm_extracted
LFS:FOOD:whole_grain	whole grain	Food				local_kg_llm_extracted
MESH:D018698	Glutamic Acid	Metabolite				local_kg_llm_extracted
MESH:D014994	Xylose	Metabolite				local_kg_llm_extracted
MESH:D006861	Hydrogen Peroxide	Metabolite				local_kg_llm_extracted
MESH:D000641	Ammonia	Metabolite				local_kg_llm_extracted
MESH:D010710	Phosphates	Metabolite				local_kg_llm_extracted
MESH:D006147	Guanine	Metabolite				local_kg_llm_extracted
MESH:D018805	Sepsis	Disease				local_kg_llm_extracted
MESH:D007239	Infections	Disease				local_kg_llm_extracted
MESH:C516951	3-methyl-3-sulfonylhexan-1-ol	Metabolite				local_kg_llm_extracted
MESH:C085319	maculosin	Metabolite				local_kg_llm_extracted
MESH:D056770	Netherton Syndrome	Disease				local_kg_llm_extracted
MESH:D019802	Succinic Acid	Metabolite				local_kg_llm_extracted
NCBITaxon:148604	Limosilactobacillus ingluviei	Microbe				local_kg_llm_extracted
MESH:D009952	Ornithine	Metabolite				local_kg_llm_extracted
MESH:D003111	Colonic Polyps	Disease				local_kg_llm_extracted
MESH:D004194	Disease	Disease				local_kg_llm_extracted
NCBITaxon:1263550	Edwardsiella piscicida	Microbe				local_kg_llm_extracted
LFS:FOOD:dietary_fiber	dietary fiber	Food				local_kg_llm_extracted
MESH:D007737	Kynurenine	Metabolite				local_kg_llm_extracted
MESH:D003920	Diabetes Mellitus	Disease				local_kg_llm_extracted
MESH:D006859	Hydrogen	Metabolite				local_kg_llm_extracted
MESH:D009844	Oligosaccharides	Metabolite				local_kg_llm_extracted
MESH:D008413	Mastitis	Disease				local_kg_llm_extracted
MESH:C017616	phenolic acid	Metabolite				local_kg_llm_extracted
MESH:D007294	Inositol	Metabolite				local_kg_llm_extracted
MESH:C570991	xylooligosaccharide	Metabolite				local_kg_llm_extracted
MESH:C031420	2'-fucosyllactose	Metabolite				local_kg_llm_extracted
MESH:C549934	closthioamide	Metabolite				local_kg_llm_extracted
MESH:C088069	andrimid	Metabolite				local_kg_llm_extracted
MESH:D019342	Acetic Acid	Metabolite				local_kg_llm_extracted
LFS:FOOD:vegetable	vegetable	Food				local_kg_llm_extracted
MESH:C024343	butyryl-coenzyme A	Metabolite				local_kg_llm_extracted
MESH:D011166	Porphyrins	Metabolite				local_kg_llm_extracted
MESH:D009362	Neoplasm Metastasis	Disease				local_kg_llm_extracted
MESH:D009566	Nitrates	Metabolite				local_kg_llm_extracted
MESH:D009573	Nitrites	Metabolite				local_kg_llm_extracted
MESH:D052439	Lipid Metabolism Disorders	Disease				local_kg_llm_extracted
MESH:D013959	Thyroid Diseases	Disease				local_kg_llm_extracted
MESH:D016301	Alveolar Bone Loss	Disease				local_kg_llm_extracted
MESH:D011073	Polyamines	Metabolite				local_kg_llm_extracted
MESH:D055666	Lipopeptides	Metabolite				local_kg_llm_extracted
MESH:C009900	lipoteichoic acid	Metabolite				local_kg_llm_extracted
MESH:C009435	tetramic acid	Metabolite				local_kg_llm_extracted
MESH:C416127	reutericyclin	Metabolite				local_kg_llm_extracted
MESH:D011374	Progesterone	Metabolite				local_kg_llm_extracted
MESH:D002180	Candidiasis Oral	Disease				local_kg_llm_extracted
MESH:D002241	Carbohydrates	Metabolite				local_kg_llm_extracted
NCBITaxon:198705	Lampropedia	Microbe				local_kg_llm_extracted
MESH:C020243	calcium phosphate	Metabolite				local_kg_llm_extracted
MESH:D011230	Precancerous Conditions	Disease				local_kg_llm_extracted
MESH:C483858	phosphatidylethanolamine	Metabolite				local_kg_llm_extracted
MESH:D014091	Tooth Resorption	Disease				local_kg_llm_extracted
MESH:D009585	Nitrogen Dioxide	Metabolite				local_kg_llm_extracted
MESH:D004758	Enterobactin	Metabolite				local_kg_llm_extracted
MESH:D019787	Linoleic Acid	Metabolite				local_kg_llm_extracted
MESH:C047158	3-hydroxypropionaldehyde	Metabolite				local_kg_llm_extracted
NCBITaxon:28035	Staphylococcus lugdunensis	Microbe				local_kg_llm_extracted
MESH:C000609985	lugdunin	Metabolite				local_kg_llm_extracted
NCBITaxon:1809	Mycobacterium ulcerans	Microbe				local_kg_llm_extracted
MESH:C117218	mycolactone	Metabolite				local_kg_llm_extracted
MESH:D012871	Skin Diseases	Disease				local_kg_llm_extracted
NCBITaxon:59779	Paracoccus marcusii	Microbe				local_kg_llm_extracted
MESH:D002338	Carotenoids	Metabolite				local_kg_llm_extracted
NCBITaxon:207340	Roseomonas mucosa	Microbe				local_kg_llm_extracted
MESH:D002244	Carbon	Metabolite				local_kg_llm_extracted
MESH:D005990	Glycerol	Metabolite				local_kg_llm_extracted
MESH:D013779	Tetrodotoxin	Metabolite				local_kg_llm_extracted
NCBITaxon:165697	Sphingopyxis	Microbe				local_kg_llm_extracted
MESH:D010100	Oxygen	Metabolite				local_kg_llm_extracted
MESH:D003085	Colic	Disease				local_kg_llm_extracted
MESH:D005227	Fatty Acids	Metabolite				local_kg_llm_extracted
NCBITaxon:29581	Janthinobacterium lividum	Microbe				local_kg_llm_extracted
MESH:C063155	violacein	Metabolite				local_kg_llm_extracted
MESH:D055549	Volatile Organic Compounds	Metabolite				local_kg_llm_extracted
MESH:C012381	indole-3-carbaldehyde	Metabolite				local_kg_llm_extracted
MESH:C526928	undecan-2-one	Metabolite				local_kg_llm_extracted
MESH:C542376	2-undecanol	Metabolite				local_kg_llm_extracted
NCBITaxon:1698	Brevibacterium epidermidis	Microbe				local_kg_llm_extracted
MESH:D006820	Hyaluronic Acid	Metabolite				local_kg_llm_extracted
NCBITaxon:55194	Malassezia furfur	Microbe				local_kg_llm_extracted
MESH:D010455	Peptides	Metabolite				local_kg_llm_extracted
MESH:D000089882	Antimicrobial Peptides	Metabolite				local_kg_llm_extracted
MESH:C008216	isovaleric acid	Metabolite				local_kg_llm_extracted
MESH:C029658	propionic acid	Metabolite				local_kg_llm_extracted
MESH:D009181	Mycoses	Disease				local_kg_llm_extracted
NCBITaxon:55193	Malassezia	Microbe				local_kg_llm_extracted
MESH:C014722	2-naphthol orange	Metabolite				local_kg_llm_extracted
MESH:C008492	methyl red	Metabolite				local_kg_llm_extracted
MESH:D012852	Sinusitis	Disease				local_kg_llm_extracted
MESH:D004802	Eosinophilia	Disease				local_kg_llm_extracted
MESH:D011014	Pneumonia	Disease				local_kg_llm_extracted
MESH:D007251	Influenza Human	Disease				local_kg_llm_extracted
NCBITaxon:746128	Aspergillus fumigatus	Microbe				local_kg_llm_extracted
MESH:D005912	Gliotoxin	Metabolite				local_kg_llm_extracted
MESH:D000431	Ethanol	Metabolite				local_kg_llm_extracted
MESH:D000402	Airway Obstruction	Disease				local_kg_llm_extracted
MESH:C025316	pyochelin	Metabolite				local_kg_llm_extracted
NCBITaxon:324767	Bacillus infantis	Microbe				local_kg_llm_extracted
NCBITaxon:42353	Nitrosomonas sp.	Microbe				local_kg_llm_extracted
MESH:D003545	Cysteine	Metabolite				local_kg_llm_extracted
NCBITaxon:59617	Helicobacter rodentium	Microbe				local_kg_llm_extracted
MESH:D019958	Attention Deficit and Disruptive Behavior Disorders	Disease				local_kg_llm_extracted
MESH:D020274	Autoimmune Diseases of the Nervous System	Disease				local_kg_llm_extracted
NCBITaxon:670	Vibrio parahaemolyticus	Microbe				local_kg_llm_extracted
MESH:D042882	Gallstones	Disease				local_kg_llm_extracted
NCBITaxon:1423	Bacillus subtilis	Microbe				local_kg_llm_extracted
MESH:D012141	Respiratory Tract Infections	Disease				local_kg_llm_extracted
NCBITaxon:42895	Enterobacter sp.	Microbe				local_kg_llm_extracted
MESH:D001622	Betaine	Metabolite				local_kg_llm_extracted
MESH:D000596	Amino Acids	Metabolite				local_kg_llm_extracted
MESH:D005977	Glutarates	Metabolite				local_kg_llm_extracted
MESH:D008239	Lysine	Metabolite				local_kg_llm_extracted
NCBITaxon:229007	Halomonas ventosae	Microbe				local_kg_llm_extracted
NCBITaxon:226	Alteromonas	Microbe				local_kg_llm_extracted
MESH:D007210	Indoleacetic Acids	Metabolite				local_kg_llm_extracted
NCBITaxon:426598	Fulvibacter	Microbe				local_kg_llm_extracted
NCBITaxon:34038	Rahnella aquatilis	Microbe				local_kg_llm_extracted
MESH:C000592077	asphaltene	Metabolite				local_kg_llm_extracted
MESH:C049811	erucic acid	Metabolite				local_kg_llm_extracted
NCBITaxon:191373	Pelotomaculum	Microbe				local_kg_llm_extracted
NCBITaxon:2184	Methanococcus	Microbe				local_kg_llm_extracted
MESH:D008697	Methane	Metabolite				local_kg_llm_extracted
MESH:D021441	Carcinoma Pancreatic Ductal	Disease				local_kg_llm_extracted
MESH:D000230	Adenocarcinoma	Disease				local_kg_llm_extracted
NCBITaxon:59814	Pantoea dispersa	Microbe				local_kg_llm_extracted
MESH:D001753	Blast Injuries	Disease				local_kg_llm_extracted
MESH:D017544	Aortic Aneurysm Abdominal	Disease				local_kg_llm_extracted
NCBITaxon:1389932	Achromobacter pulmonis	Microbe				local_kg_llm_extracted
MESH:D011409	Propylene Glycols	Metabolite				local_kg_llm_extracted
MESH:D004187	Disaccharides	Metabolite				local_kg_llm_extracted
MESH:D010070	Oxalates	Metabolite				local_kg_llm_extracted
MESH:D002392	Catechin	Metabolite				local_kg_llm_extracted
MESH:D007410	Intestinal Diseases	Disease				local_kg_llm_extracted
MESH:D011622	Pterins	Metabolite				local_kg_llm_extracted
LFS:FOOD:nut_and_seed	nut and seed	Food				local_kg_llm_extracted
LFS:FOOD:fruit	fruit	Food				local_kg_llm_extracted
NCBITaxon:1810	Mycolicibacterium vaccae	Microbe				local_kg_llm_extracted
MESH:D005767	Gastrointestinal Diseases	Disease				local_kg_llm_extracted
MESH:D013107	Sphingolipids	Metabolite				local_kg_llm_extracted
LFS:FOOD:polyphenol	polyphenol	Food				local_kg_llm_extracted
MESH:D013440	Sulfides	Metabolite				local_kg_llm_extracted
NCBITaxon:1063	Cereibacter sphaeroides	Microbe				local_kg_llm_extracted
MESH:D006943	Hyperglycemia	Disease				local_kg_llm_extracted
MESH:D018149	Glucose Intolerance	Disease				local_kg_llm_extracted
MESH:D005492	Folic Acid	Metabolite				local_kg_llm_extracted
MESH:D013228	Stearates	Metabolite				local_kg_llm_extracted
MESH:C001446	indoleacrylic acid	Metabolite				local_kg_llm_extracted
LFS:FOOD:coffee_and_tea	coffee and tea	Food				local_kg_llm_extracted
MESH:D006885	Hydroxybutyrates	Metabolite				local_kg_llm_extracted
MESH:C031570	2-hydroxybutyric acid	Metabolite				local_kg_llm_extracted
MESH:D013261	Sterols	Metabolite				local_kg_llm_extracted
MESH:D006949	Hyperlipidemias	Disease				local_kg_llm_extracted
MESH:D004958	Estradiol	Metabolite				local_kg_llm_extracted
MESH:D009410	Nerve Degeneration	Disease				local_kg_llm_extracted
MESH:D000068079	Motor Disorders	Disease				local_kg_llm_extracted
MESH:D009461	Neurologic Manifestations	Disease				local_kg_llm_extracted
MESH:D019954	Neurobehavioral Manifestations	Disease				local_kg_llm_extracted
MESH:C037645	nicotinamide N-oxide	Metabolite				local_kg_llm_extracted
MESH:D007980	Levodopa	Metabolite				local_kg_llm_extracted
NCBITaxon:1587	Lactobacillus helveticus	Microbe				local_kg_llm_extracted
MESH:D012701	Serotonin	Metabolite				local_kg_llm_extracted
MESH:D003108	Colonic Diseases	Disease				local_kg_llm_extracted
MESH:D001321	Autistic Disorder	Disease				local_kg_llm_extracted
MESH:D000857	Olfaction Disorders	Disease				local_kg_llm_extracted
MESH:D011596	Psychomotor Disorders	Disease				local_kg_llm_extracted
NCBITaxon:238015	Liquorilactobacillus vini	Microbe				local_kg_llm_extracted
MESH:C036260	1-hexanol	Metabolite				local_kg_llm_extracted
MESH:C019475	2-methylbutanoic acid	Metabolite				local_kg_llm_extracted
NCBITaxon:118562	Limnospira platensis	Microbe				local_kg_llm_extracted
NCBITaxon:2767846	Lactiplantibacillus sp.	Microbe				local_kg_llm_extracted
MESH:D011658	Pulmonary Fibrosis	Disease				local_kg_llm_extracted
MESH:D055948	Sarcopenia	Disease				local_kg_llm_extracted
MESH:D007288	Inosine	Metabolite				local_kg_llm_extracted
NCBITaxon:78120	Succinispira mobilis	Microbe				local_kg_llm_extracted
NCBITaxon:44008	Enterococcus cecorum	Microbe				local_kg_llm_extracted
MESH:D000119	Acetylmuramyl-Alanyl-Isoglutamine	Metabolite				local_kg_llm_extracted
MESH:D011710	Pyocyanine	Metabolite				local_kg_llm_extracted
NCBITaxon:137591	Weissella cibaria	Microbe				local_kg_llm_extracted
MESH:C016517	indole-3-carbinol	Metabolite				local_kg_llm_extracted
MESH:C015950	indoleacetamide	Metabolite				local_kg_llm_extracted
MESH:C045951	tungstate	Metabolite				local_kg_llm_extracted
MESH:D001997	Bronchopulmonary Dysplasia	Disease				local_kg_llm_extracted
MESH:D008171	Lung Diseases	Disease				local_kg_llm_extracted
MESH:D017382	Reactive Oxygen Species	Metabolite				local_kg_llm_extracted
NCBITaxon:1481960	Peptoclostridium	Microbe				local_kg_llm_extracted
NCBITaxon:4909	Pichia kudriavzevii	Microbe				local_kg_llm_extracted
MESH:D008108	Liver Diseases Alcoholic	Disease				local_kg_llm_extracted
MESH:D001145	Arrhythmias Cardiac	Disease				local_kg_llm_extracted
MESH:D008095	Lithocholic Acid	Metabolite				local_kg_llm_extracted
MESH:D006017	Glycolipids	Metabolite				local_kg_llm_extracted
NCBITaxon:881	Nitratidesulfovibrio vulgaris	Microbe				local_kg_llm_extracted
MESH:D010833	Phytic Acid	Metabolite				local_kg_llm_extracted
NCBITaxon:1229621	Anaerostipes rhamnosivorans	Microbe				local_kg_llm_extracted
MESH:C028025	protoporphyrin IX	Metabolite				local_kg_llm_extracted
MESH:D019826	Cholic Acid	Metabolite				local_kg_llm_extracted
MESH:D015427	Reperfusion Injury	Disease				local_kg_llm_extracted
LFS:FOOD:food_emulsifier	food emulsifier	Food				local_kg_llm_extracted
NCBITaxon:653683	Anaerosporobacter	Microbe				local_kg_llm_extracted
NCBITaxon:568	Hafnia	Microbe				local_kg_llm_extracted
MESH:D013831	Thiamine	Metabolite				local_kg_llm_extracted
MESH:D011736	Pyridoxine	Metabolite				local_kg_llm_extracted
MESH:C030820	tryptamine	Metabolite				local_kg_llm_extracted
MESH:D007077	Ileal Diseases	Disease				local_kg_llm_extracted
NCBITaxon:2100821	Lacticaseibacillus chiayiensis	Microbe				local_kg_llm_extracted
MESH:D008031	Lignin	Metabolite				local_kg_llm_extracted
NCBITaxon:553	Pantoea ananatis	Microbe				local_kg_llm_extracted
NCBITaxon:28214	Sphingomonas sp.	Microbe				local_kg_llm_extracted
MESH:D002482	Cellulose	Metabolite				local_kg_llm_extracted
NCBITaxon:362520	Chitinilyticum aquatile	Microbe				local_kg_llm_extracted
MESH:C116580	fructooligosaccharide	Metabolite				local_kg_llm_extracted
MESH:C008494	N-methylserotonin	Metabolite				local_kg_llm_extracted
MESH:D010368	Pectins	Metabolite				local_kg_llm_extracted
MESH:D000740	Anemia	Disease				local_kg_llm_extracted
MESH:D005643	Fucose	Metabolite				local_kg_llm_extracted
MESH:D013213	Starch	Metabolite				local_kg_llm_extracted
NCBITaxon:301854	Aspergillus ibericus	Microbe				local_kg_llm_extracted
MESH:C085118	arabinoxylan	Metabolite				local_kg_llm_extracted
MESH:C009358	sulfoquinovose	Metabolite				local_kg_llm_extracted
MESH:D010429	Pentoses	Metabolite				local_kg_llm_extracted
MESH:D008351	Mannans	Metabolite				local_kg_llm_extracted
NCBITaxon:58172	Paenibacillus sp.	Microbe				local_kg_llm_extracted
MESH:D005630	Fructans	Metabolite				local_kg_llm_extracted
MESH:D013395	Sucrose	Metabolite				local_kg_llm_extracted
MESH:C072599	levan	Metabolite				local_kg_llm_extracted
MESH:C030544	formic acid	Metabolite				local_kg_llm_extracted
MESH:D005632	Fructose	Metabolite				local_kg_llm_extracted
MESH:C042492	rhamnogalacturonan II	Metabolite				local_kg_llm_extracted
MESH:D000073893	Sugars	Metabolite				local_kg_llm_extracted
MESH:D000468	Alkalies	Metabolite				local_kg_llm_extracted
MESH:D052016	Mucositis	Disease				local_kg_llm_extracted
MESH:D019289	Pyruvic Acid	Metabolite				local_kg_llm_extracted
MESH:D055113	Chronic Periodontitis	Disease				local_kg_llm_extracted
MESH:D000079	Acetaldehyde	Metabolite				local_kg_llm_extracted
MESH:D061065	Polyketides	Metabolite				local_kg_llm_extracted
MESH:C555906	mutanobactin A	Metabolite				local_kg_llm_extracted
MESH:D013438	Sulfhydryl Compounds	Metabolite				local_kg_llm_extracted
MESH:D013634	Tannins	Metabolite				local_kg_llm_extracted
MESH:D001663	Bilirubin	Metabolite				local_kg_llm_extracted
NCBITaxon:359407	Methylotenera	Microbe				local_kg_llm_extracted
MESH:D004051	Diethylhexyl Phthalate	Metabolite				local_kg_llm_extracted
NCBITaxon:659243	Bacillus siamensis	Microbe				local_kg_llm_extracted
MESH:D015715	Corneal Edema	Disease				local_kg_llm_extracted
LFS:FOOD:dairy_product	dairy product	Food				local_kg_llm_extracted
NCBITaxon:1971397	Roseateles sp.	Microbe				local_kg_llm_extracted
MESH:D002686	Chitin	Metabolite				local_kg_llm_extracted
MESH:D005978	Glutathione	Metabolite				local_kg_llm_extracted
NCBITaxon:361050	Rubritalea	Microbe				local_kg_llm_extracted
MESH:109730	109730	Disease				local_kg_llm_extracted
MESH:D005707	Gallic Acid	Metabolite				local_kg_llm_extracted
MESH:D001424	Bacterial Infections	Disease				local_kg_llm_extracted
MESH:C043377	acetochlor	Metabolite				local_kg_llm_extracted
NCBITaxon:238749	Diaphorobacter	Microbe				local_kg_llm_extracted
