subject	predicate	object	source_type	evidence_tier	pmids	years	support_count	confidence	polarity	last_updated
NCBITaxon:100175	increases_abundance_in	MESH:D016776	curated	A	27147260	2016	1	1.0		2026-10-10
NCBITaxon:100176	decreases_abundance_in	MESH:D015658	curated	A	28362071	2017	1	1.0		2026-10-10
NCBITaxon:100176	increases_abundance_in	MESH:D010300	curated	A	28429209	2017	1	1.0		2026-10-10
NCBITaxon:1003367	decreases_abundance_in	MESH:D015658	curated	A	28362071	2017	2	1.0		2026-10-10
NCBITaxon:1003372	decreases_abundance_in	MESH:D015658	curated	A	28362071	2017	1	1.0		2026-10-10
NCBITaxon:100883	decreases_abundance_in	MESH:D000368	curated	A	19703328	2010	1	1.0		2026-10-10
NCBITaxon:100883	decreases_abundance_in	MESH:D000894	curated	A	19703328	2010	1	1.0		2026-10-10
NCBITaxon:100883	decreases_abundance_in	MESH:D009765	curated	A	29214176	2017	1	1.0		2026-10-10
NCBITaxon:100883	increases_abundance_in	MESH:D005221	curated	A	28083922	2017	1	1.0		2026-10-10
NCBITaxon:100883	increases_abundance_in	MESH:D010518	curated	A	35732628	2022	1	1.0		2026-10-10
NCBITaxon:1016	decreases_abundance_in	MESH:D003731	curated	A	35686590	2022	1	1.0		2026-10-10
NCBITaxon:1016	decreases_abundance_in	MESH:D003863	curated	A	36946910	2023	1	1.0		2026-10-10
NCBITaxon:1016	decreases_abundance_in	MESH:D006232	curated	A	39574007	2024	1	1.0		2026-10-10
NCBITaxon:1016	decreases_abundance_in	MESH:D010510	curated	A	37698410	2023	1	1.0		2026-10-10
NCBITaxon:1016	increases_abundance_in	MESH:D000077195	curated	A	36445134	2022	1	1.0		2026-10-10
NCBITaxon:1016	increases_abundance_in	MESH:D000077277	curated	A	36222897	2022	1	1.0		2026-10-10
NCBITaxon:1016	increases_abundance_in	MESH:D003093	curated	A	29632427	2018	1	1.0		2026-10-10
NCBITaxon:1016	increases_abundance_in	MESH:D003876	curated	A	39523189	2024	1	1.0		2026-10-10
NCBITaxon:1016	increases_abundance_in	MESH:D008180	curated	A	36755319	2023	1	1.0		2026-10-10
NCBITaxon:1016	increases_abundance_in	MESH:D009062	curated	A	35433507	2022	1	1.0		2026-10-10
NCBITaxon:1016	increases_abundance_in	MESH:D009625	curated	A	41860897	2026	1	1.0		2026-10-10
NCBITaxon:1016	increases_abundance_in	MESH:D011565	curated	A	39117753	2024	1	1.0		2026-10-10
NCBITaxon:1016	increases_abundance_in	MESH:D018281	curated	A	36345047	2022	1	1.0		2026-10-10
NCBITaxon:1017	decreases_abundance_in	MESH:D003731	curated	A	35686590|37698410	2022|2023	2	1.0		2026-10-10
NCBITaxon:1017	increases_abundance_in	MESH:D009203	curated	A	39447641	2024	1	1.0		2026-10-10
NCBITaxon:1017280	decreases_abundance_in	MESH:D003424	curated	A	26789999	2016	1	1.0		2026-10-10
NCBITaxon:1018	decreases_abundance_in	MESH:D003731	curated	A	35686590	2022	1	1.0		2026-10-10
NCBITaxon:1018	increases_abundance_in	MESH:D003876	curated	A	39523189	2024	1	1.0		2026-10-10
NCBITaxon:1019	decreases_abundance_in	MESH:D003731	curated	A	35686590	2022	1	1.0		2026-10-10
NCBITaxon:1019	increases_abundance_in	MESH:D009203	curated	A	39447641	2024	1	1.0		2026-10-10
NCBITaxon:102106	decreases_abundance_in	MESH:D000894	curated	A	19703328	2010	1	1.0		2026-10-10
NCBITaxon:102106	decreases_abundance_in	MESH:D003093	curated	A	27604252	2018	1	1.0		2026-10-10
NCBITaxon:102106	decreases_abundance_in	MESH:D003731	curated	A	41654739	2026	2	1.0		2026-10-10
NCBITaxon:102106	decreases_abundance_in	MESH:D003863	curated	A	38763328	2024	1	1.0		2026-10-10
NCBITaxon:102106	decreases_abundance_in	MESH:D004485	curated	A	27812181	2018	1	1.0		2026-10-10
NCBITaxon:102106	decreases_abundance_in	MESH:D017963	curated	A	28402408	2017	1	1.0		2026-10-10
NCBITaxon:102106	increases_abundance_in	MESH:D000544	curated	A	38535538	2024	1	1.0		2026-10-10
NCBITaxon:102106	increases_abundance_in	MESH:D003924	curated	A	27151248|37025407	2018|2023	2	1.0		2026-10-10
NCBITaxon:102106	increases_abundance_in	MESH:D009765	curated	A	29214176	2017	1	1.0		2026-10-10
NCBITaxon:102148	increases_abundance_in	MESH:D005891	curated	A	38762482	2024	1	1.0		2026-10-10
NCBITaxon:102148	increases_abundance_in	MESH:D009203	curated	A	39447641	2024	1	1.0		2026-10-10
NCBITaxon:102148	increases_abundance_in	MESH:D009765	curated	A	41305578	2025	1	1.0		2026-10-10
NCBITaxon:102148	increases_abundance_in	MESH:D010510	curated	A	37698410	2023	4	1.0		2026-10-10
NCBITaxon:102148	increases_abundance_in	MESH:D065631	curated	A	39614169	2024	1	1.0		2026-10-10
NCBITaxon:102234	decreases_abundance_in	MESH:D017963	curated	A	28402408	2017	1	1.0		2026-10-10
NCBITaxon:103892	increases_abundance_in	MESH:D043183	curated	A	39243395	2024	1	1.0		2026-10-10
NCBITaxon:105335	decreases_abundance_in	MESH:D015658	curated	A	28362071	2017	1	1.0		2026-10-10
NCBITaxon:1055686	decreases_abundance_in	MESH:D003731	curated	A	41654739	2026	1	1.0		2026-10-10
NCBITaxon:1056807	increases_abundance_in	MESH:D005891	curated	A	38762482	2024	1	1.0		2026-10-10
NCBITaxon:105841	increases_abundance_in	MESH:D043183	curated	A	39243395	2024	1	1.0		2026-10-10
NCBITaxon:106588	decreases_abundance_in	MESH:D003424	curated	A	26789999	2016	1	1.0		2026-10-10
NCBITaxon:1071886	decreases_abundance_in	MESH:D010300	curated	A	35057536	2022	1	1.0		2026-10-10
NCBITaxon:1078480	decreases_abundance_in	MESH:D006973	curated	A	41923033	2026	1	1.0		2026-10-10
NCBITaxon:1078480	decreases_abundance_in	MESH:D010300	curated	A	35057536	2022	1	1.0		2026-10-10
NCBITaxon:1078480	decreases_abundance_in	MESH:D010510	curated	A	37698410	2023	4	1.0		2026-10-10
NCBITaxon:1078480	decreases_abundance_in	MESH:D010518	curated	A	41923033	2026	2	1.0		2026-10-10
NCBITaxon:1082930	decreases_abundance_in	MESH:D012516	curated	A	39055977	2024	1	1.0		2026-10-10
NCBITaxon:109326	decreases_abundance_in	MESH:D043183	curated	A	21741921	2011	1	1.0		2026-10-10
NCBITaxon:109328	increases_abundance_in	MESH:D005891	curated	A	38762482	2024	1	1.0		2026-10-10
NCBITaxon:1099853	decreases_abundance_in	MESH:D000690	curated	A	33135936	2021	1	1.0		2026-10-10
NCBITaxon:110932	decreases_abundance_in	MESH:D003731	curated	A	39661115	2024	1	1.0		2026-10-10
NCBITaxon:1110546	increases_abundance_in	MESH:D054328	curated	A	38050061	2024	1	1.0		2026-10-10
NCBITaxon:111099	decreases_abundance_in	MESH:D018256	curated	A	36703031	2023	1	1.0		2026-10-10
NCBITaxon:1117	decreases_abundance_in	MESH:D003928	curated	A	38346799	2024	1	1.0		2026-10-10
NCBITaxon:1117	decreases_abundance_in	MESH:D008795	curated	A	35311555	2022	1	1.0		2026-10-10
NCBITaxon:1117	increases_abundance_in	MESH:C563924	curated	A	27194068	2016	1	1.0		2026-10-10
NCBITaxon:1117	increases_abundance_in	MESH:D000667	curated	A	35311555	2022	1	1.0		2026-10-10
NCBITaxon:1117	increases_abundance_in	MESH:D003863	curated	A	29697017	2019	1	1.0		2026-10-10
NCBITaxon:1117	increases_abundance_in	MESH:D003924	curated	A	39257903	2024	1	1.0		2026-10-10
NCBITaxon:1117	increases_abundance_in	MESH:D009203	curated	A	40253360	2025	1	1.0		2026-10-10
NCBITaxon:1117	increases_abundance_in	MESH:D009369	curated	A	27384052	2016	1	1.0		2026-10-10
NCBITaxon:1117	increases_abundance_in	MESH:D013964	curated	A	36034695	2022	1	1.0		2026-10-10
NCBITaxon:1117	increases_abundance_in	MESH:D015179	curated	A	22622349	2012	1	1.0		2026-10-10
NCBITaxon:1117	increases_abundance_in	MESH:D015671	curated	A	30284469	2018	1	1.0		2026-10-10
NCBITaxon:1117	increases_abundance_in	MESH:D018281	curated	A	36345047	2022	1	1.0		2026-10-10
NCBITaxon:1129771	decreases_abundance_in	MESH:D006232	curated	A	39574007	2024	1	1.0		2026-10-10
NCBITaxon:1129771	increases_abundance_in	MESH:D000077277	curated	A	36222897	2022	1	1.0		2026-10-10
NCBITaxon:1129771	increases_abundance_in	MESH:D008694	curated	A	38112416	2023	1	1.0		2026-10-10
NCBITaxon:1129771	increases_abundance_in	MESH:D010518	curated	A	35732628	2022	1	1.0		2026-10-10
NCBITaxon:113107	decreases_abundance_in	MESH:D009765	curated	A	41305578	2025	1	1.0		2026-10-10
NCBITaxon:113107	decreases_abundance_in	MESH:D010510	curated	A	37698410	2023	5	1.0		2026-10-10
NCBITaxon:113286	increases_abundance_in	MESH:D003731	curated	A	41534871	2026	1	1.0		2026-10-10
NCBITaxon:113286	increases_abundance_in	MESH:D010518	curated	A	41534871	2026	1	1.0		2026-10-10
NCBITaxon:113287	increases_abundance_in	MESH:D009765	curated	A	41305578	2025	1	1.0		2026-10-10
NCBITaxon:113287	increases_abundance_in	MESH:D010510	curated	A	37698410	2023	1	1.0		2026-10-10
NCBITaxon:1134687	increases_abundance_in	MESH:D054328	curated	A	38050061	2024	1	1.0		2026-10-10
NCBITaxon:114527	increases_abundance_in	MESH:D003731	curated	A	37698410	2023	1	1.0		2026-10-10
NCBITaxon:114527	increases_abundance_in	MESH:D010510	curated	A	37698410	2023	6	1.0		2026-10-10
NCBITaxon:114627	decreases_abundance_in	MESH:D000152	curated	A	29756631	2018	1	1.0		2026-10-10
NCBITaxon:114627	decreases_abundance_in	MESH:D017963	curated	A	28402408	2017	1	1.0		2026-10-10
NCBITaxon:114702	increases_abundance_in	MESH:D003731	curated	A	37698410	2023	1	1.0		2026-10-10
NCBITaxon:114702	increases_abundance_in	MESH:D010510	curated	A	37698410	2023	6	1.0		2026-10-10
NCBITaxon:1156432	increases_abundance_in	MESH:D006973	curated	A	41923033	2026	1	1.0		2026-10-10
NCBITaxon:116085	decreases_abundance_in	MESH:D025241	curated	A	37117227	2023	2	1.0		2026-10-10
NCBITaxon:116085	decreases_abundance_in	MESH:D043183	curated	A	39243395	2024	1	1.0		2026-10-10
NCBITaxon:1164882	decreases_abundance_in	MESH:D002532	curated	A	39415150	2024	1	1.0		2026-10-10
NCBITaxon:1164882	decreases_abundance_in	MESH:D003731	curated	A	39661115|41654739	2024|2026	2	1.0		2026-10-10
NCBITaxon:1164882	increases_abundance_in	MESH:D000077277	curated	A	36222897	2022	1	1.0		2026-10-10
NCBITaxon:1164882	increases_abundance_in	MESH:D008180	curated	A	36755319	2023	1	1.0		2026-10-10
NCBITaxon:117563	decreases_abundance_in	MESH:D000077195	curated	A	38589501	2024	1	1.0		2026-10-10
NCBITaxon:117563	decreases_abundance_in	MESH:D000152	curated	A	29756631	2018	1	1.0		2026-10-10
NCBITaxon:117563	decreases_abundance_in	MESH:D003865	curated	A	40718680	2025	1	1.0		2026-10-10
NCBITaxon:117563	decreases_abundance_in	MESH:D004485	curated	A	27812181	2018	1	1.0		2026-10-10
NCBITaxon:117563	decreases_abundance_in	MESH:D008180	curated	A	36755319	2023	1	1.0		2026-10-10
NCBITaxon:117563	decreases_abundance_in	MESH:D009967	curated	A	39709380	2024	1	1.0		2026-10-10
NCBITaxon:117563	decreases_abundance_in	MESH:D012516	curated	A	39055977	2024	2	1.0		2026-10-10
NCBITaxon:117563	decreases_abundance_in	MESH:D017963	curated	A	28402408	2017	1	1.0		2026-10-10
NCBITaxon:117563	decreases_abundance_in	MESH:D018792	curated	A	35157224	2022	1	1.0		2026-10-10
NCBITaxon:117563	increases_abundance_in	MESH:D000789	curated	A	31027508	2019	1	1.0		2026-10-10
NCBITaxon:117563	increases_abundance_in	MESH:D002971	curated	A	38807164	2024	1	1.0		2026-10-10
NCBITaxon:117563	increases_abundance_in	MESH:D003093	curated	A	29632427	2018	1	1.0		2026-10-10
NCBITaxon:117563	increases_abundance_in	MESH:D008694	curated	A	38112416	2023	1	1.0		2026-10-10
NCBITaxon:117563	increases_abundance_in	MESH:D009062	curated	A	35433507	2022	1	1.0		2026-10-10
NCBITaxon:117563	increases_abundance_in	MESH:D009203	curated	A	40253360	2025	1	1.0		2026-10-10
NCBITaxon:117563	increases_abundance_in	MESH:D018281	curated	A	36345047	2022	1	1.0		2026-10-10
NCBITaxon:117563	increases_abundance_in	MESH:D043183	curated	A	31681624	2019	1	1.0		2026-10-10
NCBITaxon:117563	increases_abundance_in	MESH:D051436	curated	A	35348181	2022	1	1.0		2026-10-10
NCBITaxon:117743	decreases_abundance_in	MESH:D003731	curated	A	35686590	2022	1	1.0		2026-10-10
NCBITaxon:117743	decreases_abundance_in	MESH:D003863	curated	A	36946910	2023	1	1.0		2026-10-10
NCBITaxon:117743	decreases_abundance_in	MESH:D010518	curated	A	35732628	2022	1	1.0		2026-10-10
NCBITaxon:117743	decreases_abundance_in	MESH:D019936	curated	A	26238090	2015	1	1.0		2026-10-10
NCBITaxon:117747	decreases_abundance_in	MESH:D019936	curated	A	26238090	2015	1	1.0		2026-10-10
NCBITaxon:1177574	increases_abundance_in	MESH:D010300	curated	A	35057536	2022	1	1.0		2026-10-10
NCBITaxon:1185407	decreases_abundance_in	MESH:D003928	curated	A	38346799	2024	1	1.0		2026-10-10
NCBITaxon:1185407	increases_abundance_in	MESH:D010518	curated	A	38062089	2023	1	1.0		2026-10-10
NCBITaxon:118747	decreases_abundance_in	MESH:D002532	curated	A	39415150	2024	1	1.0		2026-10-10
NCBITaxon:118747	decreases_abundance_in	MESH:D008010	curated	A	41419527	2025	1	1.0		2026-10-10
NCBITaxon:118747	decreases_abundance_in	MESH:D017963	curated	A	28402408	2017	1	1.0		2026-10-10
NCBITaxon:118747	increases_abundance_in	MESH:D009062	curated	A	35433507	2022	1	1.0		2026-10-10
NCBITaxon:118747	increases_abundance_in	MESH:D015658	curated	A	39090139	2024	1	1.0		2026-10-10
NCBITaxon:119045	decreases_abundance_in	MESH:D008103	curated	A	37483387	2023	1	1.0		2026-10-10
NCBITaxon:119060	decreases_abundance_in	MESH:D001172	curated	A	34721377	2021	1	1.0		2026-10-10
NCBITaxon:119060	decreases_abundance_in	MESH:D006232	curated	A	39574007	2024	1	1.0		2026-10-10
NCBITaxon:119060	decreases_abundance_in	MESH:D013964	curated	A	36034695	2022	1	1.0		2026-10-10
NCBITaxon:119060	decreases_abundance_in	MESH:D023921	curated	A	38111089	2024	1	1.0		2026-10-10
NCBITaxon:119852	decreases_abundance_in	MESH:D003093	curated	A	27604252	2018	1	1.0		2026-10-10
NCBITaxon:119852	decreases_abundance_in	MESH:D008687	curated	A	27999002	2017	1	1.0		2026-10-10
NCBITaxon:119852	decreases_abundance_in	MESH:D010661	curated	A	39599702	2024	1	1.0		2026-10-10
NCBITaxon:119852	decreases_abundance_in	MESH:D015658	curated	A	39090139	2024	1	1.0		2026-10-10
NCBITaxon:119852	decreases_abundance_in	MESH:D029801	curated	A	26890232	2016	1	1.0		2026-10-10
NCBITaxon:119852	increases_abundance_in	MESH:D010300	curated	A	28429209	2017	1	1.0		2026-10-10
NCBITaxon:119852	increases_abundance_in	MESH:D015179	curated	A	29687353	2018	1	1.0		2026-10-10
NCBITaxon:119852	increases_abundance_in	MESH:D016640	curated	A	39059479	2024	1	1.0		2026-10-10
NCBITaxon:1213720	decreases_abundance_in	MESH:D015658	curated	A	39090139	2024	1	1.0		2026-10-10
NCBITaxon:1213720	increases_abundance_in	MESH:D008180	curated	A	36755319	2023	1	1.0		2026-10-10
NCBITaxon:121428	increases_abundance_in	MESH:D000067877	curated	A	31026579	2019	1	1.0		2026-10-10
NCBITaxon:1224	decreases_abundance_in	MESH:D000077277	curated	A	36222897	2022	1	1.0		2026-10-10
NCBITaxon:1224	decreases_abundance_in	MESH:D002583	curated	A	39289617	2024	1	1.0		2026-10-10
NCBITaxon:1224	decreases_abundance_in	MESH:D003248	curated	A	29340896	2018	1	1.0		2026-10-10
NCBITaxon:1224	decreases_abundance_in	MESH:D003424	curated	A	35493739	2022	2	1.0		2026-10-10
NCBITaxon:1224	decreases_abundance_in	MESH:D003550	curated	A	31992345	2020	1	1.0		2026-10-10
NCBITaxon:1224	decreases_abundance_in	MESH:D003876	curated	A	22153774	2012	1	1.0		2026-10-10
NCBITaxon:1224	decreases_abundance_in	MESH:D004761	curated	A	30211217	2018	1	1.0		2026-10-10
NCBITaxon:1224	decreases_abundance_in	MESH:D008795	curated	A	35311555	2022	1	1.0		2026-10-10
NCBITaxon:1224	decreases_abundance_in	MESH:D010190	curated	A	39256134	2024	1	1.0		2026-10-10
NCBITaxon:1224	decreases_abundance_in	MESH:D010195	curated	A	30519748	2019	1	1.0		2026-10-10
NCBITaxon:1224	decreases_abundance_in	MESH:D012516	curated	A	39055977	2024	1	1.0		2026-10-10
NCBITaxon:1224	decreases_abundance_in	MESH:D014640	curated	A	35311555	2022	2	1.0		2026-10-10
NCBITaxon:1224	decreases_abundance_in	MESH:D016925	curated	A	38934644	2024	1	1.0		2026-10-10
NCBITaxon:1224	decreases_abundance_in	MESH:D018120	curated	A	32951160	2021	1	1.0		2026-10-10
NCBITaxon:1224	decreases_abundance_in	MESH:D019936	curated	A	26238090	2015	1	1.0		2026-10-10
NCBITaxon:1224	increases_abundance_in	MESH:C563924	curated	A	27194068	2016	1	1.0		2026-10-10
NCBITaxon:1224	increases_abundance_in	MESH:D000069279	curated	A	28970732	2017	1	1.0		2026-10-10
NCBITaxon:1224	increases_abundance_in	MESH:D000073932	curated	A	38926079	2024	1	1.0		2026-10-10
NCBITaxon:1224	increases_abundance_in	MESH:D000544	curated	A	29575030|30816709	2018|2019	2	1.0		2026-10-10
NCBITaxon:1224	increases_abundance_in	MESH:D000900	curated	A	33157256	2021	1	1.0		2026-10-10
NCBITaxon:1224	increases_abundance_in	MESH:D001007	curated	A	30824791	2019	1	1.0		2026-10-10
NCBITaxon:1224	increases_abundance_in	MESH:D002353	curated	A	25817005	2015	1	1.0		2026-10-10
NCBITaxon:1224	increases_abundance_in	MESH:D003015	curated	A	25817005|25824219	2015	2	1.0		2026-10-10
NCBITaxon:1224	increases_abundance_in	MESH:D003093	curated	A	22170749|29632427	2011|2018	2	1.0		2026-10-10
NCBITaxon:1224	increases_abundance_in	MESH:D003113	curated	A	27015015	2018	1	1.0		2026-10-10
NCBITaxon:1224	increases_abundance_in	MESH:D003424	curated	A	29632427	2018	1	1.0		2026-10-10
NCBITaxon:1224	increases_abundance_in	MESH:D003731	curated	A	39661115|41654739	2024|2026	3	1.0		2026-10-10
NCBITaxon:1224	increases_abundance_in	MESH:D003924	curated	A	37025407	2023	1	1.0		2026-10-10
NCBITaxon:1224	increases_abundance_in	MESH:D003928	curated	A	38346799	2024	1	1.0		2026-10-10
NCBITaxon:1224	increases_abundance_in	MESH:D009203	curated	A	40253360	2025	1	1.0		2026-10-10
NCBITaxon:1224	increases_abundance_in	MESH:D009369	curated	A	27384052	2016	1	1.0		2026-10-10
NCBITaxon:1224	increases_abundance_in	MESH:D009765	curated	A	29280312	2018	1	1.0		2026-10-10
NCBITaxon:1224	increases_abundance_in	MESH:D012149	curated	A	38763328	2024	1	1.0		2026-10-10
NCBITaxon:1224	increases_abundance_in	MESH:D015179	curated	A	22622349|28600626	2012|2017	2	1.0		2026-10-10
NCBITaxon:1224	increases_abundance_in	MESH:D015212	curated	A	23822920|38874761	2013|2024	2	1.0		2026-10-10
NCBITaxon:1224	increases_abundance_in	MESH:D016638	curated	A	27837233	2018	1	1.0		2026-10-10
NCBITaxon:1224	increases_abundance_in	MESH:D016925	curated	A	38934644	2024	1	1.0		2026-10-10
NCBITaxon:1224	increases_abundance_in	MESH:D017250	curated	A	23118957	2012	1	1.0		2026-10-10
NCBITaxon:1224	increases_abundance_in	MESH:D019283	curated	A	29409589	2018	1	1.0		2026-10-10
NCBITaxon:1224	increases_abundance_in	MESH:D020345	curated	A	21674011	2011	1	1.0		2026-10-10
NCBITaxon:1224	increases_abundance_in	MESH:D054328	curated	A	29105152	2018	1	1.0		2026-10-10
NCBITaxon:1224	increases_abundance_in	MESH:D059305	curated	A	33210367	2021	1	1.0		2026-10-10
NCBITaxon:1226341	increases_abundance_in	MESH:D009203	curated	A	39447641	2024	2	1.0		2026-10-10
NCBITaxon:123375	decreases_abundance_in	MESH:D002532	curated	A	39415150	2024	1	1.0		2026-10-10
NCBITaxon:123375	decreases_abundance_in	MESH:D003863	curated	A	38763328	2024	1	1.0		2026-10-10
NCBITaxon:123375	decreases_abundance_in	MESH:D003865	curated	A	40718680	2025	1	1.0		2026-10-10
NCBITaxon:123375	decreases_abundance_in	MESH:D008103	curated	A	37483387	2023	1	1.0		2026-10-10
NCBITaxon:123375	decreases_abundance_in	MESH:D012516	curated	A	39055977	2024	2	1.0		2026-10-10
NCBITaxon:123375	decreases_abundance_in	MESH:D015658	curated	A	28362071	2017	1	1.0		2026-10-10
NCBITaxon:123375	decreases_abundance_in	MESH:D051436	curated	A	35348181	2022	1	1.0		2026-10-10
NCBITaxon:123375	increases_abundance_in	MESH:D015658	curated	A	39090139	2024	1	1.0		2026-10-10
NCBITaxon:1236	decreases_abundance_in	MESH:D000077277	curated	A	36222897	2022	1	1.0		2026-10-10
NCBITaxon:1236	decreases_abundance_in	MESH:D002583	curated	A	39289617	2024	1	1.0		2026-10-10
NCBITaxon:1236	decreases_abundance_in	MESH:D019936	curated	A	26238090	2015	1	1.0		2026-10-10
NCBITaxon:1236	increases_abundance_in	MESH:D003093	curated	A	22170749	2011	1	1.0		2026-10-10
NCBITaxon:1236	increases_abundance_in	MESH:D003731	curated	A	39661115	2024	1	1.0		2026-10-10
NCBITaxon:1236	increases_abundance_in	MESH:D003924	curated	A	37025407	2023	1	1.0		2026-10-10
NCBITaxon:1236	increases_abundance_in	MESH:D003928	curated	A	38346799	2024	1	1.0		2026-10-10
NCBITaxon:1236	increases_abundance_in	MESH:D008103	curated	A	37483387	2023	1	1.0		2026-10-10
NCBITaxon:1236	increases_abundance_in	MESH:D012149	curated	A	38763328	2024	1	1.0		2026-10-10
NCBITaxon:1236	increases_abundance_in	MESH:D015390	curated	A	19164560	2009	1	1.0		2026-10-10
NCBITaxon:1236	increases_abundance_in	MESH:D020345	curated	A	26969089	2016	2	1.0		2026-10-10
NCBITaxon:1236	increases_abundance_in	MESH:D043183	curated	A	21741921	2011	1	1.0		2026-10-10
NCBITaxon:1239	decreases_abundance_in	MESH:C085278	curated	A	29787870	2018	1	1.0		2026-10-10
NCBITaxon:1239	decreases_abundance_in	MESH:C535244	curated	A	30211217	2018	1	1.0		2026-10-10
NCBITaxon:1239	decreases_abundance_in	MESH:C551158	curated	A	30211217	2018	1	1.0		2026-10-10
NCBITaxon:1239	decreases_abundance_in	MESH:D000856	curated	A	26428446	2015	1	1.0		2026-10-10
NCBITaxon:1239	decreases_abundance_in	MESH:D001289	curated	A	28863139	2017	1	1.0		2026-10-10
NCBITaxon:1239	decreases_abundance_in	MESH:D001943	curated	A	39470189	2024	1	1.0		2026-10-10
NCBITaxon:1239	decreases_abundance_in	MESH:D002353	curated	A	25817005	2015	1	1.0		2026-10-10
NCBITaxon:1239	decreases_abundance_in	MESH:D002446	curated	A	29458413	2018	1	1.0		2026-10-10
NCBITaxon:1239	decreases_abundance_in	MESH:D003015	curated	A	25817005	2015	1	1.0		2026-10-10
NCBITaxon:1239	decreases_abundance_in	MESH:D003092	curated	A	27443884	2016	1	1.0		2026-10-10
NCBITaxon:1239	decreases_abundance_in	MESH:D003093	curated	A	22170749	2011	1	1.0		2026-10-10
NCBITaxon:1239	decreases_abundance_in	MESH:D003113	curated	A	27015015	2018	1	1.0		2026-10-10
NCBITaxon:1239	decreases_abundance_in	MESH:D003248	curated	A	30785176	2019	1	1.0		2026-10-10
NCBITaxon:1239	decreases_abundance_in	MESH:D003424	curated	A	19235886|20848492	2009|2010	2	1.0		2026-10-10
NCBITaxon:1239	decreases_abundance_in	MESH:D003731	curated	A	37571254|39661115	2023|2024	3	1.0		2026-10-10
NCBITaxon:1239	decreases_abundance_in	MESH:D003924	curated	A	20140211	2010	1	1.0		2026-10-10
NCBITaxon:1239	decreases_abundance_in	MESH:D003967	curated	A	37231829	2023	1	1.0		2026-10-10
NCBITaxon:1239	decreases_abundance_in	MESH:D004761	curated	A	30211217	2018	1	1.0		2026-10-10
NCBITaxon:1239	decreases_abundance_in	MESH:D008103	curated	A	37483387	2023	1	1.0		2026-10-10
NCBITaxon:1239	decreases_abundance_in	MESH:D008180	curated	A	25271284	2014	1	1.0		2026-10-10
NCBITaxon:1239	decreases_abundance_in	MESH:D008795	curated	A	35311555	2022	1	1.0		2026-10-10
NCBITaxon:1239	decreases_abundance_in	MESH:D009062	curated	A	35433507	2022	1	1.0		2026-10-10
NCBITaxon:1239	decreases_abundance_in	MESH:D009369	curated	A	27384052	2016	1	1.0		2026-10-10
NCBITaxon:1239	decreases_abundance_in	MESH:D009447	curated	A	28074537	2017	1	1.0		2026-10-10
NCBITaxon:1239	decreases_abundance_in	MESH:D010530	curated	A	27640125	2018	1	1.0		2026-10-10
NCBITaxon:1239	decreases_abundance_in	MESH:D011565	curated	A	39117753	2024	1	1.0		2026-10-10
NCBITaxon:1239	decreases_abundance_in	MESH:D014640	curated	A	35311555	2022	1	1.0		2026-10-10
NCBITaxon:1239	decreases_abundance_in	MESH:D015179	curated	A	22622349|28600626	2012|2017	2	1.0		2026-10-10
NCBITaxon:1239	decreases_abundance_in	MESH:D015212	curated	A	38874761	2024	1	1.0		2026-10-10
NCBITaxon:1239	decreases_abundance_in	MESH:D015671	curated	A	30284469	2018	1	1.0		2026-10-10
NCBITaxon:1239	decreases_abundance_in	MESH:D016925	curated	A	38934644	2024	1	1.0		2026-10-10
NCBITaxon:1239	decreases_abundance_in	MESH:D019283	curated	A	29409589	2018	1	1.0		2026-10-10
NCBITaxon:1239	decreases_abundance_in	MESH:D020148	curated	A	27886121	2016	1	1.0		2026-10-10
NCBITaxon:1239	decreases_abundance_in	MESH:D020345	curated	A	21674011	2011	1	1.0		2026-10-10
NCBITaxon:1239	decreases_abundance_in	MESH:D029801	curated	A	26890232	2016	1	1.0		2026-10-10
NCBITaxon:1239	decreases_abundance_in	MESH:D050197	curated	A	26973703	2016	1	1.0		2026-10-10
NCBITaxon:1239	increases_abundance_in	MESH:C563924	curated	A	27194068	2016	1	1.0		2026-10-10
NCBITaxon:1239	increases_abundance_in	MESH:D000083023	curated	A	27863401	2016	1	1.0		2026-10-10
NCBITaxon:1239	increases_abundance_in	MESH:D003248	curated	A	29340896	2018	1	1.0		2026-10-10
NCBITaxon:1239	increases_abundance_in	MESH:D003550	curated	A	31992345	2020	1	1.0		2026-10-10
NCBITaxon:1239	increases_abundance_in	MESH:D003731	curated	A	35686590	2022	1	1.0		2026-10-10
NCBITaxon:1239	increases_abundance_in	MESH:D003863	curated	A	29697017	2019	1	1.0		2026-10-10
NCBITaxon:1239	increases_abundance_in	MESH:D003865	curated	A	27741466	2018	1	1.0		2026-10-10
NCBITaxon:1239	increases_abundance_in	MESH:D003924	curated	A	27396408|28782784|30569533|37025407	2016|2017|2019|2023	5	1.0		2026-10-10
NCBITaxon:1239	increases_abundance_in	MESH:D003928	curated	A	38346799	2024	1	1.0		2026-10-10
NCBITaxon:1239	increases_abundance_in	MESH:D004761	curated	A	30211217	2018	1	1.0		2026-10-10
NCBITaxon:1239	increases_abundance_in	MESH:D009765	curated	A	23804561|29787870	2014|2018	2	1.0		2026-10-10
NCBITaxon:1239	increases_abundance_in	MESH:D010190	curated	A	39256134	2024	1	1.0		2026-10-10
NCBITaxon:1239	increases_abundance_in	MESH:D015658	curated	A	27048741	2018	1	1.0		2026-10-10
NCBITaxon:1239	increases_abundance_in	MESH:D016640	curated	A	39059479	2024	1	1.0		2026-10-10
NCBITaxon:1239	increases_abundance_in	MESH:D018120	curated	A	32951160	2021	1	1.0		2026-10-10
NCBITaxon:1239	increases_abundance_in	MESH:D018281	curated	A	36345047	2022	1	1.0		2026-10-10
NCBITaxon:1239	increases_abundance_in	MESH:D019936	curated	A	26238090	2015	1	1.0		2026-10-10
NCBITaxon:1239	increases_abundance_in	MESH:D050197	curated	A	30021609	2018	1	1.0		2026-10-10
NCBITaxon:1239	increases_abundance_in	MESH:D054328	curated	A	29105152	2018	1	1.0		2026-10-10
NCBITaxon:1239	increases_abundance_in	MESH:D059305	curated	A	33210367|40866466	2021|2025	2	1.0		2026-10-10
NCBITaxon:1239	increases_abundance_in	MESH:D063766	curated	A	27450202	2018	1	1.0		2026-10-10
NCBITaxon:1239	increases_abundance_in	MESH:D065626	curated	A	23453736|30036479	2013|2018	2	1.0		2026-10-10
NCBITaxon:1243	decreases_abundance_in	MESH:D010518	curated	A	35732628	2022	1	1.0		2026-10-10
NCBITaxon:1243	increases_abundance_in	MESH:D015179	curated	A	22622349	2012	1	1.0		2026-10-10
NCBITaxon:1257	decreases_abundance_in	MESH:D008010	curated	A	41419527	2025	1	1.0		2026-10-10
NCBITaxon:1257	decreases_abundance_in	MESH:D008180	curated	A	36755319	2023	1	1.0		2026-10-10
NCBITaxon:1257	decreases_abundance_in	MESH:D010190	curated	A	39256134	2024	1	1.0		2026-10-10
NCBITaxon:1257	decreases_abundance_in	MESH:D017963	curated	A	28402408	2017	1	1.0		2026-10-10
NCBITaxon:1257	decreases_abundance_in	MESH:D018281	curated	A	36345047	2022	1	1.0		2026-10-10
NCBITaxon:1257	decreases_abundance_in	MESH:D051436	curated	A	35348181	2022	1	1.0		2026-10-10
NCBITaxon:1257	increases_abundance_in	MESH:D000077195	curated	A	38589501	2024	1	1.0		2026-10-10
NCBITaxon:1257	increases_abundance_in	MESH:D003093	curated	A	29632427	2018	1	1.0		2026-10-10
NCBITaxon:1257	increases_abundance_in	MESH:D003876	curated	A	39523189	2024	1	1.0		2026-10-10
NCBITaxon:1257	increases_abundance_in	MESH:D008694	curated	A	38112416	2023	1	1.0		2026-10-10
NCBITaxon:1257	increases_abundance_in	MESH:D009062	curated	A	35433507	2022	1	1.0		2026-10-10
NCBITaxon:1257	increases_abundance_in	MESH:D010518	curated	A	35732628	2022	1	1.0		2026-10-10
NCBITaxon:1257	increases_abundance_in	MESH:D015179	curated	A	26992426|28600626|29687353	2017|2018	3	1.0		2026-10-10
NCBITaxon:1257	increases_abundance_in	MESH:D019936	curated	A	26238090	2015	1	1.0		2026-10-10
NCBITaxon:1261	increases_abundance_in	MESH:C563365	curated	A	28341746	2018	1	1.0		2026-10-10
NCBITaxon:1263	decreases_abundance_in	MESH:D000152	curated	A	29756631	2018	1	1.0		2026-10-10
NCBITaxon:1263	decreases_abundance_in	MESH:D000368	curated	A	19703328	2010	1	1.0		2026-10-10
NCBITaxon:1263	decreases_abundance_in	MESH:D003863	curated	A	38763328	2024	1	1.0		2026-10-10
NCBITaxon:1263	decreases_abundance_in	MESH:D003967	curated	A	37231829	2023	1	1.0		2026-10-10
NCBITaxon:1263	decreases_abundance_in	MESH:D004485	curated	A	27812181	2018	1	1.0		2026-10-10
NCBITaxon:1263	decreases_abundance_in	MESH:D007669	curated	A	29353409	2018	1	1.0		2026-10-10
NCBITaxon:1263	decreases_abundance_in	MESH:D008795	curated	A	35311555	2022	1	1.0		2026-10-10
NCBITaxon:1263	decreases_abundance_in	MESH:D010300	curated	A	28536926	2017	1	1.0		2026-10-10
NCBITaxon:1263	decreases_abundance_in	MESH:D010505	curated	A	18725973	2008	2	1.0		2026-10-10
NCBITaxon:1263	decreases_abundance_in	MESH:D010661	curated	A	27336782	2018	1	1.0		2026-10-10
NCBITaxon:1263	decreases_abundance_in	MESH:D015658	curated	A	39090139	2024	1	1.0		2026-10-10
NCBITaxon:1263	decreases_abundance_in	MESH:D016638	curated	A	27837233	2018	1	1.0		2026-10-10
NCBITaxon:1263	increases_abundance_in	MESH:C563365	curated	A	28341746	2018	1	1.0		2026-10-10
NCBITaxon:1263	increases_abundance_in	MESH:D000856	curated	A	26428446	2015	1	1.0		2026-10-10
NCBITaxon:1263	increases_abundance_in	MESH:D003092	curated	A	29766049	2018	1	1.0		2026-10-10
NCBITaxon:1263	increases_abundance_in	MESH:D003424	curated	A	29335008	2018	1	1.0		2026-10-10
NCBITaxon:1263	increases_abundance_in	MESH:D003731	curated	A	39661115	2024	1	1.0		2026-10-10
NCBITaxon:1263	increases_abundance_in	MESH:D003924	curated	A	27151248|37025407	2018|2023	2	1.0		2026-10-10
NCBITaxon:1263	increases_abundance_in	MESH:D009103	curated	A	25775034	2015	1	1.0		2026-10-10
NCBITaxon:1263	increases_abundance_in	MESH:D015179	curated	A	26992426|28341746|29687353	2017|2018	3	1.0		2026-10-10
NCBITaxon:1263	increases_abundance_in	MESH:D015431	curated	A	33341454	2021	1	1.0		2026-10-10
NCBITaxon:1263	increases_abundance_in	MESH:D016640	curated	A	39059479	2024	1	1.0		2026-10-10
NCBITaxon:1263	increases_abundance_in	MESH:D016776	curated	A	27147260	2016	1	1.0		2026-10-10
NCBITaxon:1263052	increases_abundance_in	MESH:D004485	curated	A	27812181	2018	1	1.0		2026-10-10
NCBITaxon:1265	decreases_abundance_in	MESH:D000070642	curated	A	30546361	2018	1	1.0		2026-10-10
NCBITaxon:1265	decreases_abundance_in	MESH:D015658	curated	A	28362071	2017	3	1.0		2026-10-10
NCBITaxon:1268	increases_abundance_in	MESH:D003731	curated	A	35686590|41654739	2022|2026	2	1.0		2026-10-10
NCBITaxon:1268	increases_abundance_in	MESH:D003863	curated	A	36946910	2023	1	1.0		2026-10-10
NCBITaxon:1268	increases_abundance_in	MESH:D003924	curated	A	37025407	2023	1	1.0		2026-10-10
NCBITaxon:1268	increases_abundance_in	MESH:D009007	curated	A	37899472	2023	1	1.0		2026-10-10
NCBITaxon:1268	increases_abundance_in	MESH:D012891	curated	A	40995218	2025	1	1.0		2026-10-10
NCBITaxon:1279	decreases_abundance_in	MESH:D003731	curated	A	37571254	2023	1	1.0		2026-10-10
NCBITaxon:1279	decreases_abundance_in	MESH:D003922	curated	A	26068542	2015	2	1.0		2026-10-10
NCBITaxon:1279	decreases_abundance_in	MESH:D009062	curated	A	35433507	2022	1	1.0		2026-10-10
NCBITaxon:1279	decreases_abundance_in	MESH:D010518	curated	A	35732628	2022	1	1.0		2026-10-10
NCBITaxon:1279	decreases_abundance_in	MESH:D020345	curated	A	26787171	2016	1	1.0		2026-10-10
NCBITaxon:1279	increases_abundance_in	MESH:D003922	curated	A	26068542	2015	1	1.0		2026-10-10
NCBITaxon:1279	increases_abundance_in	MESH:D003929	curated	A	30358922	2018	1	1.0		2026-10-10
NCBITaxon:1279	increases_abundance_in	MESH:D015179	curated	A	28153960	2017	1	1.0		2026-10-10
NCBITaxon:1279	increases_abundance_in	MESH:D016638	curated	A	27837233	2018	1	1.0		2026-10-10
NCBITaxon:1280	decreases_abundance_in	MESH:D012859	curated	A	35603219	2022	1	1.0		2026-10-10
NCBITaxon:1280	increases_abundance_in	MESH:D059305	curated	A	40866466	2025	1	1.0		2026-10-10
NCBITaxon:1283313	decreases_abundance_in	MESH:D000077277	curated	A	36222897	2022	1	1.0		2026-10-10
NCBITaxon:1283313	decreases_abundance_in	MESH:D003424	curated	A	35493739	2022	1	1.0		2026-10-10
NCBITaxon:1283313	decreases_abundance_in	MESH:D003731	curated	A	37698410	2023	3	1.0		2026-10-10
NCBITaxon:1283313	decreases_abundance_in	MESH:D004761	curated	A	30211217	2018	1	1.0		2026-10-10
NCBITaxon:1283313	decreases_abundance_in	MESH:D008694	curated	A	38112416	2023	1	1.0		2026-10-10
NCBITaxon:1283313	decreases_abundance_in	MESH:D010510	curated	A	37698410	2023	4	1.0		2026-10-10
NCBITaxon:1283313	decreases_abundance_in	MESH:D013167	curated	A	30886835	2019	1	1.0		2026-10-10
NCBITaxon:1283313	decreases_abundance_in	MESH:D051436	curated	A	35348181	2022	1	1.0		2026-10-10
NCBITaxon:1283313	increases_abundance_in	MESH:C085278	curated	A	29787870	2018	1	1.0		2026-10-10
NCBITaxon:1283313	increases_abundance_in	MESH:D000077195	curated	A	36445134	2022	1	1.0		2026-10-10
NCBITaxon:1283313	increases_abundance_in	MESH:D002532	curated	A	39415150	2024	1	1.0		2026-10-10
NCBITaxon:1283313	increases_abundance_in	MESH:D003248	curated	A	30785176	2019	1	1.0		2026-10-10
NCBITaxon:1283313	increases_abundance_in	MESH:D007669	curated	A	29353409	2018	1	1.0		2026-10-10
NCBITaxon:1283313	increases_abundance_in	MESH:D008103	curated	A	37483387	2023	1	1.0		2026-10-10
NCBITaxon:1283313	increases_abundance_in	MESH:D008180	curated	A	36755319	2023	1	1.0		2026-10-10
NCBITaxon:1283313	increases_abundance_in	MESH:D010510	curated	A	37698410	2023	5	1.0		2026-10-10
NCBITaxon:1283313	increases_abundance_in	MESH:D011565	curated	A	39117753	2024	1	1.0		2026-10-10
NCBITaxon:1283313	increases_abundance_in	MESH:D012516	curated	A	39055977	2024	2	1.0		2026-10-10
NCBITaxon:1283313	increases_abundance_in	MESH:D013964	curated	A	36034695	2022	1	1.0		2026-10-10
NCBITaxon:1283313	increases_abundance_in	MESH:D015179	curated	A	28600626	2017	1	1.0		2026-10-10
NCBITaxon:1283313	increases_abundance_in	MESH:D015658	curated	A	39090139	2024	1	1.0		2026-10-10
NCBITaxon:1283313	increases_abundance_in	MESH:D016606	curated	A	36034695	2022	1	1.0		2026-10-10
NCBITaxon:1283313	increases_abundance_in	MESH:D018281	curated	A	36345047	2022	1	1.0		2026-10-10
NCBITaxon:1288121	decreases_abundance_in	MESH:D015658	curated	A	28362071	2017	2	1.0		2026-10-10
NCBITaxon:128827	decreases_abundance_in	MESH:D000073932	curated	A	38926079	2024	1	1.0		2026-10-10
NCBITaxon:128827	decreases_abundance_in	MESH:D000079424	curated	A	31326413	2019	2	1.0		2026-10-10
NCBITaxon:128827	decreases_abundance_in	MESH:D010661	curated	A	27336782	2018	1	1.0		2026-10-10
NCBITaxon:128827	decreases_abundance_in	MESH:D025241	curated	A	37117227	2023	1	1.0		2026-10-10
NCBITaxon:128827	decreases_abundance_in	MESH:D050197	curated	A	30021609	2018	1	1.0		2026-10-10
NCBITaxon:128827	increases_abundance_in	MESH:D000544	curated	A	29575030	2018	1	1.0		2026-10-10
NCBITaxon:128827	increases_abundance_in	MESH:D000900	curated	A	33157256	2021	1	1.0		2026-10-10
NCBITaxon:128827	increases_abundance_in	MESH:D003248	curated	A	29340896	2018	1	1.0		2026-10-10
NCBITaxon:128827	increases_abundance_in	MESH:D003924	curated	A	37025407	2023	1	1.0		2026-10-10
NCBITaxon:128827	increases_abundance_in	MESH:D005221	curated	A	28083922	2017	1	1.0		2026-10-10
NCBITaxon:128827	increases_abundance_in	MESH:D010518	curated	A	35732628	2022	2	1.0		2026-10-10
NCBITaxon:128827	increases_abundance_in	MESH:D015179	curated	A	29687353	2018	1	1.0		2026-10-10
NCBITaxon:12916	decreases_abundance_in	MESH:D019936	curated	A	26238090	2015	1	1.0		2026-10-10
NCBITaxon:12916	increases_abundance_in	MESH:D015179	curated	A	22622349	2012	1	1.0		2026-10-10
NCBITaxon:1296	increases_abundance_in	MESH:D059305	curated	A	40866466	2025	1	1.0		2026-10-10
NCBITaxon:1297	increases_abundance_in	MESH:D003731	curated	A	37571254	2023	1	1.0		2026-10-10
NCBITaxon:1300	decreases_abundance_in	MESH:D000856	curated	A	26428446	2015	1	1.0		2026-10-10
NCBITaxon:1300	decreases_abundance_in	MESH:D002583	curated	A	39289617	2024	1	1.0		2026-10-10
NCBITaxon:1300	decreases_abundance_in	MESH:D003731	curated	A	39661115	2024	1	1.0		2026-10-10
NCBITaxon:1300	decreases_abundance_in	MESH:D007003	curated	A	28806487	2017	1	1.0		2026-10-10
NCBITaxon:1300	decreases_abundance_in	MESH:D010518	curated	A	35732628	2022	1	1.0		2026-10-10
NCBITaxon:1300	decreases_abundance_in	MESH:D011565	curated	A	39117753	2024	1	1.0		2026-10-10
NCBITaxon:1300	decreases_abundance_in	MESH:D016776	curated	A	27147260	2016	1	1.0		2026-10-10
NCBITaxon:1300	increases_abundance_in	MESH:D003113	curated	A	27015015	2018	1	1.0		2026-10-10
NCBITaxon:1300	increases_abundance_in	MESH:D003731	curated	A	35686590|41654739	2022|2026	2	1.0		2026-10-10
NCBITaxon:1300	increases_abundance_in	MESH:D003924	curated	A	37025407	2023	2	1.0		2026-10-10
NCBITaxon:1300	increases_abundance_in	MESH:D009007	curated	A	37899472	2023	1	1.0		2026-10-10
NCBITaxon:1300	increases_abundance_in	MESH:D010661	curated	A	39599702	2024	2	1.0		2026-10-10
NCBITaxon:1300	increases_abundance_in	MESH:D015179	curated	A	28153960	2017	1	1.0		2026-10-10
NCBITaxon:1301	decreases_abundance_in	MESH:D000077195	curated	A	36445134|38589501	2022|2024	2	1.0		2026-10-10
NCBITaxon:1301	decreases_abundance_in	MESH:D002583	curated	A	39289617	2024	1	1.0		2026-10-10
NCBITaxon:1301	decreases_abundance_in	MESH:D003731	curated	A	39661115|41534871	2024|2026	3	1.0		2026-10-10
NCBITaxon:1301	decreases_abundance_in	MESH:D003922	curated	A	29733871	2018	1	1.0		2026-10-10
NCBITaxon:1301	decreases_abundance_in	MESH:D004485	curated	A	27812181	2018	1	1.0		2026-10-10
NCBITaxon:1301	decreases_abundance_in	MESH:D008180	curated	A	36755319	2023	1	1.0		2026-10-10
NCBITaxon:1301	decreases_abundance_in	MESH:D009062	curated	A	35433507|37542310	2022|2023	3	1.0		2026-10-10
NCBITaxon:1301	decreases_abundance_in	MESH:D009103	curated	A	38565581	2024	1	1.0		2026-10-10
NCBITaxon:1301	decreases_abundance_in	MESH:D009625	curated	A	41860897	2026	1	1.0		2026-10-10
NCBITaxon:1301	decreases_abundance_in	MESH:D010518	curated	A	35732628|41534871	2022|2026	2	1.0		2026-10-10
NCBITaxon:1301	decreases_abundance_in	MESH:D011565	curated	A	39117753	2024	1	1.0		2026-10-10
NCBITaxon:1301	decreases_abundance_in	MESH:D012149	curated	A	38763328	2024	1	1.0		2026-10-10
NCBITaxon:1301	decreases_abundance_in	MESH:D015179	curated	A	22622349	2012	1	1.0		2026-10-10
NCBITaxon:1301	decreases_abundance_in	MESH:D015658	curated	A	28362071	2017	1	1.0		2026-10-10
NCBITaxon:1301	decreases_abundance_in	MESH:D019693	curated	A	29969462	2018	1	1.0		2026-10-10
NCBITaxon:1301	increases_abundance_in	MESH:D000073600	curated	A	32199523	2020	1	1.0		2026-10-10
NCBITaxon:1301	increases_abundance_in	MESH:D000789	curated	A	31027508	2019	1	1.0		2026-10-10
NCBITaxon:1301	increases_abundance_in	MESH:D002532	curated	A	39415150	2024	1	1.0		2026-10-10
NCBITaxon:1301	increases_abundance_in	MESH:D003093	curated	A	27604252	2018	1	1.0		2026-10-10
NCBITaxon:1301	increases_abundance_in	MESH:D003248	curated	A	29340896	2018	1	1.0		2026-10-10
NCBITaxon:1301	increases_abundance_in	MESH:D003731	curated	A	35686590|37698410|39707459|41654739	2022|2023|2024|2026	6	1.0		2026-10-10
NCBITaxon:1301	increases_abundance_in	MESH:D003865	curated	A	27741466	2018	1	1.0		2026-10-10
NCBITaxon:1301	increases_abundance_in	MESH:D003924	curated	A	27151248|37025407	2018|2023	3	1.0		2026-10-10
NCBITaxon:1301	increases_abundance_in	MESH:D004415	curated	A	38031491	2024	1	1.0		2026-10-10
NCBITaxon:1301	increases_abundance_in	MESH:D009007	curated	A	37899472	2023	2	1.0		2026-10-10
NCBITaxon:1301	increases_abundance_in	MESH:D009062	curated	A	37542310|41534871	2023|2026	2	1.0		2026-10-10
NCBITaxon:1301	increases_abundance_in	MESH:D009203	curated	A	39447641|40253360	2024|2025	4	1.0		2026-10-10
NCBITaxon:1301	increases_abundance_in	MESH:D010190	curated	A	39256134	2024	2	1.0		2026-10-10
NCBITaxon:1301	increases_abundance_in	MESH:D010300	curated	A	28536926	2017	1	1.0		2026-10-10
NCBITaxon:1301	increases_abundance_in	MESH:D010510	curated	A	37698410	2023	1	1.0		2026-10-10
NCBITaxon:1301	increases_abundance_in	MESH:D010661	curated	A	39599702	2024	2	1.0		2026-10-10
NCBITaxon:1301	increases_abundance_in	MESH:D012149	curated	A	38763328	2024	2	1.0		2026-10-10
NCBITaxon:1301	increases_abundance_in	MESH:D012859	curated	A	38079342	2023	1	1.0		2026-10-10
NCBITaxon:1301	increases_abundance_in	MESH:D015179	curated	A	28153960	2017	1	1.0		2026-10-10
NCBITaxon:1301	increases_abundance_in	MESH:D018281	curated	A	36345047	2022	1	1.0		2026-10-10
NCBITaxon:1301	increases_abundance_in	MESH:D051436	curated	A	35348181	2022	1	1.0		2026-10-10
NCBITaxon:1301	increases_abundance_in	MESH:D054328	curated	A	29105152	2018	1	1.0		2026-10-10
NCBITaxon:1302	increases_abundance_in	MESH:D006635	curated	A	38050061	2024	1	1.0		2026-10-10
NCBITaxon:1302	increases_abundance_in	MESH:D009203	curated	A	39447641	2024	1	1.0		2026-10-10
NCBITaxon:1302	increases_abundance_in	MESH:D010510	curated	A	37698410	2023	1	1.0		2026-10-10
NCBITaxon:1302	increases_abundance_in	MESH:D043183	curated	A	39243395	2024	1	1.0		2026-10-10
NCBITaxon:1303	decreases_abundance_in	MESH:D009765	curated	A	41305578	2025	1	1.0		2026-10-10
NCBITaxon:1303	decreases_abundance_in	MESH:D010510	curated	A	37698410	2023	1	1.0		2026-10-10
NCBITaxon:1303	increases_abundance_in	MESH:D003731	curated	A	35686590	2022	1	1.0		2026-10-10
NCBITaxon:1304	decreases_abundance_in	MESH:D004485	curated	A	27812181	2018	1	1.0		2026-10-10
NCBITaxon:1304	decreases_abundance_in	MESH:D009765	curated	A	41305578	2025	1	1.0		2026-10-10
NCBITaxon:1304	decreases_abundance_in	MESH:D013274	curated	A	37980457	2023	1	1.0		2026-10-10
NCBITaxon:1304	increases_abundance_in	MESH:D003731	curated	A	35686590|37698410	2022|2023	4	1.0		2026-10-10
NCBITaxon:1304	increases_abundance_in	MESH:D009203	curated	A	39447641	2024	2	1.0		2026-10-10
NCBITaxon:1304	increases_abundance_in	MESH:D010510	curated	A	37698410	2023	5	1.0		2026-10-10
NCBITaxon:1305	decreases_abundance_in	MESH:D010300	curated	A	35057536	2022	1	1.0		2026-10-10
NCBITaxon:1305	decreases_abundance_in	MESH:D010510	curated	A	37698410	2023	2	1.0		2026-10-10
NCBITaxon:1305	decreases_abundance_in	MESH:D013274	curated	A	37980457	2023	1	1.0		2026-10-10
NCBITaxon:1305	increases_abundance_in	MESH:D003731	curated	A	35686590	2022	1	1.0		2026-10-10
NCBITaxon:1306	increases_abundance_in	MESH:D008180	curated	A	39511594	2024	1	1.0		2026-10-10
NCBITaxon:1308	increases_abundance_in	MESH:D003731	curated	A	37698410	2023	1	1.0		2026-10-10
NCBITaxon:1309	decreases_abundance_in	MESH:D003731	curated	A	39661115	2024	1	1.0		2026-10-10
NCBITaxon:1309	increases_abundance_in	MESH:D003731	curated	A	41654739	2026	1	1.0		2026-10-10
NCBITaxon:1309	increases_abundance_in	MESH:D006635	curated	A	38050061	2024	1	1.0		2026-10-10
NCBITaxon:1309	increases_abundance_in	MESH:D010510	curated	A	37698410	2023	1	1.0		2026-10-10
NCBITaxon:1309	increases_abundance_in	MESH:D054328	curated	A	38050061	2024	1	1.0		2026-10-10
NCBITaxon:1310	increases_abundance_in	MESH:D003731	curated	A	37698410	2023	1	1.0		2026-10-10
NCBITaxon:1310	increases_abundance_in	MESH:D010300	curated	A	35057536	2022	1	1.0		2026-10-10
NCBITaxon:1311	increases_abundance_in	MESH:D005891	curated	A	38762482	2024	1	1.0		2026-10-10
NCBITaxon:1313	increases_abundance_in	MESH:D002532	curated	A	39415150	2024	1	1.0		2026-10-10
NCBITaxon:1316593	decreases_abundance_in	MESH:D003731	curated	A	35686590	2022	1	1.0		2026-10-10
NCBITaxon:1316596	decreases_abundance_in	MESH:D003731	curated	A	35686590	2022	1	1.0		2026-10-10
NCBITaxon:1318	decreases_abundance_in	MESH:D065631	curated	A	39614169	2024	1	1.0		2026-10-10
NCBITaxon:1318	increases_abundance_in	MESH:D003731	curated	A	35686590|37698410	2022|2023	4	1.0		2026-10-10
NCBITaxon:1318	increases_abundance_in	MESH:D010510	curated	A	37698410	2023	6	1.0		2026-10-10
NCBITaxon:1322	decreases_abundance_in	MESH:D004403	curated	A	28767339	2018	1	1.0		2026-10-10
NCBITaxon:1322	increases_abundance_in	MESH:D043183	curated	A	39243395	2024	1	1.0		2026-10-10
NCBITaxon:1328	decreases_abundance_in	MESH:D003731	curated	A	39661115	2024	1	1.0		2026-10-10
NCBITaxon:1328	increases_abundance_in	MESH:D006635	curated	A	38050061	2024	1	1.0		2026-10-10
NCBITaxon:1328	increases_abundance_in	MESH:D009062	curated	A	37542310	2023	1	1.0		2026-10-10
NCBITaxon:1328	increases_abundance_in	MESH:D009203	curated	A	39447641	2024	1	1.0		2026-10-10
NCBITaxon:1328	increases_abundance_in	MESH:D010510	curated	A	37698410	2023	3	1.0		2026-10-10
NCBITaxon:132933	decreases_abundance_in	MESH:D010300	curated	A	35057536	2022	1	1.0		2026-10-10
NCBITaxon:1331051	increases_abundance_in	MESH:D009007	curated	A	37899472	2023	1	1.0		2026-10-10
NCBITaxon:1331051	increases_abundance_in	MESH:D009967	curated	A	39709380	2024	1	1.0		2026-10-10
NCBITaxon:1331051	increases_abundance_in	MESH:D012149	curated	A	38763328	2024	1	1.0		2026-10-10
NCBITaxon:1338	decreases_abundance_in	MESH:D010300	curated	A	35057536	2022	1	1.0		2026-10-10
NCBITaxon:1338	increases_abundance_in	MESH:D010510	curated	A	37698410	2023	3	1.0		2026-10-10
NCBITaxon:133925	decreases_abundance_in	MESH:D008103	curated	A	37483387	2023	1	1.0		2026-10-10
NCBITaxon:133925	decreases_abundance_in	MESH:D015658	curated	A	39090139	2024	1	1.0		2026-10-10
NCBITaxon:133925	increases_abundance_in	MESH:D003731	curated	A	37698410|41534871	2023|2026	2	1.0		2026-10-10
NCBITaxon:133925	increases_abundance_in	MESH:D010518	curated	A	35732628	2022	1	1.0		2026-10-10
NCBITaxon:133925	increases_abundance_in	MESH:D015658	curated	A	39090139	2024	1	1.0		2026-10-10
NCBITaxon:133925	increases_abundance_in	MESH:D023921	curated	A	38111089	2024	1	1.0		2026-10-10
NCBITaxon:133926	increases_abundance_in	MESH:D009765	curated	A	41305578	2025	1	1.0		2026-10-10
NCBITaxon:1343	increases_abundance_in	MESH:D010510	curated	A	37698410	2023	2	1.0		2026-10-10
NCBITaxon:1348911	decreases_abundance_in	MESH:D003093	curated	A	27604252	2018	1	1.0		2026-10-10
NCBITaxon:1348911	decreases_abundance_in	MESH:D015658	curated	A	39090139	2024	1	1.0		2026-10-10
NCBITaxon:1350	decreases_abundance_in	MESH:C563924	curated	A	27194068	2016	1	1.0		2026-10-10
NCBITaxon:1350	decreases_abundance_in	MESH:D001172	curated	A	34721377	2021	1	1.0		2026-10-10
NCBITaxon:1350	decreases_abundance_in	MESH:D010518	curated	A	35672331	2022	1	1.0		2026-10-10
NCBITaxon:1350	decreases_abundance_in	MESH:D015179	curated	A	28153960	2017	1	1.0		2026-10-10
NCBITaxon:1350	increases_abundance_in	MESH:D000067011	curated	A	31959047	2020	1	1.0		2026-10-10
NCBITaxon:1350	increases_abundance_in	MESH:D003015	curated	A	39294333	2024	1	1.0		2026-10-10
NCBITaxon:1350	increases_abundance_in	MESH:D003093	curated	A	17897884	2008	2	1.0		2026-10-10
NCBITaxon:1350	increases_abundance_in	MESH:D003424	curated	A	17897884|23276768	2008|2013	3	1.0		2026-10-10
NCBITaxon:1350	increases_abundance_in	MESH:D003731	curated	A	39661115	2024	1	1.0		2026-10-10
NCBITaxon:1350	increases_abundance_in	MESH:D004403	curated	A	28767339	2018	1	1.0		2026-10-10
NCBITaxon:1350	increases_abundance_in	MESH:D006980	curated	A	24969306	2014	1	1.0		2026-10-10
NCBITaxon:1350	increases_abundance_in	MESH:D008103	curated	A	22484797	2012	1	1.0		2026-10-10
NCBITaxon:1350	increases_abundance_in	MESH:D009765	curated	A	29214176	2017	1	1.0		2026-10-10
NCBITaxon:1350	increases_abundance_in	MESH:D010195	curated	A	30519748	2019	2	1.0		2026-10-10
NCBITaxon:1350	increases_abundance_in	MESH:D010300	curated	A	28536926	2017	1	1.0		2026-10-10
NCBITaxon:1350	increases_abundance_in	MESH:D011695	curated	A	29525681	2018	1	1.0		2026-10-10
NCBITaxon:1350	increases_abundance_in	MESH:D015209	curated	A	27207975	2016	1	1.0		2026-10-10
NCBITaxon:1350	increases_abundance_in	MESH:D016638	curated	A	27837233	2018	1	1.0		2026-10-10
NCBITaxon:1350	increases_abundance_in	MESH:D018792	curated	A	35157224	2022	1	1.0		2026-10-10
NCBITaxon:1350	increases_abundance_in	MESH:D019936	curated	A	26238090	2015	1	1.0		2026-10-10
NCBITaxon:135079	increases_abundance_in	MESH:D003731	curated	A	37698410	2023	1	1.0		2026-10-10
NCBITaxon:135079	increases_abundance_in	MESH:D010510	curated	A	37698410	2023	1	1.0		2026-10-10
NCBITaxon:135083	decreases_abundance_in	MESH:D010300	curated	A	35057536	2022	1	1.0		2026-10-10
NCBITaxon:135083	increases_abundance_in	MESH:D003876	curated	A	39523189	2024	1	1.0		2026-10-10
NCBITaxon:1351	increases_abundance_in	MESH:D003924	curated	A	25327485	2015	1	1.0		2026-10-10
NCBITaxon:1351	increases_abundance_in	MESH:D019694	curated	A	21286703	2011	1	1.0		2026-10-10
NCBITaxon:1351	increases_abundance_in	MESH:D054328	curated	A	38050061	2024	1	1.0		2026-10-10
NCBITaxon:1351	increases_abundance_in	MESH:D058345	curated	A	21286703	2011	1	1.0		2026-10-10
NCBITaxon:1352	decreases_abundance_in	MESH:D010518	curated	A	35672331	2022	1	1.0		2026-10-10
NCBITaxon:1352	increases_abundance_in	MESH:D003731	curated	A	39661115	2024	1	1.0		2026-10-10
NCBITaxon:1352	increases_abundance_in	MESH:D006635	curated	A	38050061	2024	1	1.0		2026-10-10
NCBITaxon:135614	decreases_abundance_in	MESH:D010518	curated	A	38062089	2023	1	1.0		2026-10-10
NCBITaxon:135615	decreases_abundance_in	MESH:D006232	curated	A	39574007	2024	1	1.0		2026-10-10
NCBITaxon:135615	decreases_abundance_in	MESH:D012893	curated	A	36946910	2023	1	1.0		2026-10-10
NCBITaxon:135621	decreases_abundance_in	MESH:D003731	curated	A	35686590	2022	1	1.0		2026-10-10
NCBITaxon:135621	increases_abundance_in	MESH:D002583	curated	A	39289617	2024	2	1.0		2026-10-10
NCBITaxon:135621	increases_abundance_in	MESH:D009369	curated	A	27384052	2016	1	1.0		2026-10-10
NCBITaxon:135622	decreases_abundance_in	MESH:D010518	curated	A	35732628	2022	1	1.0		2026-10-10
NCBITaxon:135623	decreases_abundance_in	MESH:D010518	curated	A	35732628	2022	1	1.0		2026-10-10
NCBITaxon:135624	increases_abundance_in	MESH:D009355	curated	A	35311555	2022	1	1.0		2026-10-10
NCBITaxon:135624	increases_abundance_in	MESH:D025241	curated	A	37117227	2023	1	1.0		2026-10-10
NCBITaxon:135625	decreases_abundance_in	MESH:D000077277	curated	A	36222897	2022	1	1.0		2026-10-10
NCBITaxon:135625	decreases_abundance_in	MESH:D002583	curated	A	39289617	2024	1	1.0		2026-10-10
NCBITaxon:135625	decreases_abundance_in	MESH:D003922	curated	A	27231166	2016	1	1.0		2026-10-10
NCBITaxon:135625	decreases_abundance_in	MESH:D010518	curated	A	35732628	2022	1	1.0		2026-10-10
NCBITaxon:135625	increases_abundance_in	MESH:D008103	curated	A	37483387	2023	1	1.0		2026-10-10
NCBITaxon:135625	increases_abundance_in	MESH:D012149	curated	A	38763328	2024	1	1.0		2026-10-10
NCBITaxon:1357	decreases_abundance_in	MESH:D000152	curated	A	29756631	2018	1	1.0		2026-10-10
NCBITaxon:1357	decreases_abundance_in	MESH:D015179	curated	A	28600626	2017	1	1.0		2026-10-10
NCBITaxon:1357	increases_abundance_in	MESH:C563924	curated	A	27194068	2016	1	1.0		2026-10-10
NCBITaxon:1357	increases_abundance_in	MESH:D000073600	curated	A	32199523	2020	1	1.0		2026-10-10
NCBITaxon:1357	increases_abundance_in	MESH:D015179	curated	A	22622349	2012	1	1.0		2026-10-10
NCBITaxon:1357	increases_abundance_in	MESH:D016640	curated	A	39059479	2024	1	1.0		2026-10-10
NCBITaxon:1358	increases_abundance_in	MESH:D009062	curated	A	37542310	2023	1	1.0		2026-10-10
NCBITaxon:1358	increases_abundance_in	MESH:D065631	curated	A	39614169	2024	1	1.0		2026-10-10
NCBITaxon:135858	decreases_abundance_in	MESH:D000069983	curated	A	27973989	2017	1	1.0		2026-10-10
NCBITaxon:135858	decreases_abundance_in	MESH:D003731	curated	A	41654739	2026	1	1.0		2026-10-10
NCBITaxon:135858	decreases_abundance_in	MESH:D004403	curated	A	28767339	2018	1	1.0		2026-10-10
NCBITaxon:135858	decreases_abundance_in	MESH:D017963	curated	A	28402408	2017	1	1.0		2026-10-10
NCBITaxon:135858	increases_abundance_in	MESH:D000544	curated	A	38535538	2024	1	1.0		2026-10-10
NCBITaxon:135858	increases_abundance_in	MESH:D015658	curated	A	39090139	2024	1	1.0		2026-10-10
NCBITaxon:136	decreases_abundance_in	MESH:D006232	curated	A	39574007	2024	1	1.0		2026-10-10
NCBITaxon:136	increases_abundance_in	MESH:D010518	curated	A	35732628|38062089	2022|2023	2	1.0		2026-10-10
NCBITaxon:136	increases_abundance_in	MESH:D016606	curated	A	36034695	2022	1	1.0		2026-10-10
NCBITaxon:13687	decreases_abundance_in	MESH:D019936	curated	A	26238090	2015	1	1.0		2026-10-10
NCBITaxon:13687	decreases_abundance_in	MESH:D051436	curated	A	35348181	2022	1	1.0		2026-10-10
NCBITaxon:13687	increases_abundance_in	MESH:D008180	curated	A	36755319	2023	1	1.0		2026-10-10
NCBITaxon:13689	increases_abundance_in	MESH:C046366	curated	A	32843357	2021	1	1.0		2026-10-10
NCBITaxon:137	decreases_abundance_in	MESH:D006232	curated	A	39574007	2024	1	1.0		2026-10-10
NCBITaxon:137	increases_abundance_in	MESH:D010518	curated	A	35732628	2022	1	1.0		2026-10-10
NCBITaxon:137	increases_abundance_in	MESH:D016606	curated	A	36034695	2022	1	1.0		2026-10-10
NCBITaxon:1375	decreases_abundance_in	MESH:D000152	curated	A	29756631	2018	1	1.0		2026-10-10
NCBITaxon:1375	increases_abundance_in	MESH:D003248	curated	A	29340896	2018	1	1.0		2026-10-10
NCBITaxon:1375	increases_abundance_in	MESH:D003929	curated	A	30358922	2018	1	1.0		2026-10-10
NCBITaxon:137732	decreases_abundance_in	MESH:D003731	curated	A	37698410	2023	1	1.0		2026-10-10
NCBITaxon:137732	decreases_abundance_in	MESH:D010300	curated	A	35057536	2022	1	1.0		2026-10-10
NCBITaxon:137732	increases_abundance_in	MESH:D009062	curated	A	37542310	2023	1	1.0		2026-10-10
NCBITaxon:137732	increases_abundance_in	MESH:D043183	curated	A	39243395	2024	1	1.0		2026-10-10
NCBITaxon:1378	decreases_abundance_in	MESH:D000079424	curated	A	31326413	2019	1	1.0		2026-10-10
NCBITaxon:1378	decreases_abundance_in	MESH:D008180	curated	A	36755319	2023	1	1.0		2026-10-10
NCBITaxon:1378	decreases_abundance_in	MESH:D009625	curated	A	41860897	2026	1	1.0		2026-10-10
NCBITaxon:1378	decreases_abundance_in	MESH:D017963	curated	A	28402408	2017	1	1.0		2026-10-10
NCBITaxon:1378	increases_abundance_in	MESH:D000077277	curated	A	41081109	2025	1	1.0		2026-10-10
NCBITaxon:1378	increases_abundance_in	MESH:D002532	curated	A	39415150	2024	2	1.0		2026-10-10
NCBITaxon:1378	increases_abundance_in	MESH:D003731	curated	A	39661115	2024	1	1.0		2026-10-10
NCBITaxon:1378	increases_abundance_in	MESH:D004403	curated	A	28767339	2018	1	1.0		2026-10-10
NCBITaxon:1378	increases_abundance_in	MESH:D008694	curated	A	38112416	2023	1	1.0		2026-10-10
NCBITaxon:1378	increases_abundance_in	MESH:D009007	curated	A	37899472	2023	1	1.0		2026-10-10
NCBITaxon:1378	increases_abundance_in	MESH:D009062	curated	A	37542310	2023	1	1.0		2026-10-10
NCBITaxon:1378	increases_abundance_in	MESH:D010190	curated	A	39256134	2024	1	1.0		2026-10-10
NCBITaxon:1378	increases_abundance_in	MESH:D010518	curated	A	35732628	2022	1	1.0		2026-10-10
NCBITaxon:1378	increases_abundance_in	MESH:D012859	curated	A	38079342	2023	1	1.0		2026-10-10
NCBITaxon:1378	increases_abundance_in	MESH:D051436	curated	A	35348181	2022	1	1.0		2026-10-10
NCBITaxon:137838	increases_abundance_in	MESH:D001249	curated	A	27634868	2018	1	1.0		2026-10-10
NCBITaxon:1379	increases_abundance_in	MESH:D009203	curated	A	39447641	2024	1	1.0		2026-10-10
NCBITaxon:1379	increases_abundance_in	MESH:D043183	curated	A	39243395	2024	1	1.0		2026-10-10
NCBITaxon:138	decreases_abundance_in	MESH:D017963	curated	A	28402408	2017	1	1.0		2026-10-10
NCBITaxon:1380	decreases_abundance_in	MESH:D002532	curated	A	39415150	2024	2	1.0		2026-10-10
NCBITaxon:1380	decreases_abundance_in	MESH:D003093	curated	A	17897884	2008	2	1.0		2026-10-10
NCBITaxon:1380	decreases_abundance_in	MESH:D003424	curated	A	17897884	2008	2	1.0		2026-10-10
NCBITaxon:1380	increases_abundance_in	MESH:D000077277	curated	A	36222897	2022	1	1.0		2026-10-10
NCBITaxon:1380	increases_abundance_in	MESH:D003731	curated	A	37698410	2023	1	1.0		2026-10-10
NCBITaxon:1380	increases_abundance_in	MESH:D008180	curated	A	36755319	2023	1	1.0		2026-10-10
NCBITaxon:1380	increases_abundance_in	MESH:D010505	curated	A	18725973	2008	1	1.0		2026-10-10
NCBITaxon:1380	increases_abundance_in	MESH:D015179	curated	A	29687353	2018	1	1.0		2026-10-10
NCBITaxon:1380124	decreases_abundance_in	MESH:D009625	curated	A	41860897	2026	1	1.0		2026-10-10
NCBITaxon:1380124	increases_abundance_in	MESH:D003731	curated	A	41654739	2026	1	1.0		2026-10-10
NCBITaxon:1380124	increases_abundance_in	MESH:D009203	curated	A	40253360	2025	2	1.0		2026-10-10
NCBITaxon:1382	increases_abundance_in	MESH:D003731	curated	A	37698410	2023	1	1.0		2026-10-10
NCBITaxon:1382	increases_abundance_in	MESH:D009203	curated	A	39447641	2024	1	1.0		2026-10-10
NCBITaxon:1382	increases_abundance_in	MESH:D010510	curated	A	37698410	2023	5	1.0		2026-10-10
NCBITaxon:1382	increases_abundance_in	MESH:D016606	curated	A	36034695	2022	1	1.0		2026-10-10
NCBITaxon:1382	increases_abundance_in	MESH:D043183	curated	A	39243395	2024	1	1.0		2026-10-10
NCBITaxon:1383	increases_abundance_in	MESH:D003731	curated	A	37698410	2023	1	1.0		2026-10-10
NCBITaxon:1383	increases_abundance_in	MESH:D005891	curated	A	38762482	2024	1	1.0		2026-10-10
NCBITaxon:1383	increases_abundance_in	MESH:D010510	curated	A	37698410	2023	1	1.0		2026-10-10
NCBITaxon:1383	increases_abundance_in	MESH:D065631	curated	A	39614169	2024	1	1.0		2026-10-10
NCBITaxon:1384509	increases_abundance_in	MESH:D010300	curated	A	35057536	2022	1	1.0		2026-10-10
NCBITaxon:1385	decreases_abundance_in	MESH:D008103	curated	A	37483387	2023	1	1.0		2026-10-10
NCBITaxon:1385	increases_abundance_in	MESH:D010518	curated	A	35732628	2022	1	1.0		2026-10-10
NCBITaxon:138595	increases_abundance_in	MESH:D009765	curated	A	41305578	2025	1	1.0		2026-10-10
NCBITaxon:1386	decreases_abundance_in	MESH:C563924	curated	A	27194068	2016	1	1.0		2026-10-10
NCBITaxon:1386	decreases_abundance_in	MESH:D000152	curated	A	29756631	2018	1	1.0		2026-10-10
NCBITaxon:1386	decreases_abundance_in	MESH:D015179	curated	A	28600626	2017	1	1.0		2026-10-10
NCBITaxon:1386	decreases_abundance_in	MESH:D017963	curated	A	28402408	2017	1	1.0		2026-10-10
NCBITaxon:1386	increases_abundance_in	MESH:D000544	curated	A	38535538	2024	1	1.0		2026-10-10
NCBITaxon:1386	increases_abundance_in	MESH:D003093	curated	A	27604252	2018	1	1.0		2026-10-10
NCBITaxon:1386	increases_abundance_in	MESH:D009765	curated	A	29280312	2018	1	1.0		2026-10-10
NCBITaxon:1386	increases_abundance_in	MESH:D019936	curated	A	26238090	2015	1	1.0		2026-10-10
NCBITaxon:1392389	decreases_abundance_in	MESH:D003922	curated	A	27231166	2016	1	1.0		2026-10-10
NCBITaxon:1392389	decreases_abundance_in	MESH:D004443	curated	A	30555437	2018	1	1.0		2026-10-10
NCBITaxon:1392389	increases_abundance_in	MESH:D000544	curated	A	38535538	2024	1	1.0		2026-10-10
NCBITaxon:1392389	increases_abundance_in	MESH:D003093	curated	A	27604252	2018	1	1.0		2026-10-10
NCBITaxon:140458	increases_abundance_in	MESH:D009765	curated	A	27559357	2016	2	1.0		2026-10-10
NCBITaxon:140625	decreases_abundance_in	MESH:D003093	curated	A	29632427	2018	1	1.0		2026-10-10
NCBITaxon:140626	increases_abundance_in	MESH:D043183	curated	A	39243395	2024	1	1.0		2026-10-10
NCBITaxon:1407607	decreases_abundance_in	MESH:D000152	curated	A	29756631	2018	1	1.0		2026-10-10
NCBITaxon:1407607	decreases_abundance_in	MESH:D003865	curated	A	33421868	2021	1	1.0		2026-10-10
NCBITaxon:1407607	decreases_abundance_in	MESH:D007669	curated	A	29353409	2018	1	1.0		2026-10-10
NCBITaxon:1407607	decreases_abundance_in	MESH:D009203	curated	A	40253360	2025	1	1.0		2026-10-10
NCBITaxon:1407607	decreases_abundance_in	MESH:D015658	curated	A	39090139	2024	1	1.0		2026-10-10
NCBITaxon:1407607	increases_abundance_in	MESH:D003967	curated	A	37231829	2023	1	1.0		2026-10-10
NCBITaxon:1407607	increases_abundance_in	MESH:D018792	curated	A	35157224	2022	1	1.0		2026-10-10
NCBITaxon:1407607	increases_abundance_in	MESH:D023921	curated	A	38111089	2024	1	1.0		2026-10-10
NCBITaxon:1409	decreases_abundance_in	MESH:D015658	curated	A	28362071	2017	1	1.0		2026-10-10
NCBITaxon:1410626	decreases_abundance_in	MESH:D015658	curated	A	39090139	2024	1	1.0		2026-10-10
NCBITaxon:1423764	decreases_abundance_in	MESH:D000073932	curated	A	38926079	2024	1	1.0		2026-10-10
NCBITaxon:1432051	decreases_abundance_in	MESH:D003731	curated	A	41654739	2026	1	1.0		2026-10-10
NCBITaxon:1432051	increases_abundance_in	MESH:D004443	curated	A	30555437	2018	1	1.0		2026-10-10
NCBITaxon:1432056	decreases_abundance_in	MESH:D003731	curated	A	35686590	2022	1	1.0		2026-10-10
NCBITaxon:143361	increases_abundance_in	MESH:D003731	curated	A	37698410	2023	1	1.0		2026-10-10
NCBITaxon:143361	increases_abundance_in	MESH:D010510	curated	A	37698410	2023	6	1.0		2026-10-10
NCBITaxon:143361	increases_abundance_in	MESH:D010518	curated	A	37899378|41303313	2023|2025	2	1.0		2026-10-10
NCBITaxon:143393	decreases_abundance_in	MESH:D009765	curated	A	41305578	2025	1	1.0		2026-10-10
NCBITaxon:143393	decreases_abundance_in	MESH:D010300	curated	A	35057536	2022	1	1.0		2026-10-10
NCBITaxon:143393	increases_abundance_in	MESH:D000070642	curated	A	30546361	2018	1	1.0		2026-10-10
NCBITaxon:143393	increases_abundance_in	MESH:D010510	curated	A	37698410	2023	3	1.0		2026-10-10
NCBITaxon:1434006	decreases_abundance_in	MESH:D002532	curated	A	39415150	2024	1	1.0		2026-10-10
NCBITaxon:1434006	increases_abundance_in	MESH:D010510	curated	A	37698410	2023	7	1.0		2026-10-10
NCBITaxon:1434006	increases_abundance_in	MESH:D010518	curated	A	37899378|39581260|41534871|41923033	2023|2024|2026	5	1.0		2026-10-10
NCBITaxon:146918	increases_abundance_in	MESH:D009967	curated	A	39709380	2024	1	1.0		2026-10-10
NCBITaxon:146936	increases_abundance_in	MESH:D015179	curated	A	22622349	2012	1	1.0		2026-10-10
NCBITaxon:1470350	decreases_abundance_in	MESH:D010300	curated	A	28429209	2017	1	1.0		2026-10-10
NCBITaxon:1472649	increases_abundance_in	MESH:D015658	curated	A	39090139	2024	1	1.0		2026-10-10
NCBITaxon:147802	decreases_abundance_in	MESH:D011565	curated	A	39117753	2024	1	1.0		2026-10-10
NCBITaxon:1485	decreases_abundance_in	MESH:D000079424	curated	A	31326413	2019	1	1.0		2026-10-10
NCBITaxon:1485	decreases_abundance_in	MESH:D001120	curated	A	35579969	2022	1	1.0		2026-10-10
NCBITaxon:1485	decreases_abundance_in	MESH:D003093	curated	A	22170749	2011	1	1.0		2026-10-10
NCBITaxon:1485	decreases_abundance_in	MESH:D003424	curated	A	21253779	2011	2	1.0		2026-10-10
NCBITaxon:1485	decreases_abundance_in	MESH:D004485	curated	A	16601353	2006	1	1.0		2026-10-10
NCBITaxon:1485	decreases_abundance_in	MESH:D009203	curated	A	40253360	2025	1	1.0		2026-10-10
NCBITaxon:1485	decreases_abundance_in	MESH:D010518	curated	A	41053144	2025	1	1.0		2026-10-10
NCBITaxon:1485	decreases_abundance_in	MESH:D013315	curated	A	35613108	2022	1	1.0		2026-10-10
NCBITaxon:1485	decreases_abundance_in	MESH:D018256	curated	A	36703031	2023	1	1.0		2026-10-10
NCBITaxon:1485	decreases_abundance_in	MESH:D043183	curated	A	21330412	2011	1	1.0		2026-10-10
NCBITaxon:1485	increases_abundance_in	MESH:D000067877	curated	A	31026579	2019	1	1.0		2026-10-10
NCBITaxon:1485	increases_abundance_in	MESH:D003876	curated	A	39523189	2024	1	1.0		2026-10-10
NCBITaxon:1485	increases_abundance_in	MESH:D009369	curated	A	27384052	2016	1	1.0		2026-10-10
NCBITaxon:1485	increases_abundance_in	MESH:D009765	curated	A	27559357	2016	3	1.0		2026-10-10
NCBITaxon:1485	increases_abundance_in	MESH:D010518	curated	A	35732628	2022	1	1.0		2026-10-10
NCBITaxon:1485	increases_abundance_in	MESH:D010661	curated	A	39599702	2024	1	1.0		2026-10-10
NCBITaxon:1485	increases_abundance_in	MESH:D015179	curated	A	28153960|29687353	2017|2018	2	1.0		2026-10-10
NCBITaxon:1485	increases_abundance_in	MESH:D015518	curated	A	28178201	2017	1	1.0		2026-10-10
NCBITaxon:1485	increases_abundance_in	MESH:D029801	curated	A	26890232	2016	1	1.0		2026-10-10
NCBITaxon:1485	increases_abundance_in	MESH:D065626	curated	A	29948900	2018	1	1.0		2026-10-10
NCBITaxon:1496	decreases_abundance_in	MESH:D003015	curated	A	25824219	2015	1	1.0		2026-10-10
NCBITaxon:1496	increases_abundance_in	MESH:D003424	curated	A	20848492	2010	1	1.0		2026-10-10
NCBITaxon:149698	decreases_abundance_in	MESH:D008103	curated	A	37483387	2023	1	1.0		2026-10-10
NCBITaxon:149698	increases_abundance_in	MESH:D018792	curated	A	35157224	2022	1	1.0		2026-10-10
NCBITaxon:150022	increases_abundance_in	MESH:D001943	curated	A	39470189	2024	1	1.0		2026-10-10
NCBITaxon:150022	increases_abundance_in	MESH:D023241	curated	A	28118207	2017	1	1.0		2026-10-10
NCBITaxon:1501226	decreases_abundance_in	MESH:D009203	curated	A	40253360	2025	1	1.0		2026-10-10
NCBITaxon:1501226	decreases_abundance_in	MESH:D015658	curated	A	39090139	2024	1	1.0		2026-10-10
NCBITaxon:1501226	increases_abundance_in	MESH:C085278	curated	A	29787870	2018	1	1.0		2026-10-10
NCBITaxon:1501226	increases_abundance_in	MESH:D002583	curated	A	39289617	2024	1	1.0		2026-10-10
NCBITaxon:1501226	increases_abundance_in	MESH:D003924	curated	A	39257903	2024	1	1.0		2026-10-10
NCBITaxon:1501226	increases_abundance_in	MESH:D043183	curated	A	31681624	2019	1	1.0		2026-10-10
NCBITaxon:1501329	decreases_abundance_in	MESH:D009765	curated	A	41305578	2025	1	1.0		2026-10-10
NCBITaxon:1501329	decreases_abundance_in	MESH:D010842	curated	A	42102024	2026	1	1.0		2026-10-10
NCBITaxon:1501332	increases_abundance_in	MESH:D010300	curated	A	40420833	2025	1	1.0		2026-10-10
NCBITaxon:1502	increases_abundance_in	MESH:D003093	curated	A	27833384	2018	1	1.0		2026-10-10
NCBITaxon:1502	increases_abundance_in	MESH:D020345	curated	A	26787171	2016	1	1.0		2026-10-10
NCBITaxon:1502	increases_abundance_in	MESH:D054328	curated	A	38050061	2024	1	1.0		2026-10-10
NCBITaxon:1504	decreases_abundance_in	MESH:D003248	curated	A	29340896	2018	1	1.0		2026-10-10
NCBITaxon:1505652	decreases_abundance_in	MESH:D003248	curated	A	29340896	2018	1	1.0		2026-10-10
NCBITaxon:1505663	increases_abundance_in	MESH:D003248	curated	A	29340896	2018	1	1.0		2026-10-10
NCBITaxon:1505663	increases_abundance_in	MESH:D007669	curated	A	29353409	2018	1	1.0		2026-10-10
NCBITaxon:1506553	decreases_abundance_in	MESH:D003876	curated	A	42036885	2026	1	1.0		2026-10-10
NCBITaxon:1506553	increases_abundance_in	MESH:D003865	curated	A	33421868	2021	1	1.0		2026-10-10
NCBITaxon:1506553	increases_abundance_in	MESH:D003928	curated	A	38346799	2024	1	1.0		2026-10-10
NCBITaxon:1506553	increases_abundance_in	MESH:D003929	curated	A	30358922	2018	1	1.0		2026-10-10
NCBITaxon:1506553	increases_abundance_in	MESH:D004761	curated	A	30211217	2018	1	1.0		2026-10-10
NCBITaxon:1506553	increases_abundance_in	MESH:D043183	curated	A	31681624	2019	1	1.0		2026-10-10
NCBITaxon:1506577	decreases_abundance_in	MESH:D009203	curated	A	40253360	2025	1	1.0		2026-10-10
NCBITaxon:1506577	increases_abundance_in	MESH:D003863	curated	A	38763328	2024	1	1.0		2026-10-10
NCBITaxon:1508657	increases_abundance_in	MESH:D013514	curated	A	30680947	2019	1	1.0		2026-10-10
NCBITaxon:1508657	increases_abundance_in	MESH:D043183	curated	A	31681624	2019	1	1.0		2026-10-10
NCBITaxon:1512	increases_abundance_in	MESH:D043183	curated	A	39243395	2024	1	1.0		2026-10-10
NCBITaxon:1516129	decreases_abundance_in	MESH:D015658	curated	A	39090139	2024	1	1.0		2026-10-10
NCBITaxon:151781	increases_abundance_in	MESH:D014212	curated	A	36590585	2022	1	1.0		2026-10-10
NCBITaxon:1522	increases_abundance_in	MESH:D015658	curated	A	39090139	2024	1	1.0		2026-10-10
NCBITaxon:1531	increases_abundance_in	MESH:D043183	curated	A	39243395	2024	1	1.0		2026-10-10
NCBITaxon:1532	decreases_abundance_in	MESH:D003093	curated	A	17897884|26261163	2008|2015	2	1.0		2026-10-10
NCBITaxon:1532	decreases_abundance_in	MESH:D003424	curated	A	17897884	2008	1	1.0		2026-10-10
NCBITaxon:1532	decreases_abundance_in	MESH:D010300	curated	A	26539989	2015	1	1.0		2026-10-10
NCBITaxon:1535	decreases_abundance_in	MESH:D003093	curated	A	17897884|26261163	2008|2015	3	1.0		2026-10-10
NCBITaxon:1535	decreases_abundance_in	MESH:D003424	curated	A	17897884	2008	2	1.0		2026-10-10
NCBITaxon:1535	decreases_abundance_in	MESH:D010300	curated	A	26539989	2015	1	1.0		2026-10-10
NCBITaxon:1537	decreases_abundance_in	MESH:D003424	curated	A	26789999	2016	1	1.0		2026-10-10
NCBITaxon:1537	increases_abundance_in	MESH:D043183	curated	A	39243395	2024	1	1.0		2026-10-10
NCBITaxon:1540867	increases_abundance_in	MESH:D009203	curated	A	39447641	2024	1	1.0		2026-10-10
NCBITaxon:1547	increases_abundance_in	MESH:D003093	curated	A	28039159	2017	1	1.0		2026-10-10
NCBITaxon:1547	increases_abundance_in	MESH:D043183	curated	A	39243395	2024	1	1.0		2026-10-10
NCBITaxon:1549126	decreases_abundance_in	MESH:D008103	curated	A	37483387	2023	1	1.0		2026-10-10
NCBITaxon:1550024	increases_abundance_in	MESH:D010300	curated	A	40420833	2025	2	1.0		2026-10-10
NCBITaxon:156454	decreases_abundance_in	MESH:D004485	curated	A	27812181	2018	1	1.0		2026-10-10
NCBITaxon:156454	increases_abundance_in	MESH:D000544	curated	A	38535538	2024	1	1.0		2026-10-10
NCBITaxon:156454	increases_abundance_in	MESH:D001172	curated	A	34721377	2021	1	1.0		2026-10-10
NCBITaxon:156454	increases_abundance_in	MESH:D003731	curated	A	41534871	2026	1	1.0		2026-10-10
NCBITaxon:156454	increases_abundance_in	MESH:D003865	curated	A	33421868	2021	1	1.0		2026-10-10
NCBITaxon:156456	increases_abundance_in	MESH:D010300	curated	A	35057536	2022	1	1.0		2026-10-10
NCBITaxon:156456	increases_abundance_in	MESH:D013964	curated	A	36034695	2022	1	1.0		2026-10-10
NCBITaxon:157	decreases_abundance_in	MESH:D006232	curated	A	39574007	2024	1	1.0		2026-10-10
NCBITaxon:157	increases_abundance_in	MESH:D000077195	curated	A	38589501	2024	1	1.0		2026-10-10
NCBITaxon:157	increases_abundance_in	MESH:D003731	curated	A	41534871	2026	1	1.0		2026-10-10
NCBITaxon:157	increases_abundance_in	MESH:D003876	curated	A	39523189	2024	1	1.0		2026-10-10
NCBITaxon:157	increases_abundance_in	MESH:D006973	curated	A	41923033	2026	1	1.0		2026-10-10
NCBITaxon:157	increases_abundance_in	MESH:D008180	curated	A	36755319	2023	1	1.0		2026-10-10
NCBITaxon:157	increases_abundance_in	MESH:D009625	curated	A	41860897	2026	1	1.0		2026-10-10
NCBITaxon:157	increases_abundance_in	MESH:D010510	curated	A	37698410	2023	2	1.0		2026-10-10
NCBITaxon:157	increases_abundance_in	MESH:D010518	curated	A	35732628|36175166|37899378|41534871|41923033	2022|2023|2026	6	1.0		2026-10-10
NCBITaxon:157	increases_abundance_in	MESH:D012859	curated	A	38079342	2023	1	1.0		2026-10-10
NCBITaxon:157	increases_abundance_in	MESH:D016606	curated	A	36034695	2022	1	1.0		2026-10-10
NCBITaxon:157	increases_abundance_in	MESH:D051436	curated	A	35348181	2022	1	1.0		2026-10-10
NCBITaxon:1570339	decreases_abundance_in	MESH:D003863	curated	A	36946910	2023	1	1.0		2026-10-10
NCBITaxon:1572763	increases_abundance_in	MESH:D013605	curated	A	38896898	2024	1	1.0		2026-10-10
NCBITaxon:1573535	decreases_abundance_in	MESH:D010190	curated	A	39256134	2024	1	1.0		2026-10-10
NCBITaxon:1573535	increases_abundance_in	MESH:D003248	curated	A	29340896	2018	1	1.0		2026-10-10
NCBITaxon:1573535	increases_abundance_in	MESH:D010518	curated	A	35732628	2022	1	1.0		2026-10-10
NCBITaxon:1573535	increases_abundance_in	MESH:D018792	curated	A	35157224	2022	1	1.0		2026-10-10
NCBITaxon:157687	increases_abundance_in	MESH:D009203	curated	A	39447641	2024	1	1.0		2026-10-10
NCBITaxon:157687	increases_abundance_in	MESH:D010510	curated	A	37698410	2023	2	1.0		2026-10-10
NCBITaxon:157688	decreases_abundance_in	MESH:D010300	curated	A	35057536	2022	1	1.0		2026-10-10
NCBITaxon:157688	decreases_abundance_in	MESH:D016606	curated	A	36034695	2022	1	1.0		2026-10-10
NCBITaxon:157688	increases_abundance_in	MESH:D011565	curated	A	39117753	2024	1	1.0		2026-10-10
NCBITaxon:157691	increases_abundance_in	MESH:D005891	curated	A	38762482	2024	1	1.0		2026-10-10
NCBITaxon:157691	increases_abundance_in	MESH:D009062	curated	A	37542310	2023	1	1.0		2026-10-10
NCBITaxon:157691	increases_abundance_in	MESH:D011565	curated	A	39117753	2024	1	1.0		2026-10-10
NCBITaxon:157692	decreases_abundance_in	MESH:D010842	curated	A	42102024	2026	1	1.0		2026-10-10
NCBITaxon:157692	increases_abundance_in	MESH:D005891	curated	A	38762482	2024	1	1.0		2026-10-10
NCBITaxon:1578	decreases_abundance_in	MESH:D000667	curated	A	35311555	2022	1	1.0		2026-10-10
NCBITaxon:1578	decreases_abundance_in	MESH:D002583	curated	A	39289617	2024	1	1.0		2026-10-10
NCBITaxon:1578	decreases_abundance_in	MESH:D003093	curated	A	23239920	2012	1	1.0		2026-10-10
NCBITaxon:1578	decreases_abundance_in	MESH:D003248	curated	A	30785176	2019	1	1.0		2026-10-10
NCBITaxon:1578	decreases_abundance_in	MESH:D003922	curated	A	26068542	2015	2	1.0		2026-10-10
NCBITaxon:1578	decreases_abundance_in	MESH:D004485	curated	A	27812181	2018	1	1.0		2026-10-10
NCBITaxon:1578	decreases_abundance_in	MESH:D006980	curated	A	24969306	2014	1	1.0		2026-10-10
NCBITaxon:1578	decreases_abundance_in	MESH:D008795	curated	A	35311555	2022	1	1.0		2026-10-10
NCBITaxon:1578	decreases_abundance_in	MESH:D011565	curated	A	39117753	2024	1	1.0		2026-10-10
NCBITaxon:1578	decreases_abundance_in	MESH:D013605	curated	A	38896898	2024	1	1.0		2026-10-10
NCBITaxon:1578	decreases_abundance_in	MESH:D014640	curated	A	35311555	2022	1	1.0		2026-10-10
NCBITaxon:1578	decreases_abundance_in	MESH:D016925	curated	A	38934644	2024	1	1.0		2026-10-10
NCBITaxon:1578	decreases_abundance_in	MESH:D017963	curated	A	28402408	2017	1	1.0		2026-10-10
NCBITaxon:1578	decreases_abundance_in	MESH:D018792	curated	A	35157224	2022	1	1.0		2026-10-10
NCBITaxon:1578	decreases_abundance_in	MESH:D019693	curated	A	26191211	2015	1	1.0		2026-10-10
NCBITaxon:1578	decreases_abundance_in	MESH:D050031	curated	A	28903182	2017	1	1.0		2026-10-10
NCBITaxon:1578	increases_abundance_in	MESH:C535244	curated	A	30211217	2018	1	1.0		2026-10-10
NCBITaxon:1578	increases_abundance_in	MESH:C551158	curated	A	30211217	2018	1	1.0		2026-10-10
NCBITaxon:1578	increases_abundance_in	MESH:C563365	curated	A	28341746	2018	1	1.0		2026-10-10
NCBITaxon:1578	increases_abundance_in	MESH:D000067877	curated	A	29564487	2018	1	1.0		2026-10-10
NCBITaxon:1578	increases_abundance_in	MESH:D000073600	curated	A	32199523	2020	1	1.0		2026-10-10
NCBITaxon:1578	increases_abundance_in	MESH:D000544	curated	A	38535538	2024	1	1.0		2026-10-10
NCBITaxon:1578	increases_abundance_in	MESH:D001172	curated	A	23483307	2013	1	1.0		2026-10-10
NCBITaxon:1578	increases_abundance_in	MESH:D002583	curated	A	39289617	2024	1	1.0		2026-10-10
NCBITaxon:1578	increases_abundance_in	MESH:D003093	curated	A	17897884	2008	2	1.0		2026-10-10
NCBITaxon:1578	increases_abundance_in	MESH:D003424	curated	A	17897884|24478468|26261163	2008|2014|2015	4	1.0		2026-10-10
NCBITaxon:1578	increases_abundance_in	MESH:D003731	curated	A	41534871	2026	2	1.0		2026-10-10
NCBITaxon:1578	increases_abundance_in	MESH:D003922	curated	A	26068542	2015	1	1.0		2026-10-10
NCBITaxon:1578	increases_abundance_in	MESH:D003924	curated	A	27151248|28782784|28912092	2017|2018	3	1.0		2026-10-10
NCBITaxon:1578	increases_abundance_in	MESH:D008103	curated	A	37483387	2023	1	1.0		2026-10-10
NCBITaxon:1578	increases_abundance_in	MESH:D009007	curated	A	37899472	2023	1	1.0		2026-10-10
NCBITaxon:1578	increases_abundance_in	MESH:D009062	curated	A	41534871	2026	1	1.0		2026-10-10
NCBITaxon:1578	increases_abundance_in	MESH:D009203	curated	A	39447641	2024	1	1.0		2026-10-10
NCBITaxon:1578	increases_abundance_in	MESH:D009765	curated	A	29214176	2017	1	1.0		2026-10-10
NCBITaxon:1578	increases_abundance_in	MESH:D010300	curated	A	26539989|28429209	2015|2017	2	1.0		2026-10-10
NCBITaxon:1578	increases_abundance_in	MESH:D010518	curated	A	35732628|41053144	2022|2025	3	1.0		2026-10-10
NCBITaxon:1578	increases_abundance_in	MESH:D012859	curated	A	38079342	2023	1	1.0		2026-10-10
NCBITaxon:1578	increases_abundance_in	MESH:D014212	curated	A	36590585	2022	2	1.0		2026-10-10
NCBITaxon:1578	increases_abundance_in	MESH:D015179	curated	A	22622349|28153960|28341746	2012|2017|2018	3	1.0		2026-10-10
NCBITaxon:1578	increases_abundance_in	MESH:D015209	curated	A	27207975	2016	1	1.0		2026-10-10
NCBITaxon:1578	increases_abundance_in	MESH:D015431	curated	A	33341454	2021	1	1.0		2026-10-10
NCBITaxon:1578	increases_abundance_in	MESH:D015525	curated	A	28951525	2017	1	1.0		2026-10-10
NCBITaxon:1578	increases_abundance_in	MESH:D043183	curated	A	21330412|31681624	2011|2019	2	1.0		2026-10-10
NCBITaxon:1578	increases_abundance_in	MESH:D054328	curated	A	38050061	2024	1	1.0		2026-10-10
NCBITaxon:1579	decreases_abundance_in	MESH:D018798	curated	A	20447323	2010	1	1.0		2026-10-10
NCBITaxon:158	increases_abundance_in	MESH:D003731	curated	A	37698410	2023	1	1.0		2026-10-10
NCBITaxon:158	increases_abundance_in	MESH:D006973	curated	A	41923033	2026	1	1.0		2026-10-10
NCBITaxon:158	increases_abundance_in	MESH:D010518	curated	A	37899378|41303313|41923033	2023|2025|2026	4	1.0		2026-10-10
NCBITaxon:1580	increases_abundance_in	MESH:D009203	curated	A	39447641	2024	1	1.0		2026-10-10
NCBITaxon:1582879	increases_abundance_in	MESH:D010518	curated	A	35732628	2022	1	1.0		2026-10-10
NCBITaxon:1583	increases_abundance_in	MESH:D054328	curated	A	38050061	2024	1	1.0		2026-10-10
NCBITaxon:1583098	decreases_abundance_in	MESH:D003731	curated	A	37698410	2023	1	1.0		2026-10-10
NCBITaxon:1583098	decreases_abundance_in	MESH:D010510	curated	A	37698410	2023	2	1.0		2026-10-10
NCBITaxon:1583331	increases_abundance_in	MESH:D009203	curated	A	39447641	2024	1	1.0		2026-10-10
NCBITaxon:1584	increases_abundance_in	MESH:D054328	curated	A	38050061	2024	1	1.0		2026-10-10
NCBITaxon:158836	increases_abundance_in	MESH:D006635	curated	A	38050061	2024	1	1.0		2026-10-10
NCBITaxon:158836	increases_abundance_in	MESH:D054328	curated	A	38050061	2024	1	1.0		2026-10-10
NCBITaxon:158846	decreases_abundance_in	MESH:D003093	curated	A	29632427	2018	1	1.0		2026-10-10
NCBITaxon:158846	decreases_abundance_in	MESH:D003248	curated	A	29340896	2018	1	1.0		2026-10-10
NCBITaxon:158846	decreases_abundance_in	MESH:D003922	curated	A	24448554	2014	1	1.0		2026-10-10
NCBITaxon:158846	decreases_abundance_in	MESH:D013119	curated	A	26752409	2016	3	1.0		2026-10-10
NCBITaxon:158846	decreases_abundance_in	MESH:D015179	curated	A	29687353	2018	1	1.0		2026-10-10
NCBITaxon:158846	increases_abundance_in	MESH:D002285	curated	A	39470189	2024	1	1.0		2026-10-10
NCBITaxon:158846	increases_abundance_in	MESH:D003424	curated	A	35493739	2022	1	1.0		2026-10-10
NCBITaxon:158846	increases_abundance_in	MESH:D003924	curated	A	37025407|39257903	2023|2024	2	1.0		2026-10-10
NCBITaxon:158846	increases_abundance_in	MESH:D004403	curated	A	28767339	2018	1	1.0		2026-10-10
NCBITaxon:158846	increases_abundance_in	MESH:D006527	curated	A	30075590	2018	1	1.0		2026-10-10
NCBITaxon:158846	increases_abundance_in	MESH:D007669	curated	A	29353409	2018	1	1.0		2026-10-10
NCBITaxon:1596	decreases_abundance_in	MESH:D000070642	curated	A	30546361	2018	1	1.0		2026-10-10
NCBITaxon:1596	increases_abundance_in	MESH:D003731	curated	A	37698410	2023	2	1.0		2026-10-10
NCBITaxon:1596	increases_abundance_in	MESH:D009203	curated	A	39447641	2024	2	1.0		2026-10-10
NCBITaxon:1596	increases_abundance_in	MESH:D010510	curated	A	37698410	2023	1	1.0		2026-10-10
NCBITaxon:1596	increases_abundance_in	MESH:D043183	curated	A	39243395	2024	1	1.0		2026-10-10
NCBITaxon:1598	decreases_abundance_in	MESH:D059305	curated	A	33210367	2021	1	1.0		2026-10-10
NCBITaxon:1604	increases_abundance_in	MESH:D014212	curated	A	36590585	2022	1	1.0		2026-10-10
NCBITaxon:160404	decreases_abundance_in	MESH:D003424	curated	A	26789999	2016	1	1.0		2026-10-10
NCBITaxon:1605	decreases_abundance_in	MESH:D059305	curated	A	40866466	2025	1	1.0		2026-10-10
NCBITaxon:1609545	decreases_abundance_in	MESH:D001007	curated	A	30824791	2019	1	1.0		2026-10-10
NCBITaxon:1613	increases_abundance_in	MESH:D003424	curated	A	20848492	2010	1	1.0		2026-10-10
NCBITaxon:1613	increases_abundance_in	MESH:D003731	curated	A	37698410	2023	1	1.0		2026-10-10
NCBITaxon:1613	increases_abundance_in	MESH:D009203	curated	A	39447641	2024	1	1.0		2026-10-10
NCBITaxon:1613	increases_abundance_in	MESH:D010300	curated	A	35057536	2022	1	1.0		2026-10-10
NCBITaxon:1613	increases_abundance_in	MESH:D043183	curated	A	39243395	2024	1	1.0		2026-10-10
NCBITaxon:1613	increases_abundance_in	MESH:D050500	curated	A	39456772	2024	1	1.0		2026-10-10
NCBITaxon:1622	decreases_abundance_in	MESH:D065631	curated	A	39614169	2024	1	1.0		2026-10-10
NCBITaxon:1622	increases_abundance_in	MESH:D003731	curated	A	39661115	2024	1	1.0		2026-10-10
NCBITaxon:162289	decreases_abundance_in	MESH:D017963	curated	A	28402408	2017	1	1.0		2026-10-10
NCBITaxon:162289	increases_abundance_in	MESH:D023241	curated	A	28118207	2017	1	1.0		2026-10-10
NCBITaxon:1624	increases_abundance_in	MESH:D010300	curated	A	35057536	2022	1	1.0		2026-10-10
NCBITaxon:1633	increases_abundance_in	MESH:D043183	curated	A	39243395	2024	1	1.0		2026-10-10
NCBITaxon:164	increases_abundance_in	MESH:D017963	curated	A	28402408	2017	1	1.0		2026-10-10
NCBITaxon:1643805	increases_abundance_in	MESH:D000077195	curated	A	38589501	2024	1	1.0		2026-10-10
NCBITaxon:1643822	decreases_abundance_in	MESH:D046290	curated	A	29637226	2018	1	1.0		2026-10-10
NCBITaxon:1643824	increases_abundance_in	MESH:D000077277	curated	A	36222897	2022	1	1.0		2026-10-10
NCBITaxon:1643826	decreases_abundance_in	MESH:D046290	curated	A	29637226	2018	1	1.0		2026-10-10
NCBITaxon:1647988	decreases_abundance_in	MESH:D002583	curated	A	39289617	2024	1	1.0		2026-10-10
NCBITaxon:1647988	decreases_abundance_in	MESH:D003928	curated	A	38346799	2024	1	1.0		2026-10-10
NCBITaxon:1649459	decreases_abundance_in	MESH:D043183	curated	A	31681624	2019	1	1.0		2026-10-10
NCBITaxon:1649459	increases_abundance_in	MESH:D003924	curated	A	39257903	2024	1	1.0		2026-10-10
NCBITaxon:165179	decreases_abundance_in	MESH:D001171	curated	A	27861762	2018	1	1.0		2026-10-10
NCBITaxon:165179	decreases_abundance_in	MESH:D008180	curated	A	39511594	2024	1	1.0		2026-10-10
NCBITaxon:165179	decreases_abundance_in	MESH:D010300	curated	A	28429209	2017	1	1.0		2026-10-10
NCBITaxon:165179	increases_abundance_in	MESH:D000690	curated	A	33135936	2021	1	1.0		2026-10-10
NCBITaxon:1653	decreases_abundance_in	MESH:D006232	curated	A	39574007	2024	1	1.0		2026-10-10
NCBITaxon:1653	decreases_abundance_in	MESH:D013315	curated	A	35613108	2022	1	1.0		2026-10-10
NCBITaxon:1653	increases_abundance_in	MESH:D002285	curated	A	39470189	2024	1	1.0		2026-10-10
NCBITaxon:1653	increases_abundance_in	MESH:D011565	curated	A	39117753	2024	1	1.0		2026-10-10
NCBITaxon:1654	decreases_abundance_in	MESH:D000077195	curated	A	38589501	2024	1	1.0		2026-10-10
NCBITaxon:1654	decreases_abundance_in	MESH:D000544	curated	A	38535538	2024	1	1.0		2026-10-10
NCBITaxon:1654	decreases_abundance_in	MESH:D003731	curated	A	39661115|41534871	2024|2026	2	1.0		2026-10-10
NCBITaxon:1654	decreases_abundance_in	MESH:D009625	curated	A	41860897	2026	1	1.0		2026-10-10
NCBITaxon:1654	decreases_abundance_in	MESH:D010510	curated	A	37698410	2023	1	1.0		2026-10-10
NCBITaxon:1654	decreases_abundance_in	MESH:D010518	curated	A	35672515|37899378|41534871	2022|2023|2026	3	1.0		2026-10-10
NCBITaxon:1654	decreases_abundance_in	MESH:D015658	curated	A	39090139	2024	1	1.0		2026-10-10
NCBITaxon:1654	decreases_abundance_in	MESH:D017963	curated	A	28402408	2017	1	1.0		2026-10-10
NCBITaxon:1654	decreases_abundance_in	MESH:D018281	curated	A	36345047	2022	1	1.0		2026-10-10
NCBITaxon:1654	increases_abundance_in	MESH:D003093	curated	A	29632427	2018	1	1.0		2026-10-10
NCBITaxon:1654	increases_abundance_in	MESH:D003424	curated	A	26789999	2016	1	1.0		2026-10-10
NCBITaxon:1654	increases_abundance_in	MESH:D003731	curated	A	37698410	2023	1	1.0		2026-10-10
NCBITaxon:1654	increases_abundance_in	MESH:D003924	curated	A	37025407	2023	1	1.0		2026-10-10
NCBITaxon:1654	increases_abundance_in	MESH:D004403	curated	A	28767339	2018	1	1.0		2026-10-10
NCBITaxon:1654	increases_abundance_in	MESH:D008010	curated	A	41419527	2025	1	1.0		2026-10-10
NCBITaxon:1654	increases_abundance_in	MESH:D009007	curated	A	37899472	2023	2	1.0		2026-10-10
NCBITaxon:1654	increases_abundance_in	MESH:D009967	curated	A	39709380	2024	1	1.0		2026-10-10
NCBITaxon:1654	increases_abundance_in	MESH:D010190	curated	A	39256134	2024	1	1.0		2026-10-10
NCBITaxon:1654	increases_abundance_in	MESH:D010510	curated	A	37698410	2023	1	1.0		2026-10-10
NCBITaxon:1654	increases_abundance_in	MESH:D012859	curated	A	38079342	2023	1	1.0		2026-10-10
NCBITaxon:1654	increases_abundance_in	MESH:D051436	curated	A	35348181	2022	1	1.0		2026-10-10
NCBITaxon:1654	increases_abundance_in	MESH:D054328	curated	A	38050061	2024	1	1.0		2026-10-10
NCBITaxon:1655	decreases_abundance_in	MESH:D003731	curated	A	39661115	2024	1	1.0		2026-10-10
NCBITaxon:1655	decreases_abundance_in	MESH:D010300	curated	A	35057536	2022	1	1.0		2026-10-10
NCBITaxon:1655	increases_abundance_in	MESH:D005891	curated	A	38762482	2024	1	1.0		2026-10-10
NCBITaxon:1656	decreases_abundance_in	MESH:D010300	curated	A	35057536	2022	1	1.0		2026-10-10
NCBITaxon:165695	increases_abundance_in	MESH:D015179	curated	A	22622349	2012	1	1.0		2026-10-10
NCBITaxon:165696	increases_abundance_in	MESH:D015179	curated	A	22622349	2012	1	1.0		2026-10-10
NCBITaxon:165779	decreases_abundance_in	MESH:D003424	curated	A	28039159	2017	1	1.0		2026-10-10
NCBITaxon:165779	increases_abundance_in	MESH:D003093	curated	A	28039159	2017	1	1.0		2026-10-10
NCBITaxon:165779	increases_abundance_in	MESH:D023241	curated	A	28118207	2017	1	1.0		2026-10-10
NCBITaxon:1658672	decreases_abundance_in	MESH:D009203	curated	A	39447641	2024	2	1.0		2026-10-10
NCBITaxon:1658672	increases_abundance_in	MESH:D003731	curated	A	39661115	2024	1	1.0		2026-10-10
NCBITaxon:1659	increases_abundance_in	MESH:D005891	curated	A	38762482	2024	1	1.0		2026-10-10
NCBITaxon:1660	decreases_abundance_in	MESH:D000077195	curated	A	38589501	2024	1	1.0		2026-10-10
NCBITaxon:1660	decreases_abundance_in	MESH:D003731	curated	A	39661115	2024	1	1.0		2026-10-10
NCBITaxon:1660	increases_abundance_in	MESH:D003731	curated	A	37698410	2023	2	1.0		2026-10-10
NCBITaxon:1660	increases_abundance_in	MESH:D010510	curated	A	37698410	2023	6	1.0		2026-10-10
NCBITaxon:1663	decreases_abundance_in	MESH:D008103	curated	A	37483387	2023	1	1.0		2026-10-10
NCBITaxon:1663	increases_abundance_in	MESH:D010518	curated	A	35732628	2022	1	1.0		2026-10-10
NCBITaxon:166486	decreases_abundance_in	MESH:D000690	curated	A	33135936	2021	1	1.0		2026-10-10
NCBITaxon:166486	decreases_abundance_in	MESH:D003424	curated	A	26789999	2016	1	1.0		2026-10-10
NCBITaxon:166486	decreases_abundance_in	MESH:D015658	curated	A	28362071	2017	1	1.0		2026-10-10
NCBITaxon:1678	decreases_abundance_in	MESH:D003093	curated	A	17897884|23239920|27604252	2008|2012|2018	4	1.0		2026-10-10
NCBITaxon:1678	decreases_abundance_in	MESH:D003248	curated	A	30785176	2019	1	1.0		2026-10-10
NCBITaxon:1678	decreases_abundance_in	MESH:D003424	curated	A	17897884|19235886|23276768	2008|2009|2013	4	1.0		2026-10-10
NCBITaxon:1678	decreases_abundance_in	MESH:D003731	curated	A	41654739	2026	1	1.0		2026-10-10
NCBITaxon:1678	decreases_abundance_in	MESH:D003865	curated	A	33421868	2021	1	1.0		2026-10-10
NCBITaxon:1678	decreases_abundance_in	MESH:D003924	curated	A	20087741|28782784|37715517	2010|2017|2024	3	1.0		2026-10-10
NCBITaxon:1678	decreases_abundance_in	MESH:D003967	curated	A	37231829	2023	1	1.0		2026-10-10
NCBITaxon:1678	decreases_abundance_in	MESH:D004485	curated	A	27812181	2018	1	1.0		2026-10-10
NCBITaxon:1678	decreases_abundance_in	MESH:D006980	curated	A	24969306	2014	1	1.0		2026-10-10
NCBITaxon:1678	decreases_abundance_in	MESH:D009203	curated	A	40253360	2025	1	1.0		2026-10-10
NCBITaxon:1678	decreases_abundance_in	MESH:D010195	curated	A	30519748	2019	1	1.0		2026-10-10
NCBITaxon:1678	decreases_abundance_in	MESH:D012859	curated	A	29065905	2017	1	1.0		2026-10-10
NCBITaxon:1678	decreases_abundance_in	MESH:D013167	curated	A	30886835	2019	1	1.0		2026-10-10
NCBITaxon:1678	decreases_abundance_in	MESH:D015658	curated	A	39090139	2024	1	1.0		2026-10-10
NCBITaxon:1678	decreases_abundance_in	MESH:D019693	curated	A	26191211	2015	1	1.0		2026-10-10
NCBITaxon:1678	decreases_abundance_in	MESH:D019694	curated	A	21286703	2011	1	1.0		2026-10-10
NCBITaxon:1678	decreases_abundance_in	MESH:D043183	curated	A	21330412	2011	1	1.0		2026-10-10
NCBITaxon:1678	decreases_abundance_in	MESH:D050031	curated	A	28903182	2017	1	1.0		2026-10-10
NCBITaxon:1678	increases_abundance_in	MESH:C564133	curated	A	26840903	2016	1	1.0		2026-10-10
NCBITaxon:1678	increases_abundance_in	MESH:D000067877	curated	A	29564487	2018	1	1.0		2026-10-10
NCBITaxon:1678	increases_abundance_in	MESH:D001120	curated	A	35579969	2022	1	1.0		2026-10-10
NCBITaxon:1678	increases_abundance_in	MESH:D001289	curated	A	28863139	2017	1	1.0		2026-10-10
NCBITaxon:1678	increases_abundance_in	MESH:D003093	curated	A	24478468	2014	1	1.0		2026-10-10
NCBITaxon:1678	increases_abundance_in	MESH:D003248	curated	A	29340896	2018	1	1.0		2026-10-10
NCBITaxon:1678	increases_abundance_in	MESH:D003424	curated	A	21910165|22102318|24478468|26789999	2011|2012|2014|2016	4	1.0		2026-10-10
NCBITaxon:1678	increases_abundance_in	MESH:D003731	curated	A	41534871	2026	2	1.0		2026-10-10
NCBITaxon:1678	increases_abundance_in	MESH:D003924	curated	A	28782784|28912092|37025407	2017|2023	3	1.0		2026-10-10
NCBITaxon:1678	increases_abundance_in	MESH:D003967	curated	A	37231829	2023	1	1.0		2026-10-10
NCBITaxon:1678	increases_abundance_in	MESH:D009062	curated	A	41534871	2026	1	1.0		2026-10-10
NCBITaxon:1678	increases_abundance_in	MESH:D009765	curated	A	27559357|29214176	2016|2017	4	1.0		2026-10-10
NCBITaxon:1678	increases_abundance_in	MESH:D010300	curated	A	28195358|28429209	2017	2	1.0		2026-10-10
NCBITaxon:1678	increases_abundance_in	MESH:D015179	curated	A	28153960	2017	1	1.0		2026-10-10
NCBITaxon:1678	increases_abundance_in	MESH:D015431	curated	A	33341454	2021	1	1.0		2026-10-10
NCBITaxon:1678	increases_abundance_in	MESH:D015673	curated	A	27338587	2018	1	1.0		2026-10-10
NCBITaxon:1678	increases_abundance_in	MESH:D063766	curated	A	27450202	2018	1	1.0		2026-10-10
NCBITaxon:1679001	decreases_abundance_in	MESH:D003731	curated	A	35686590	2022	1	1.0		2026-10-10
NCBITaxon:1680	decreases_abundance_in	MESH:D000079424	curated	A	31326413	2019	2	1.0		2026-10-10
NCBITaxon:1680	decreases_abundance_in	MESH:D000375	curated	A	28181098	2017	1	1.0		2026-10-10
NCBITaxon:1680	increases_abundance_in	MESH:C564133	curated	A	26840903	2016	1	1.0		2026-10-10
NCBITaxon:1680	increases_abundance_in	MESH:D010300	curated	A	40420833	2025	1	1.0		2026-10-10
NCBITaxon:1681	decreases_abundance_in	MESH:D000079424	curated	A	31326413	2019	1	1.0		2026-10-10
NCBITaxon:1681	decreases_abundance_in	MESH:D000375	curated	A	28181098	2017	1	1.0		2026-10-10
NCBITaxon:1681	decreases_abundance_in	MESH:D004403	curated	A	28767339	2018	1	1.0		2026-10-10
NCBITaxon:1681	decreases_abundance_in	MESH:D004485	curated	A	27812181	2018	1	1.0		2026-10-10
NCBITaxon:1681	increases_abundance_in	MESH:D006967	curated	A	17430346	2007	1	1.0		2026-10-10
NCBITaxon:1681	increases_abundance_in	MESH:D008687	curated	A	27999002	2017	1	1.0		2026-10-10
NCBITaxon:168384	increases_abundance_in	MESH:D000070642	curated	A	30546361	2018	1	1.0		2026-10-10
NCBITaxon:1685	increases_abundance_in	MESH:D002446	curated	A	29458413	2018	1	1.0		2026-10-10
NCBITaxon:1686	increases_abundance_in	MESH:D006967	curated	A	17430346	2007	1	1.0		2026-10-10
NCBITaxon:1689	increases_abundance_in	MESH:D003731	curated	A	37698410	2023	2	1.0		2026-10-10
NCBITaxon:1689	increases_abundance_in	MESH:D009765	curated	A	41305578	2025	2	1.0		2026-10-10
NCBITaxon:1689	increases_abundance_in	MESH:D010510	curated	A	37698410	2023	1	1.0		2026-10-10
NCBITaxon:1689	increases_abundance_in	MESH:D054328	curated	A	38050061	2024	1	1.0		2026-10-10
NCBITaxon:168934	decreases_abundance_in	MESH:D003093	curated	A	27604252	2018	1	1.0		2026-10-10
NCBITaxon:1696	decreases_abundance_in	MESH:D004485	curated	A	27812181	2018	1	1.0		2026-10-10
NCBITaxon:1696	increases_abundance_in	MESH:D003921	curated	A	30667148	2019	1	1.0		2026-10-10
NCBITaxon:1705617	decreases_abundance_in	MESH:D003731	curated	A	35686590	2022	1	1.0		2026-10-10
NCBITaxon:171	decreases_abundance_in	MESH:D017963	curated	A	28402408	2017	1	1.0		2026-10-10
NCBITaxon:171549	decreases_abundance_in	MESH:D003924	curated	A	37025407	2023	2	1.0		2026-10-10
NCBITaxon:171549	decreases_abundance_in	MESH:D003928	curated	A	38346799	2024	1	1.0		2026-10-10
NCBITaxon:171549	decreases_abundance_in	MESH:D063766	curated	A	27450202	2018	1	1.0		2026-10-10
NCBITaxon:171549	increases_abundance_in	MESH:D000856	curated	A	26428446	2015	1	1.0		2026-10-10
NCBITaxon:171549	increases_abundance_in	MESH:D003863	curated	A	24888394	2014	1	1.0		2026-10-10
NCBITaxon:171549	increases_abundance_in	MESH:D003876	curated	A	39523189	2024	1	1.0		2026-10-10
NCBITaxon:171549	increases_abundance_in	MESH:D006232	curated	A	39574007	2024	1	1.0		2026-10-10
NCBITaxon:171549	increases_abundance_in	MESH:D013964	curated	A	36034695	2022	1	1.0		2026-10-10
NCBITaxon:171549	increases_abundance_in	MESH:D046290	curated	A	29637226	2018	1	1.0		2026-10-10
NCBITaxon:171550	decreases_abundance_in	MESH:D000081029	curated	A	29946072	2018	1	1.0		2026-10-10
NCBITaxon:171550	decreases_abundance_in	MESH:D000900	curated	A	33157256	2021	1	1.0		2026-10-10
NCBITaxon:171550	decreases_abundance_in	MESH:D009765	curated	A	26230509	2015	1	1.0		2026-10-10
NCBITaxon:171550	decreases_abundance_in	MESH:D011471	curated	A	35296557	2022	1	1.0		2026-10-10
NCBITaxon:171550	decreases_abundance_in	MESH:D059305	curated	A	33210367	2021	1	1.0		2026-10-10
NCBITaxon:171550	increases_abundance_in	MESH:D012859	curated	A	38079342	2023	1	1.0		2026-10-10
NCBITaxon:171550	increases_abundance_in	MESH:D015179	curated	A	29687353	2018	1	1.0		2026-10-10
NCBITaxon:171550	increases_abundance_in	MESH:D016640	curated	A	39059479	2024	1	1.0		2026-10-10
NCBITaxon:171550	increases_abundance_in	MESH:D016925	curated	A	38934644	2024	1	1.0		2026-10-10
NCBITaxon:171551	decreases_abundance_in	MESH:D000081029	curated	A	29946072	2018	1	1.0		2026-10-10
NCBITaxon:171551	decreases_abundance_in	MESH:D000856	curated	A	26428446	2015	1	1.0		2026-10-10
NCBITaxon:171551	decreases_abundance_in	MESH:D003113	curated	A	27015015	2018	1	1.0		2026-10-10
NCBITaxon:171551	decreases_abundance_in	MESH:D003731	curated	A	35686590	2022	1	1.0		2026-10-10
NCBITaxon:171551	decreases_abundance_in	MESH:D003863	curated	A	36946910	2023	1	1.0		2026-10-10
NCBITaxon:171551	decreases_abundance_in	MESH:D003924	curated	A	37025407	2023	1	1.0		2026-10-10
NCBITaxon:171551	decreases_abundance_in	MESH:D009765	curated	A	26230509	2015	1	1.0		2026-10-10
NCBITaxon:171551	increases_abundance_in	MESH:D000856	curated	A	26428446	2015	1	1.0		2026-10-10
NCBITaxon:171551	increases_abundance_in	MESH:D010518	curated	A	35732628|38062089	2022|2023	2	1.0		2026-10-10
NCBITaxon:171552	decreases_abundance_in	MESH:D000067011	curated	A	31959047	2020	1	1.0		2026-10-10
NCBITaxon:171552	decreases_abundance_in	MESH:D000081029	curated	A	29946072	2018	1	1.0		2026-10-10
NCBITaxon:171552	decreases_abundance_in	MESH:D003731	curated	A	41654739	2026	1	1.0		2026-10-10
NCBITaxon:171552	decreases_abundance_in	MESH:D003924	curated	A	37025407	2023	2	1.0		2026-10-10
NCBITaxon:171552	decreases_abundance_in	MESH:D013315	curated	A	35613108	2022	1	1.0		2026-10-10
NCBITaxon:171552	decreases_abundance_in	MESH:D015658	curated	A	28362071	2017	1	1.0		2026-10-10
NCBITaxon:171552	decreases_abundance_in	MESH:D019936	curated	A	32300799	2021	1	1.0		2026-10-10
NCBITaxon:171552	increases_abundance_in	MESH:D003248	curated	A	30785176	2019	1	1.0		2026-10-10
NCBITaxon:171552	increases_abundance_in	MESH:D003876	curated	A	42036885	2026	1	1.0		2026-10-10
NCBITaxon:171552	increases_abundance_in	MESH:D003922	curated	A	26068542	2015	1	1.0		2026-10-10
NCBITaxon:171552	increases_abundance_in	MESH:D003928	curated	A	38346799	2024	1	1.0		2026-10-10
NCBITaxon:171552	increases_abundance_in	MESH:D007938	curated	A	26098097	2015	1	1.0		2026-10-10
NCBITaxon:171552	increases_abundance_in	MESH:D009055	curated	A	35038733	2022	1	1.0		2026-10-10
NCBITaxon:171552	increases_abundance_in	MESH:D009765	curated	A	19164560|26230509	2009|2015	2	1.0		2026-10-10
NCBITaxon:171552	increases_abundance_in	MESH:D016606	curated	A	36034695	2022	1	1.0		2026-10-10
NCBITaxon:171552	increases_abundance_in	MESH:D016776	curated	A	27147260	2016	1	1.0		2026-10-10
NCBITaxon:171552	increases_abundance_in	MESH:D018792	curated	A	35157224	2022	1	1.0		2026-10-10
NCBITaxon:1716	decreases_abundance_in	MESH:D000077195	curated	A	38589501	2024	1	1.0		2026-10-10
NCBITaxon:1716	decreases_abundance_in	MESH:D000544	curated	A	38535538	2024	1	1.0		2026-10-10
NCBITaxon:1716	decreases_abundance_in	MESH:D001120	curated	A	35579969	2022	1	1.0		2026-10-10
NCBITaxon:1716	decreases_abundance_in	MESH:D004485	curated	A	27812181	2018	1	1.0		2026-10-10
NCBITaxon:1716	decreases_abundance_in	MESH:D006232	curated	A	39574007	2024	1	1.0		2026-10-10
NCBITaxon:1716	decreases_abundance_in	MESH:D008694	curated	A	38112416	2023	1	1.0		2026-10-10
NCBITaxon:1716	decreases_abundance_in	MESH:D009062	curated	A	35433507	2022	1	1.0		2026-10-10
NCBITaxon:1716	decreases_abundance_in	MESH:D013315	curated	A	35613108	2022	1	1.0		2026-10-10
NCBITaxon:1716	decreases_abundance_in	MESH:D015658	curated	A	39090139	2024	1	1.0		2026-10-10
NCBITaxon:1716	increases_abundance_in	MESH:D000077277	curated	A	41081109	2025	1	1.0		2026-10-10
NCBITaxon:1716	increases_abundance_in	MESH:D002285	curated	A	39470189	2024	1	1.0		2026-10-10
NCBITaxon:1716	increases_abundance_in	MESH:D003093	curated	A	29632427	2018	1	1.0		2026-10-10
NCBITaxon:1716	increases_abundance_in	MESH:D003876	curated	A	39523189	2024	1	1.0		2026-10-10
NCBITaxon:1716	increases_abundance_in	MESH:D003921	curated	A	30667148	2019	1	1.0		2026-10-10
NCBITaxon:1716	increases_abundance_in	MESH:D009967	curated	A	39709380	2024	1	1.0		2026-10-10
NCBITaxon:1716	increases_abundance_in	MESH:D011565	curated	A	39117753	2024	1	1.0		2026-10-10
NCBITaxon:172042	decreases_abundance_in	MESH:D003731	curated	A	37698410	2023	1	1.0		2026-10-10
NCBITaxon:172042	decreases_abundance_in	MESH:D009765	curated	A	41305578	2025	2	1.0		2026-10-10
NCBITaxon:172042	decreases_abundance_in	MESH:D010300	curated	A	35057536	2022	1	1.0		2026-10-10
NCBITaxon:172042	decreases_abundance_in	MESH:D010510	curated	A	37698410	2023	5	1.0		2026-10-10
NCBITaxon:172042	decreases_abundance_in	MESH:D013274	curated	A	37980457	2023	1	1.0		2026-10-10
NCBITaxon:172042	increases_abundance_in	MESH:D009203	curated	A	39447641	2024	1	1.0		2026-10-10
NCBITaxon:172042	increases_abundance_in	MESH:D012859	curated	A	35603219	2022	1	1.0		2026-10-10
NCBITaxon:172900	decreases_abundance_in	MESH:D003093	curated	A	29632427	2018	1	1.0		2026-10-10
NCBITaxon:172900	decreases_abundance_in	MESH:D003424	curated	A	29632427	2018	1	1.0		2026-10-10
NCBITaxon:1729679	increases_abundance_in	MESH:D009967	curated	A	39709380	2024	1	1.0		2026-10-10
NCBITaxon:1729679	increases_abundance_in	MESH:D013605	curated	A	38896898	2024	1	1.0		2026-10-10
NCBITaxon:1729679	increases_abundance_in	MESH:D018792	curated	A	35157224	2022	1	1.0		2026-10-10
NCBITaxon:1730	decreases_abundance_in	MESH:D000077195	curated	A	38589501	2024	1	1.0		2026-10-10
NCBITaxon:1730	decreases_abundance_in	MESH:D001382	curated	A	30121305	2018	1	1.0		2026-10-10
NCBITaxon:1730	decreases_abundance_in	MESH:D004403	curated	A	28767339	2018	1	1.0		2026-10-10
NCBITaxon:1730	decreases_abundance_in	MESH:D004485	curated	A	28866384	2018	1	1.0		2026-10-10
NCBITaxon:1730	decreases_abundance_in	MESH:D005690	curated	A	38825119	2024	1	1.0		2026-10-10
NCBITaxon:1730	decreases_abundance_in	MESH:D007597	curated	A	30121305	2018	1	1.0		2026-10-10
NCBITaxon:1730	decreases_abundance_in	MESH:D009549	curated	A	30121305	2018	1	1.0		2026-10-10
NCBITaxon:1730	decreases_abundance_in	MESH:D013167	curated	A	30886835	2019	1	1.0		2026-10-10
NCBITaxon:1730	decreases_abundance_in	MESH:D013397	curated	A	30121305	2018	1	1.0		2026-10-10
NCBITaxon:1730	decreases_abundance_in	MESH:D015209	curated	A	29969462	2018	1	1.0		2026-10-10
NCBITaxon:1730	decreases_abundance_in	MESH:D019936	curated	A	32300799	2021	1	1.0		2026-10-10
NCBITaxon:1730	decreases_abundance_in	MESH:D025241	curated	A	37117227	2023	1	1.0		2026-10-10
NCBITaxon:1730	decreases_abundance_in	MESH:D043183	curated	A	21741921	2011	1	1.0		2026-10-10
NCBITaxon:1730	increases_abundance_in	MESH:D003424	curated	A	29632427	2018	1	1.0		2026-10-10
NCBITaxon:1730	increases_abundance_in	MESH:D009355	curated	A	35311555	2022	1	1.0		2026-10-10
NCBITaxon:1730	increases_abundance_in	MESH:D010661	curated	A	39599702	2024	1	1.0		2026-10-10
NCBITaxon:1730	increases_abundance_in	MESH:D015179	curated	A	29687353	2018	1	1.0		2026-10-10
NCBITaxon:1735	decreases_abundance_in	MESH:D004485	curated	A	27812181	2018	1	1.0		2026-10-10
NCBITaxon:1737	increases_abundance_in	MESH:D043183	curated	A	39243395	2024	1	1.0		2026-10-10
NCBITaxon:1737405	increases_abundance_in	MESH:D003924	curated	A	39257903	2024	1	1.0		2026-10-10
NCBITaxon:1737405	increases_abundance_in	MESH:D009007	curated	A	37899472	2023	1	1.0		2026-10-10
NCBITaxon:1737406	increases_abundance_in	MESH:D001943	curated	A	39470189	2024	1	1.0		2026-10-10
NCBITaxon:1739491	decreases_abundance_in	MESH:D009765	curated	A	41305578	2025	1	1.0		2026-10-10
NCBITaxon:1743	decreases_abundance_in	MESH:D006232	curated	A	39574007	2024	1	1.0		2026-10-10
NCBITaxon:1743	decreases_abundance_in	MESH:D009062	curated	A	35433507	2022	1	1.0		2026-10-10
NCBITaxon:1743	decreases_abundance_in	MESH:D019936	curated	A	26238090	2015	1	1.0		2026-10-10
NCBITaxon:1743	increases_abundance_in	MESH:D003093	curated	A	27604252	2018	1	1.0		2026-10-10
NCBITaxon:1743	increases_abundance_in	MESH:D009967	curated	A	39709380	2024	1	1.0		2026-10-10
NCBITaxon:1743	increases_abundance_in	MESH:D010518	curated	A	35732628	2022	1	1.0		2026-10-10
NCBITaxon:1747	increases_abundance_in	MESH:D005891	curated	A	38762482	2024	1	1.0		2026-10-10
NCBITaxon:174708	decreases_abundance_in	MESH:D000073932	curated	A	38926079	2024	1	1.0		2026-10-10
NCBITaxon:174708	decreases_abundance_in	MESH:D065626	curated	A	23453736	2013	1	1.0		2026-10-10
NCBITaxon:174708	increases_abundance_in	MESH:D003248	curated	A	30785176	2019	1	1.0		2026-10-10
NCBITaxon:174708	increases_abundance_in	MESH:D003924	curated	A	28782784	2017	1	1.0		2026-10-10
NCBITaxon:174708	increases_abundance_in	MESH:D013605	curated	A	38896898	2024	1	1.0		2026-10-10
NCBITaxon:174708	increases_abundance_in	MESH:D015179	curated	A	22622349	2012	1	1.0		2026-10-10
NCBITaxon:174708	increases_abundance_in	MESH:D050197	curated	A	26973703	2016	1	1.0		2026-10-10
NCBITaxon:1750	increases_abundance_in	MESH:D005891	curated	A	38762482	2024	1	1.0		2026-10-10
NCBITaxon:1759399	increases_abundance_in	MESH:D003731	curated	A	35686590	2022	1	1.0		2026-10-10
NCBITaxon:1760	increases_abundance_in	MESH:D002285	curated	A	39470189	2024	1	1.0		2026-10-10
NCBITaxon:1760	increases_abundance_in	MESH:D003093	curated	A	22170749	2011	1	1.0		2026-10-10
NCBITaxon:1762	increases_abundance_in	MESH:D015179	curated	A	29687353	2018	1	1.0		2026-10-10
NCBITaxon:1763	decreases_abundance_in	MESH:D006973	curated	A	41923033	2026	1	1.0		2026-10-10
NCBITaxon:1763	decreases_abundance_in	MESH:D010518	curated	A	41923033	2026	2	1.0		2026-10-10
NCBITaxon:1766253	decreases_abundance_in	MESH:D003865	curated	A	33421868	2021	1	1.0		2026-10-10
NCBITaxon:1766253	increases_abundance_in	MESH:D003731	curated	A	41654739	2026	1	1.0		2026-10-10
NCBITaxon:1766253	increases_abundance_in	MESH:D018792	curated	A	35157224	2022	1	1.0		2026-10-10
NCBITaxon:1769710	increases_abundance_in	MESH:D015658	curated	A	39090139	2024	1	1.0		2026-10-10
NCBITaxon:1776391	increases_abundance_in	MESH:D006635	curated	A	38050061	2024	1	1.0		2026-10-10
NCBITaxon:1776391	increases_abundance_in	MESH:D054328	curated	A	38050061	2024	1	1.0		2026-10-10
NCBITaxon:177971	increases_abundance_in	MESH:D001007	curated	A	36946910	2023	1	1.0		2026-10-10
NCBITaxon:177971	increases_abundance_in	MESH:D003863	curated	A	36946910	2023	1	1.0		2026-10-10
NCBITaxon:177971	increases_abundance_in	MESH:D009967	curated	A	39709380	2024	1	1.0		2026-10-10
NCBITaxon:177972	increases_abundance_in	MESH:D010510	curated	A	37698410	2023	2	1.0		2026-10-10
NCBITaxon:1783273	increases_abundance_in	MESH:D012859	curated	A	38079342	2023	1	1.0		2026-10-10
NCBITaxon:180164	decreases_abundance_in	MESH:D000073932	curated	A	38926079	2024	1	1.0		2026-10-10
NCBITaxon:1814	decreases_abundance_in	MESH:D010300	curated	A	35057536	2022	1	1.0		2026-10-10
NCBITaxon:1817405	decreases_abundance_in	MESH:D003424	curated	A	20848492	2010	1	1.0		2026-10-10
NCBITaxon:1822464	decreases_abundance_in	MESH:D003731	curated	A	39661115	2024	1	1.0		2026-10-10
NCBITaxon:182639	decreases_abundance_in	MESH:D008103	curated	A	37483387	2023	1	1.0		2026-10-10
NCBITaxon:1827	decreases_abundance_in	MESH:D012516	curated	A	39055977	2024	2	1.0		2026-10-10
NCBITaxon:1827	increases_abundance_in	MESH:D012149	curated	A	38763328	2024	1	1.0		2026-10-10
NCBITaxon:1827	increases_abundance_in	MESH:D019936	curated	A	26238090	2015	1	1.0		2026-10-10
NCBITaxon:182709	decreases_abundance_in	MESH:D000152	curated	A	29756631	2018	1	1.0		2026-10-10
NCBITaxon:1827195	decreases_abundance_in	MESH:D003731	curated	A	39661115	2024	1	1.0		2026-10-10
NCBITaxon:183925	decreases_abundance_in	MESH:D010661	curated	A	39599702	2024	1	1.0		2026-10-10
NCBITaxon:1840213	increases_abundance_in	MESH:D010518	curated	A	38062089	2023	1	1.0		2026-10-10
NCBITaxon:184065	decreases_abundance_in	MESH:C535916	curated	A	38637854	2024	1	1.0		2026-10-10
NCBITaxon:1843491	decreases_abundance_in	MESH:D002532	curated	A	39415150	2024	1	1.0		2026-10-10
NCBITaxon:1843491	decreases_abundance_in	MESH:D003731	curated	A	41654739	2026	1	1.0		2026-10-10
NCBITaxon:1843491	increases_abundance_in	MESH:D000077277	curated	A	36222897	2022	1	1.0		2026-10-10
NCBITaxon:1843491	increases_abundance_in	MESH:D003924	curated	A	39257903	2024	1	1.0		2026-10-10
NCBITaxon:184869	increases_abundance_in	MESH:D002285	curated	A	39470189	2024	1	1.0		2026-10-10
NCBITaxon:1849603	decreases_abundance_in	MESH:D003248	curated	A	29340896	2018	1	1.0		2026-10-10
NCBITaxon:1852365	decreases_abundance_in	MESH:C535916	curated	A	38637854	2024	1	1.0		2026-10-10
NCBITaxon:1852388	increases_abundance_in	MESH:D010842	curated	A	42102024	2026	1	1.0		2026-10-10
NCBITaxon:1852442	increases_abundance_in	MESH:D018256	curated	A	36703031	2023	1	1.0		2026-10-10
NCBITaxon:1853231	decreases_abundance_in	MESH:D000081029	curated	A	29946072	2018	1	1.0		2026-10-10
NCBITaxon:1853550	decreases_abundance_in	MESH:D009765	curated	A	27007700	2017	1	1.0		2026-10-10
NCBITaxon:1857532	increases_abundance_in	MESH:D012149	curated	A	38763328	2024	2	1.0		2026-10-10
NCBITaxon:186126	decreases_abundance_in	MESH:D012859	curated	A	38079342	2023	1	1.0		2026-10-10
NCBITaxon:186329	increases_abundance_in	MESH:D010518	curated	A	38062089	2023	1	1.0		2026-10-10
NCBITaxon:186329	increases_abundance_in	MESH:D016606	curated	A	36034695	2022	1	1.0		2026-10-10
NCBITaxon:186333	increases_abundance_in	MESH:D000900	curated	A	33157256	2021	1	1.0		2026-10-10
NCBITaxon:186333	increases_abundance_in	MESH:D013514	curated	A	30680947	2019	1	1.0		2026-10-10
NCBITaxon:186801	decreases_abundance_in	MESH:D001943	curated	A	39470189	2024	1	1.0		2026-10-10
NCBITaxon:186801	decreases_abundance_in	MESH:D002583	curated	A	39289617	2024	1	1.0		2026-10-10
NCBITaxon:186801	decreases_abundance_in	MESH:D003093	curated	A	22170749	2011	1	1.0		2026-10-10
NCBITaxon:186801	decreases_abundance_in	MESH:D003924	curated	A	20140211|37025407	2010|2023	2	1.0		2026-10-10
NCBITaxon:186801	decreases_abundance_in	MESH:D010661	curated	A	39599702	2024	1	1.0		2026-10-10
NCBITaxon:186801	decreases_abundance_in	MESH:D012149	curated	A	38763328	2024	1	1.0		2026-10-10
NCBITaxon:186801	decreases_abundance_in	MESH:D015179	curated	A	24316595	2013	1	1.0		2026-10-10
NCBITaxon:186801	decreases_abundance_in	MESH:D020345	curated	A	26969089	2016	1	1.0		2026-10-10
NCBITaxon:186801	increases_abundance_in	MESH:D000077277	curated	A	36222897	2022	1	1.0		2026-10-10
NCBITaxon:186801	increases_abundance_in	MESH:D000856	curated	A	26428446	2015	1	1.0		2026-10-10
NCBITaxon:186801	increases_abundance_in	MESH:D003928	curated	A	38346799	2024	1	1.0		2026-10-10
NCBITaxon:186801	increases_abundance_in	MESH:D010518	curated	A	35732628|38062089	2022|2023	2	1.0		2026-10-10
NCBITaxon:186801	increases_abundance_in	MESH:D013605	curated	A	38896898	2024	1	1.0		2026-10-10
NCBITaxon:186801	increases_abundance_in	MESH:D015390	curated	A	19164560	2009	1	1.0		2026-10-10
NCBITaxon:186801	increases_abundance_in	MESH:D016606	curated	A	36034695	2022	1	1.0		2026-10-10
NCBITaxon:186801	increases_abundance_in	MESH:D016776	curated	A	27147260	2016	1	1.0		2026-10-10
NCBITaxon:186801	increases_abundance_in	MESH:D063766	curated	A	27450202	2018	1	1.0		2026-10-10
NCBITaxon:186802	decreases_abundance_in	MESH:D001943	curated	A	39470189	2024	1	1.0		2026-10-10
NCBITaxon:186802	decreases_abundance_in	MESH:D002583	curated	A	39289617	2024	1	1.0		2026-10-10
NCBITaxon:186802	decreases_abundance_in	MESH:D003093	curated	A	28039159	2017	1	1.0		2026-10-10
NCBITaxon:186802	decreases_abundance_in	MESH:D003424	curated	A	20848492|28039159	2010|2017	2	1.0		2026-10-10
NCBITaxon:186802	decreases_abundance_in	MESH:D003924	curated	A	37025407	2023	1	1.0		2026-10-10
NCBITaxon:186802	decreases_abundance_in	MESH:D010505	curated	A	18725973	2008	1	1.0		2026-10-10
NCBITaxon:186802	decreases_abundance_in	MESH:D010661	curated	A	39599702	2024	3	1.0		2026-10-10
NCBITaxon:186802	decreases_abundance_in	MESH:D011565	curated	A	39117753	2024	1	1.0		2026-10-10
NCBITaxon:186802	decreases_abundance_in	MESH:D012149	curated	A	38763328	2024	1	1.0		2026-10-10
NCBITaxon:186802	decreases_abundance_in	MESH:D019936	curated	A	32300799	2021	1	1.0		2026-10-10
NCBITaxon:186802	increases_abundance_in	MESH:D000070642	curated	A	30546361	2018	1	1.0		2026-10-10
NCBITaxon:186802	increases_abundance_in	MESH:D000856	curated	A	26428446	2015	1	1.0		2026-10-10
NCBITaxon:186802	increases_abundance_in	MESH:D003928	curated	A	38346799	2024	1	1.0		2026-10-10
NCBITaxon:186802	increases_abundance_in	MESH:D010518	curated	A	35732628	2022	3	1.0		2026-10-10
NCBITaxon:186802	increases_abundance_in	MESH:D013605	curated	A	38896898	2024	1	1.0		2026-10-10
NCBITaxon:186802	increases_abundance_in	MESH:D063766	curated	A	27450202	2018	1	1.0		2026-10-10
NCBITaxon:186803	decreases_abundance_in	MESH:C563365	curated	A	28341746	2018	1	1.0		2026-10-10
NCBITaxon:186803	decreases_abundance_in	MESH:D000067011	curated	A	31959047	2020	1	1.0		2026-10-10
NCBITaxon:186803	decreases_abundance_in	MESH:D000789	curated	A	31027508	2019	1	1.0		2026-10-10
NCBITaxon:186803	decreases_abundance_in	MESH:D001943	curated	A	39470189	2024	1	1.0		2026-10-10
NCBITaxon:186803	decreases_abundance_in	MESH:D002285	curated	A	39470189	2024	1	1.0		2026-10-10
NCBITaxon:186803	decreases_abundance_in	MESH:D002583	curated	A	39289617	2024	1	1.0		2026-10-10
NCBITaxon:186803	decreases_abundance_in	MESH:D003248	curated	A	30785176	2019	1	1.0		2026-10-10
NCBITaxon:186803	decreases_abundance_in	MESH:D003731	curated	A	41654739	2026	1	1.0		2026-10-10
NCBITaxon:186803	decreases_abundance_in	MESH:D003863	curated	A	24888394|38763328	2014|2024	2	1.0		2026-10-10
NCBITaxon:186803	decreases_abundance_in	MESH:D003876	curated	A	42036885	2026	1	1.0		2026-10-10
NCBITaxon:186803	decreases_abundance_in	MESH:D003967	curated	A	31959047	2020	1	1.0		2026-10-10
NCBITaxon:186803	decreases_abundance_in	MESH:D009103	curated	A	27176462	2016	1	1.0		2026-10-10
NCBITaxon:186803	decreases_abundance_in	MESH:D010195	curated	A	30519748	2019	2	1.0		2026-10-10
NCBITaxon:186803	decreases_abundance_in	MESH:D010661	curated	A	27336782|39599702	2018|2024	2	1.0		2026-10-10
NCBITaxon:186803	decreases_abundance_in	MESH:D011471	curated	A	35296557	2022	1	1.0		2026-10-10
NCBITaxon:186803	decreases_abundance_in	MESH:D012149	curated	A	38763328	2024	2	1.0		2026-10-10
NCBITaxon:186803	decreases_abundance_in	MESH:D015212	curated	A	38874761	2024	1	1.0		2026-10-10
NCBITaxon:186803	decreases_abundance_in	MESH:D054198	curated	A	27527070	2018	1	1.0		2026-10-10
NCBITaxon:186803	increases_abundance_in	MESH:D000077277	curated	A	36222897	2022	1	1.0		2026-10-10
NCBITaxon:186803	increases_abundance_in	MESH:D000856	curated	A	26428446	2015	1	1.0		2026-10-10
NCBITaxon:186803	increases_abundance_in	MESH:D000900	curated	A	33157256	2021	1	1.0		2026-10-10
NCBITaxon:186803	increases_abundance_in	MESH:D001007	curated	A	30824791	2019	1	1.0		2026-10-10
NCBITaxon:186803	increases_abundance_in	MESH:D001249	curated	A	27634868	2018	1	1.0		2026-10-10
NCBITaxon:186803	increases_abundance_in	MESH:D003924	curated	A	37025407	2023	2	1.0		2026-10-10
NCBITaxon:186803	increases_abundance_in	MESH:D003928	curated	A	38346799	2024	1	1.0		2026-10-10
NCBITaxon:186803	increases_abundance_in	MESH:D007003	curated	A	28806487	2017	1	1.0		2026-10-10
NCBITaxon:186803	increases_abundance_in	MESH:D009203	curated	A	40253360	2025	1	1.0		2026-10-10
NCBITaxon:186803	increases_abundance_in	MESH:D010300	curated	A	28506555	2017	1	1.0		2026-10-10
NCBITaxon:186803	increases_abundance_in	MESH:D010510	curated	A	37698410	2023	2	1.0		2026-10-10
NCBITaxon:186803	increases_abundance_in	MESH:D010518	curated	A	35732628	2022	2	1.0		2026-10-10
NCBITaxon:186803	increases_abundance_in	MESH:D010661	curated	A	39599702	2024	1	1.0		2026-10-10
NCBITaxon:186803	increases_abundance_in	MESH:D012210	curated	A	38926079	2024	1	1.0		2026-10-10
NCBITaxon:186803	increases_abundance_in	MESH:D014212	curated	A	36590585	2022	1	1.0		2026-10-10
NCBITaxon:186803	increases_abundance_in	MESH:D015658	curated	A	28362071	2017	3	1.0		2026-10-10
NCBITaxon:186803	increases_abundance_in	MESH:D016640	curated	A	39059479	2024	1	1.0		2026-10-10
NCBITaxon:186803	increases_abundance_in	MESH:D050197	curated	A	30021609	2018	1	1.0		2026-10-10
NCBITaxon:186803	increases_abundance_in	MESH:D065626	curated	A	28823367	2017	1	1.0		2026-10-10
NCBITaxon:186804	decreases_abundance_in	MESH:D000690	curated	A	33135936	2021	1	1.0		2026-10-10
NCBITaxon:186804	decreases_abundance_in	MESH:D002446	curated	A	29458413	2018	1	1.0		2026-10-10
NCBITaxon:186804	increases_abundance_in	MESH:D000081029	curated	A	29946072	2018	1	1.0		2026-10-10
NCBITaxon:186804	increases_abundance_in	MESH:D002583	curated	A	39289617	2024	1	1.0		2026-10-10
NCBITaxon:186804	increases_abundance_in	MESH:D009369	curated	A	27384052	2016	1	1.0		2026-10-10
NCBITaxon:186804	increases_abundance_in	MESH:D009765	curated	A	27559357	2016	2	1.0		2026-10-10
NCBITaxon:186804	increases_abundance_in	MESH:D010510	curated	A	37698410	2023	2	1.0		2026-10-10
NCBITaxon:186804	increases_abundance_in	MESH:D010518	curated	A	35732628|38062089	2022|2023	2	1.0		2026-10-10
NCBITaxon:186806	increases_abundance_in	MESH:D009355	curated	A	35311555	2022	1	1.0		2026-10-10
NCBITaxon:186807	decreases_abundance_in	MESH:D006232	curated	A	39574007	2024	1	1.0		2026-10-10
NCBITaxon:186807	increases_abundance_in	MESH:D065626	curated	A	29948900	2018	1	1.0		2026-10-10
NCBITaxon:186817	increases_abundance_in	MESH:D000900	curated	A	33157256	2021	1	1.0		2026-10-10
NCBITaxon:186822	increases_abundance_in	MESH:D000900	curated	A	33157256	2021	1	1.0		2026-10-10
NCBITaxon:186826	decreases_abundance_in	MESH:D000856	curated	A	26428446	2015	1	1.0		2026-10-10
NCBITaxon:186826	decreases_abundance_in	MESH:D009765	curated	A	27559357	2016	1	1.0		2026-10-10
NCBITaxon:186826	decreases_abundance_in	MESH:D011565	curated	A	39117753	2024	1	1.0		2026-10-10
NCBITaxon:186826	decreases_abundance_in	MESH:D013605	curated	A	38896898	2024	1	1.0		2026-10-10
NCBITaxon:186826	decreases_abundance_in	MESH:D016925	curated	A	38934644	2024	1	1.0		2026-10-10
NCBITaxon:186826	decreases_abundance_in	MESH:D046290	curated	A	29637226	2018	1	1.0		2026-10-10
NCBITaxon:186826	increases_abundance_in	MESH:D002532	curated	A	39415150	2024	2	1.0		2026-10-10
NCBITaxon:186826	increases_abundance_in	MESH:D003731	curated	A	35686590|41654739	2022|2026	2	1.0		2026-10-10
NCBITaxon:186826	increases_abundance_in	MESH:D003924	curated	A	37025407	2023	2	1.0		2026-10-10
NCBITaxon:186826	increases_abundance_in	MESH:D008103	curated	A	37483387	2023	1	1.0		2026-10-10
NCBITaxon:186826	increases_abundance_in	MESH:D009007	curated	A	37899472	2023	1	1.0		2026-10-10
NCBITaxon:186826	increases_abundance_in	MESH:D010661	curated	A	39599702	2024	2	1.0		2026-10-10
NCBITaxon:186826	increases_abundance_in	MESH:D014212	curated	A	36590585	2022	1	1.0		2026-10-10
NCBITaxon:186827	decreases_abundance_in	MESH:D000081029	curated	A	29946072	2018	1	1.0		2026-10-10
NCBITaxon:186827	increases_abundance_in	MESH:D002583	curated	A	39289617	2024	1	1.0		2026-10-10
NCBITaxon:186827	increases_abundance_in	MESH:D013315	curated	A	35613108	2022	1	1.0		2026-10-10
NCBITaxon:186828	increases_abundance_in	MESH:D002532	curated	A	39415150	2024	2	1.0		2026-10-10
NCBITaxon:186928	increases_abundance_in	MESH:D003562	curated	A	36904146	2023	1	1.0		2026-10-10
NCBITaxon:186928	increases_abundance_in	MESH:D003929	curated	A	30358922	2018	1	1.0		2026-10-10
NCBITaxon:186928	increases_abundance_in	MESH:D007669	curated	A	29353409	2018	1	1.0		2026-10-10
NCBITaxon:186928	increases_abundance_in	MESH:D008180	curated	A	36755319	2023	1	1.0		2026-10-10
NCBITaxon:186928	increases_abundance_in	MESH:D014529	curated	A	36904146	2023	1	1.0		2026-10-10
NCBITaxon:1872421	decreases_abundance_in	MESH:D001007	curated	A	30824791	2019	1	1.0		2026-10-10
NCBITaxon:1872421	increases_abundance_in	MESH:D007938	curated	A	26098097	2015	1	1.0		2026-10-10
NCBITaxon:1872530	decreases_abundance_in	MESH:C046366	curated	A	32843357	2021	1	1.0		2026-10-10
NCBITaxon:1872650	increases_abundance_in	MESH:D008107	curated	A	27036035	2016	1	1.0		2026-10-10
NCBITaxon:187326	decreases_abundance_in	MESH:D002532	curated	A	39415150	2024	1	1.0		2026-10-10
NCBITaxon:187326	increases_abundance_in	MESH:D000077277	curated	A	36222897	2022	1	1.0		2026-10-10
NCBITaxon:187326	increases_abundance_in	MESH:D003731	curated	A	37698410	2023	3	1.0		2026-10-10
NCBITaxon:187326	increases_abundance_in	MESH:D009203	curated	A	39447641	2024	1	1.0		2026-10-10
NCBITaxon:187326	increases_abundance_in	MESH:D010510	curated	A	37698410	2023	6	1.0		2026-10-10
NCBITaxon:187326	increases_abundance_in	MESH:D043183	curated	A	39243395	2024	1	1.0		2026-10-10
NCBITaxon:1879010	decreases_abundance_in	MESH:D013605	curated	A	38896898	2024	1	1.0		2026-10-10
NCBITaxon:1883	decreases_abundance_in	MESH:D008103	curated	A	37483387	2023	1	1.0		2026-10-10
NCBITaxon:189326	decreases_abundance_in	MESH:D003248	curated	A	29340896	2018	1	1.0		2026-10-10
NCBITaxon:189330	decreases_abundance_in	MESH:D000079424	curated	A	31326413	2019	1	1.0		2026-10-10
NCBITaxon:189330	decreases_abundance_in	MESH:D003865	curated	A	33421868	2021	1	1.0		2026-10-10
NCBITaxon:189330	decreases_abundance_in	MESH:D004485	curated	A	27812181	2018	1	1.0		2026-10-10
NCBITaxon:189330	decreases_abundance_in	MESH:D005512	curated	A	29017394	2017	1	1.0		2026-10-10
NCBITaxon:189330	decreases_abundance_in	MESH:D007669	curated	A	29353409	2018	1	1.0		2026-10-10
NCBITaxon:189330	decreases_abundance_in	MESH:D009203	curated	A	40253360	2025	1	1.0		2026-10-10
NCBITaxon:189330	decreases_abundance_in	MESH:D010300	curated	A	28429209	2017	1	1.0		2026-10-10
NCBITaxon:189330	decreases_abundance_in	MESH:D010661	curated	A	27336782|39599702	2018|2024	2	1.0		2026-10-10
NCBITaxon:189330	decreases_abundance_in	MESH:D015179	curated	A	22622349	2012	1	1.0		2026-10-10
NCBITaxon:189330	increases_abundance_in	MESH:D000690	curated	A	33135936	2021	1	1.0		2026-10-10
NCBITaxon:189330	increases_abundance_in	MESH:D003424	curated	A	29335008	2018	1	1.0		2026-10-10
NCBITaxon:189330	increases_abundance_in	MESH:D003924	curated	A	37025407	2023	1	1.0		2026-10-10
NCBITaxon:189330	increases_abundance_in	MESH:D003967	curated	A	37231829	2023	1	1.0		2026-10-10
NCBITaxon:189330	increases_abundance_in	MESH:D010518	curated	A	35732628	2022	1	1.0		2026-10-10
NCBITaxon:189330	increases_abundance_in	MESH:D017963	curated	A	28402408	2017	1	1.0		2026-10-10
NCBITaxon:189330	increases_abundance_in	MESH:D043183	curated	A	21741921	2011	1	1.0		2026-10-10
NCBITaxon:189330	increases_abundance_in	MESH:D065626	curated	A	29948900	2018	1	1.0		2026-10-10
NCBITaxon:1898104	increases_abundance_in	MESH:D003731	curated	A	37698410	2023	1	1.0		2026-10-10
NCBITaxon:1898104	increases_abundance_in	MESH:D010510	curated	A	37698410	2023	1	1.0		2026-10-10
NCBITaxon:1898203	decreases_abundance_in	MESH:D003248	curated	A	29340896	2018	1	1.0		2026-10-10
NCBITaxon:1898203	decreases_abundance_in	MESH:D003731	curated	A	37698410	2023	1	1.0		2026-10-10
NCBITaxon:1898203	increases_abundance_in	MESH:D000077277	curated	A	36222897	2022	1	1.0		2026-10-10
NCBITaxon:1898203	increases_abundance_in	MESH:D003731	curated	A	37698410	2023	1	1.0		2026-10-10
NCBITaxon:1898207	increases_abundance_in	MESH:D010510	curated	A	37698410	2023	2	1.0		2026-10-10
NCBITaxon:1898207	increases_abundance_in	MESH:D015658	curated	A	28362071	2017	1	1.0		2026-10-10
NCBITaxon:1898207	increases_abundance_in	MESH:D016606	curated	A	36034695	2022	1	1.0		2026-10-10
NCBITaxon:1902136	increases_abundance_in	MESH:D003731	curated	A	35686590	2022	1	1.0		2026-10-10
NCBITaxon:1904861	decreases_abundance_in	MESH:D010510	curated	A	37698410	2023	2	1.0		2026-10-10
NCBITaxon:1904861	increases_abundance_in	MESH:D010510	curated	A	37698410	2023	2	1.0		2026-10-10
NCBITaxon:1906119	decreases_abundance_in	MESH:D003928	curated	A	38346799	2024	1	1.0		2026-10-10
NCBITaxon:1906119	increases_abundance_in	MESH:D000073932	curated	A	38926079	2024	1	1.0		2026-10-10
NCBITaxon:191	decreases_abundance_in	MESH:D000077277	curated	A	36222897	2022	1	1.0		2026-10-10
NCBITaxon:191303	decreases_abundance_in	MESH:D003921	curated	A	30667148	2019	1	1.0		2026-10-10
NCBITaxon:191303	decreases_abundance_in	MESH:D003924	curated	A	30577594|37715517	2018|2024	3	1.0		2026-10-10
NCBITaxon:191303	decreases_abundance_in	MESH:D003928	curated	A	38346799	2024	1	1.0		2026-10-10
NCBITaxon:191303	decreases_abundance_in	MESH:D003929	curated	A	30358922	2018	1	1.0		2026-10-10
NCBITaxon:191303	decreases_abundance_in	MESH:D004485	curated	A	27812181	2018	1	1.0		2026-10-10
NCBITaxon:191303	decreases_abundance_in	MESH:D009765	curated	A	30064988	2019	1	1.0		2026-10-10
NCBITaxon:191303	decreases_abundance_in	MESH:D013167	curated	A	30886835	2019	1	1.0		2026-10-10
NCBITaxon:191303	decreases_abundance_in	MESH:D054328	curated	A	38050061	2024	1	1.0		2026-10-10
NCBITaxon:191303	increases_abundance_in	MESH:D000544	curated	A	38535538	2024	1	1.0		2026-10-10
NCBITaxon:191303	increases_abundance_in	MESH:D003092	curated	A	29766049	2018	1	1.0		2026-10-10
NCBITaxon:191303	increases_abundance_in	MESH:D009765	curated	A	27559357	2016	3	1.0		2026-10-10
NCBITaxon:191303	increases_abundance_in	MESH:D015179	curated	A	22622349	2012	1	1.0		2026-10-10
NCBITaxon:1913599	increases_abundance_in	MESH:D000077195	curated	A	38589501	2024	1	1.0		2026-10-10
NCBITaxon:191393	increases_abundance_in	MESH:D003928	curated	A	38346799	2024	1	1.0		2026-10-10
NCBITaxon:191394	increases_abundance_in	MESH:D000544	curated	A	30816709	2019	1	1.0		2026-10-10
NCBITaxon:191394	increases_abundance_in	MESH:D003876	curated	A	42036885	2026	1	1.0		2026-10-10
NCBITaxon:191494	decreases_abundance_in	MESH:D008103	curated	A	37483387	2023	1	1.0		2026-10-10
NCBITaxon:191675	decreases_abundance_in	MESH:D002318	curated	A	29998997	2018	1	1.0		2026-10-10
NCBITaxon:1918540	decreases_abundance_in	MESH:D003928	curated	A	38346799	2024	1	1.0		2026-10-10
NCBITaxon:1926307	increases_abundance_in	MESH:D003731	curated	A	39707459	2024	1	1.0		2026-10-10
NCBITaxon:1935176	increases_abundance_in	MESH:D003929	curated	A	30358922	2018	1	1.0		2026-10-10
NCBITaxon:1937008	decreases_abundance_in	MESH:D003015	curated	A	39294333	2024	1	1.0		2026-10-10
NCBITaxon:1937008	decreases_abundance_in	MESH:D003929	curated	A	30358922	2018	1	1.0		2026-10-10
NCBITaxon:1937008	decreases_abundance_in	MESH:D016925	curated	A	38934644	2024	1	1.0		2026-10-10
NCBITaxon:1937008	increases_abundance_in	MESH:D003562	curated	A	36904146	2023	1	1.0		2026-10-10
NCBITaxon:194	decreases_abundance_in	MESH:D000077277	curated	A	36222897	2022	1	1.0		2026-10-10
NCBITaxon:194	decreases_abundance_in	MESH:D002532	curated	A	39415150	2024	2	1.0		2026-10-10
NCBITaxon:194	decreases_abundance_in	MESH:D006232	curated	A	39574007	2024	1	1.0		2026-10-10
NCBITaxon:194	decreases_abundance_in	MESH:D008694	curated	A	38112416	2023	1	1.0		2026-10-10
NCBITaxon:194	decreases_abundance_in	MESH:D015658	curated	A	39090139	2024	1	1.0		2026-10-10
NCBITaxon:194	decreases_abundance_in	MESH:D017963	curated	A	28402408	2017	1	1.0		2026-10-10
NCBITaxon:194	increases_abundance_in	MESH:D001172	curated	A	34721377	2021	1	1.0		2026-10-10
NCBITaxon:194	increases_abundance_in	MESH:D002285	curated	A	39470189	2024	1	1.0		2026-10-10
NCBITaxon:194	increases_abundance_in	MESH:D003093	curated	A	29632427	2018	1	1.0		2026-10-10
NCBITaxon:194	increases_abundance_in	MESH:D003731	curated	A	39661115	2024	1	1.0		2026-10-10
NCBITaxon:194	increases_abundance_in	MESH:D003865	curated	A	40718680	2025	1	1.0		2026-10-10
NCBITaxon:194	increases_abundance_in	MESH:D003876	curated	A	39523189	2024	1	1.0		2026-10-10
NCBITaxon:194	increases_abundance_in	MESH:D008010	curated	A	41419527	2025	1	1.0		2026-10-10
NCBITaxon:194	increases_abundance_in	MESH:D008180	curated	A	36755319	2023	1	1.0		2026-10-10
NCBITaxon:194	increases_abundance_in	MESH:D009007	curated	A	37899472	2023	1	1.0		2026-10-10
NCBITaxon:194	increases_abundance_in	MESH:D011565	curated	A	39117753	2024	1	1.0		2026-10-10
NCBITaxon:194	increases_abundance_in	MESH:D012516	curated	A	39055977	2024	2	1.0		2026-10-10
NCBITaxon:194	increases_abundance_in	MESH:D015658	curated	A	39090139	2024	1	1.0		2026-10-10
NCBITaxon:194	increases_abundance_in	MESH:D023241	curated	A	28118207	2017	1	1.0		2026-10-10
NCBITaxon:1940338	increases_abundance_in	MESH:D003093	curated	A	27604252	2018	1	1.0		2026-10-10
NCBITaxon:1940338	increases_abundance_in	MESH:D004485	curated	A	27812181	2018	1	1.0		2026-10-10
NCBITaxon:1940338	increases_abundance_in	MESH:D007669	curated	A	29353409	2018	1	1.0		2026-10-10
NCBITaxon:1940338	increases_abundance_in	MESH:D009765	curated	A	29280312	2018	1	1.0		2026-10-10
NCBITaxon:1940338	increases_abundance_in	MESH:D010195	curated	A	30519748	2019	1	1.0		2026-10-10
NCBITaxon:1940338	increases_abundance_in	MESH:D010300	curated	A	28536926	2017	1	1.0		2026-10-10
NCBITaxon:1940338	increases_abundance_in	MESH:D016638	curated	A	27837233	2018	1	1.0		2026-10-10
NCBITaxon:1940338	increases_abundance_in	MESH:D019936	curated	A	26238090	2015	1	1.0		2026-10-10
NCBITaxon:1940338	increases_abundance_in	MESH:D041881	curated	A	26025761	2015	1	1.0		2026-10-10
NCBITaxon:1940338	increases_abundance_in	MESH:D050031	curated	A	28903182	2017	1	1.0		2026-10-10
NCBITaxon:1940338	increases_abundance_in	MESH:D065626	curated	A	28823367	2017	1	1.0		2026-10-10
NCBITaxon:1940339	decreases_abundance_in	MESH:D018120	curated	A	32951160	2021	1	1.0		2026-10-10
NCBITaxon:1940340	increases_abundance_in	MESH:D003865	curated	A	33421868	2021	1	1.0		2026-10-10
NCBITaxon:194702	increases_abundance_in	MESH:D003876	curated	A	39523189	2024	1	1.0		2026-10-10
NCBITaxon:194924	decreases_abundance_in	MESH:D007444	curated	A	26098097	2015	1	1.0		2026-10-10
NCBITaxon:194924	decreases_abundance_in	MESH:D007938	curated	A	26098097	2015	2	1.0		2026-10-10
NCBITaxon:194924	decreases_abundance_in	MESH:D008103	curated	A	37483387	2023	1	1.0		2026-10-10
NCBITaxon:194924	decreases_abundance_in	MESH:D012149	curated	A	38763328	2024	2	1.0		2026-10-10
NCBITaxon:194924	decreases_abundance_in	MESH:D018120	curated	A	32951160	2021	1	1.0		2026-10-10
NCBITaxon:194924	increases_abundance_in	MESH:D003928	curated	A	38346799	2024	1	1.0		2026-10-10
NCBITaxon:194924	increases_abundance_in	MESH:D015179	curated	A	29687353	2018	1	1.0		2026-10-10
NCBITaxon:194924	increases_abundance_in	MESH:D015658	curated	A	28362071	2017	1	1.0		2026-10-10
NCBITaxon:194924	increases_abundance_in	MESH:D016925	curated	A	38934644	2024	1	1.0		2026-10-10
NCBITaxon:194924	increases_abundance_in	MESH:D050197	curated	A	30021609	2018	1	1.0		2026-10-10
NCBITaxon:1955243	increases_abundance_in	MESH:D015658	curated	A	28362071	2017	1	1.0		2026-10-10
NCBITaxon:1955814	decreases_abundance_in	MESH:D000368	curated	A	19703328	2010	1	1.0		2026-10-10
NCBITaxon:195950	decreases_abundance_in	MESH:D003731	curated	A	35686590	2022	1	1.0		2026-10-10
NCBITaxon:195950	decreases_abundance_in	MESH:D006232	curated	A	39574007	2024	1	1.0		2026-10-10
NCBITaxon:195950	decreases_abundance_in	MESH:D009062	curated	A	35433507	2022	1	1.0		2026-10-10
NCBITaxon:195950	increases_abundance_in	MESH:D003731	curated	A	41534871	2026	1	1.0		2026-10-10
NCBITaxon:195950	increases_abundance_in	MESH:D003876	curated	A	39523189	2024	1	1.0		2026-10-10
NCBITaxon:195950	increases_abundance_in	MESH:D006973	curated	A	41923033	2026	1	1.0		2026-10-10
NCBITaxon:195950	increases_abundance_in	MESH:D010518	curated	A	35732628|41534871|41923033	2022|2026	4	1.0		2026-10-10
NCBITaxon:195950	increases_abundance_in	MESH:D051436	curated	A	35348181	2022	1	1.0		2026-10-10
NCBITaxon:1960103	increases_abundance_in	MESH:D003424	curated	A	20848492	2010	1	1.0		2026-10-10
NCBITaxon:196081	increases_abundance_in	MESH:D001007	curated	A	36946910	2023	1	1.0		2026-10-10
NCBITaxon:196081	increases_abundance_in	MESH:D003731	curated	A	41534871	2026	1	1.0		2026-10-10
NCBITaxon:196081	increases_abundance_in	MESH:D003863	curated	A	36946910	2023	1	1.0		2026-10-10
NCBITaxon:196081	increases_abundance_in	MESH:D009967	curated	A	39709380	2024	1	1.0		2026-10-10
NCBITaxon:196082	increases_abundance_in	MESH:D003731	curated	A	41534871	2026	2	1.0		2026-10-10
NCBITaxon:196082	increases_abundance_in	MESH:D009062	curated	A	41534871	2026	1	1.0		2026-10-10
NCBITaxon:1980681	decreases_abundance_in	MESH:D012149	curated	A	38763328	2024	1	1.0		2026-10-10
NCBITaxon:1980681	increases_abundance_in	MESH:D003876	curated	A	42036885	2026	1	1.0		2026-10-10
NCBITaxon:1980681	increases_abundance_in	MESH:D005690	curated	A	38825119	2024	1	1.0		2026-10-10
NCBITaxon:1986146	increases_abundance_in	MESH:D009765	curated	A	41305578	2025	1	1.0		2026-10-10
NCBITaxon:1986206	increases_abundance_in	MESH:D010518	curated	A	41303313	2025	1	1.0		2026-10-10
NCBITaxon:199	decreases_abundance_in	MESH:D013274	curated	A	37980457	2023	1	1.0		2026-10-10
NCBITaxon:199	increases_abundance_in	MESH:D009203	curated	A	39447641	2024	1	1.0		2026-10-10
NCBITaxon:199	increases_abundance_in	MESH:D010510	curated	A	37698410	2023	1	1.0		2026-10-10
NCBITaxon:199	increases_abundance_in	MESH:D011565	curated	A	39117753	2024	1	1.0		2026-10-10
NCBITaxon:199	increases_abundance_in	MESH:D043183	curated	A	39243395	2024	1	1.0		2026-10-10
NCBITaxon:2	decreases_abundance_in	MESH:D000079424	curated	A	31326413	2019	1	1.0		2026-10-10
NCBITaxon:20	increases_abundance_in	MESH:C536315	curated	A	27217061	2016	1	1.0		2026-10-10
NCBITaxon:2005473	decreases_abundance_in	MESH:D003015	curated	A	39294333	2024	1	1.0		2026-10-10
NCBITaxon:2005473	decreases_abundance_in	MESH:D003928	curated	A	38346799	2024	1	1.0		2026-10-10
NCBITaxon:2005473	decreases_abundance_in	MESH:D004761	curated	A	30211217	2018	1	1.0		2026-10-10
NCBITaxon:2005473	decreases_abundance_in	MESH:D011085	curated	A	28045919	2017	1	1.0		2026-10-10
NCBITaxon:2005473	decreases_abundance_in	MESH:D011565	curated	A	39117753	2024	2	1.0		2026-10-10
NCBITaxon:2005473	decreases_abundance_in	MESH:D014212	curated	A	36590585	2022	1	1.0		2026-10-10
NCBITaxon:2005473	decreases_abundance_in	MESH:D050154	curated	A	26973703	2016	1	1.0		2026-10-10
NCBITaxon:2005473	increases_abundance_in	MESH:D012149	curated	A	38763328	2024	2	1.0		2026-10-10
NCBITaxon:2005519	decreases_abundance_in	MESH:D000079424	curated	A	31326413	2019	1	1.0		2026-10-10
NCBITaxon:2005519	decreases_abundance_in	MESH:D003424	curated	A	29335008	2018	1	1.0		2026-10-10
NCBITaxon:2005519	decreases_abundance_in	MESH:D018120	curated	A	32951160	2021	1	1.0		2026-10-10
NCBITaxon:2005519	increases_abundance_in	MESH:D010300	curated	A	28506555	2017	1	1.0		2026-10-10
NCBITaxon:2005519	increases_abundance_in	MESH:D015209	curated	A	26857969	2016	1	1.0		2026-10-10
NCBITaxon:2005523	increases_abundance_in	MESH:D010518	curated	A	38062089	2023	1	1.0		2026-10-10
NCBITaxon:2005525	decreases_abundance_in	MESH:D003731	curated	A	35686590	2022	1	1.0		2026-10-10
NCBITaxon:2005525	decreases_abundance_in	MESH:D003928	curated	A	38346799	2024	1	1.0		2026-10-10
NCBITaxon:2005525	increases_abundance_in	MESH:D016925	curated	A	38934644	2024	1	1.0		2026-10-10
NCBITaxon:200643	decreases_abundance_in	MESH:D003924	curated	A	37025407	2023	2	1.0		2026-10-10
NCBITaxon:200643	decreases_abundance_in	MESH:D003928	curated	A	38346799	2024	1	1.0		2026-10-10
NCBITaxon:200643	decreases_abundance_in	MESH:D063766	curated	A	27450202	2018	1	1.0		2026-10-10
NCBITaxon:200643	increases_abundance_in	MESH:D000856	curated	A	26428446	2015	1	1.0		2026-10-10
NCBITaxon:200643	increases_abundance_in	MESH:D006232	curated	A	39574007	2024	1	1.0		2026-10-10
NCBITaxon:200644	decreases_abundance_in	MESH:D003731	curated	A	35686590	2022	1	1.0		2026-10-10
NCBITaxon:200644	decreases_abundance_in	MESH:D003863	curated	A	36946910	2023	1	1.0		2026-10-10
NCBITaxon:200644	decreases_abundance_in	MESH:D010518	curated	A	35732628	2022	1	1.0		2026-10-10
NCBITaxon:200644	increases_abundance_in	MESH:D000077277	curated	A	36222897	2022	1	1.0		2026-10-10
NCBITaxon:200644	increases_abundance_in	MESH:D011565	curated	A	39117753	2024	1	1.0		2026-10-10
NCBITaxon:200666	increases_abundance_in	MESH:D010518	curated	A	38062089	2023	1	1.0		2026-10-10
NCBITaxon:2006847	decreases_abundance_in	MESH:D005690	curated	A	38825119	2024	1	1.0		2026-10-10
NCBITaxon:2006847	increases_abundance_in	MESH:D014529	curated	A	36904146	2023	1	1.0		2026-10-10
NCBITaxon:200795	decreases_abundance_in	MESH:D008103	curated	A	37483387	2023	1	1.0		2026-10-10
NCBITaxon:200795	increases_abundance_in	MESH:C563924	curated	A	27194068	2016	1	1.0		2026-10-10
NCBITaxon:200795	increases_abundance_in	MESH:D018281	curated	A	36345047	2022	1	1.0		2026-10-10
NCBITaxon:200918	decreases_abundance_in	MESH:D015671	curated	A	30284469	2018	1	1.0		2026-10-10
NCBITaxon:200930	increases_abundance_in	MESH:D001007	curated	A	30824791	2019	1	1.0		2026-10-10
NCBITaxon:200930	increases_abundance_in	MESH:D004761	curated	A	30211217	2018	1	1.0		2026-10-10
NCBITaxon:200940	decreases_abundance_in	MESH:D012149	curated	A	38763328	2024	1	1.0		2026-10-10
NCBITaxon:200940	increases_abundance_in	MESH:D003928	curated	A	38346799	2024	1	1.0		2026-10-10
NCBITaxon:200940	increases_abundance_in	MESH:D010518	curated	A	38062089	2023	1	1.0		2026-10-10
NCBITaxon:200940	increases_abundance_in	MESH:D016925	curated	A	38934644	2024	1	1.0		2026-10-10
NCBITaxon:200940	increases_abundance_in	MESH:D018281	curated	A	36345047	2022	1	1.0		2026-10-10
NCBITaxon:201174	decreases_abundance_in	MESH:D000073932	curated	A	38926079	2024	2	1.0		2026-10-10
NCBITaxon:201174	decreases_abundance_in	MESH:D000375	curated	A	28181098	2017	1	1.0		2026-10-10
NCBITaxon:201174	decreases_abundance_in	MESH:D000544	curated	A	30816709	2019	1	1.0		2026-10-10
NCBITaxon:201174	decreases_abundance_in	MESH:D000900	curated	A	33157256	2021	1	1.0		2026-10-10
NCBITaxon:201174	decreases_abundance_in	MESH:D001007	curated	A	30824791	2019	1	1.0		2026-10-10
NCBITaxon:201174	decreases_abundance_in	MESH:D003248	curated	A	30785176	2019	1	1.0		2026-10-10
NCBITaxon:201174	decreases_abundance_in	MESH:D003924	curated	A	30569533	2019	1	1.0		2026-10-10
NCBITaxon:201174	decreases_abundance_in	MESH:D003928	curated	A	38346799	2024	1	1.0		2026-10-10
NCBITaxon:201174	decreases_abundance_in	MESH:D004761	curated	A	30211217	2018	1	1.0		2026-10-10
NCBITaxon:201174	decreases_abundance_in	MESH:D009203	curated	A	40253360	2025	1	1.0		2026-10-10
NCBITaxon:201174	decreases_abundance_in	MESH:D010530	curated	A	27640125	2018	1	1.0		2026-10-10
NCBITaxon:201174	decreases_abundance_in	MESH:D012516	curated	A	39055977	2024	1	1.0		2026-10-10
NCBITaxon:201174	decreases_abundance_in	MESH:D014302	curated	A	38612971	2024	1	1.0		2026-10-10
NCBITaxon:201174	decreases_abundance_in	MESH:D015179	curated	A	28600626	2017	1	1.0		2026-10-10
NCBITaxon:201174	decreases_abundance_in	MESH:D018120	curated	A	32951160	2021	1	1.0		2026-10-10
NCBITaxon:201174	decreases_abundance_in	MESH:D018281	curated	A	36345047	2022	1	1.0		2026-10-10
NCBITaxon:201174	decreases_abundance_in	MESH:D019283	curated	A	29409589	2018	1	1.0		2026-10-10
NCBITaxon:201174	decreases_abundance_in	MESH:D020345	curated	A	21674011	2011	1	1.0		2026-10-10
NCBITaxon:201174	decreases_abundance_in	MESH:D046290	curated	A	29637226	2018	1	1.0		2026-10-10
NCBITaxon:201174	increases_abundance_in	MESH:C000714387	curated	A	23453736	2013	1	1.0		2026-10-10
NCBITaxon:201174	increases_abundance_in	MESH:C535244	curated	A	30211217	2018	1	1.0		2026-10-10
NCBITaxon:201174	increases_abundance_in	MESH:C551158	curated	A	30211217	2018	1	1.0		2026-10-10
NCBITaxon:201174	increases_abundance_in	MESH:C563924	curated	A	27194068	2016	1	1.0		2026-10-10
NCBITaxon:201174	increases_abundance_in	MESH:D000667	curated	A	35311555	2022	1	1.0		2026-10-10
NCBITaxon:201174	increases_abundance_in	MESH:D001289	curated	A	28863139	2017	1	1.0		2026-10-10
NCBITaxon:201174	increases_abundance_in	MESH:D001943	curated	A	39470189	2024	1	1.0		2026-10-10
NCBITaxon:201174	increases_abundance_in	MESH:D002285	curated	A	39470189	2024	1	1.0		2026-10-10
NCBITaxon:201174	increases_abundance_in	MESH:D003093	curated	A	22170749	2011	1	1.0		2026-10-10
NCBITaxon:201174	increases_abundance_in	MESH:D003424	curated	A	26789999|35493739	2016|2022	2	1.0		2026-10-10
NCBITaxon:201174	increases_abundance_in	MESH:D003550	curated	A	31992345	2020	1	1.0		2026-10-10
NCBITaxon:201174	increases_abundance_in	MESH:D003731	curated	A	37571254	2023	1	1.0		2026-10-10
NCBITaxon:201174	increases_abundance_in	MESH:D003863	curated	A	36946910	2023	1	1.0		2026-10-10
NCBITaxon:201174	increases_abundance_in	MESH:D003924	curated	A	37025407	2023	2	1.0		2026-10-10
NCBITaxon:201174	increases_abundance_in	MESH:D003967	curated	A	37231829	2023	1	1.0		2026-10-10
NCBITaxon:201174	increases_abundance_in	MESH:D004761	curated	A	30211217	2018	1	1.0		2026-10-10
NCBITaxon:201174	increases_abundance_in	MESH:D009103	curated	A	27176462	2016	1	1.0		2026-10-10
NCBITaxon:201174	increases_abundance_in	MESH:D010518	curated	A	35732628	2022	1	1.0		2026-10-10
NCBITaxon:201174	increases_abundance_in	MESH:D014640	curated	A	35311555	2022	1	1.0		2026-10-10
NCBITaxon:201174	increases_abundance_in	MESH:D015179	curated	A	22622349	2012	1	1.0		2026-10-10
NCBITaxon:201174	increases_abundance_in	MESH:D054328	curated	A	29105152	2018	1	1.0		2026-10-10
NCBITaxon:201174	increases_abundance_in	MESH:D059305	curated	A	33210367	2021	1	1.0		2026-10-10
NCBITaxon:2026720	increases_abundance_in	MESH:D003731	curated	A	37698410	2023	4	1.0		2026-10-10
NCBITaxon:2026720	increases_abundance_in	MESH:D010510	curated	A	37698410	2023	2	1.0		2026-10-10
NCBITaxon:2026720	increases_abundance_in	MESH:D016606	curated	A	36034695	2022	1	1.0		2026-10-10
NCBITaxon:2030797	decreases_abundance_in	MESH:D003731	curated	A	35686590	2022	1	1.0		2026-10-10
NCBITaxon:2030927	decreases_abundance_in	MESH:D015658	curated	A	28362071	2017	1	1.0		2026-10-10
NCBITaxon:2030927	increases_abundance_in	MESH:D010510	curated	A	37698410	2023	2	1.0		2026-10-10
NCBITaxon:203490	decreases_abundance_in	MESH:D003863	curated	A	36946910	2023	1	1.0		2026-10-10
NCBITaxon:203490	decreases_abundance_in	MESH:D006232	curated	A	39574007	2024	1	1.0		2026-10-10
NCBITaxon:203490	increases_abundance_in	MESH:D000077277	curated	A	36222897	2022	1	1.0		2026-10-10
NCBITaxon:203491	decreases_abundance_in	MESH:D003863	curated	A	36946910	2023	1	1.0		2026-10-10
NCBITaxon:203491	decreases_abundance_in	MESH:D006232	curated	A	39574007	2024	1	1.0		2026-10-10
NCBITaxon:203491	increases_abundance_in	MESH:D000077277	curated	A	36222897	2022	1	1.0		2026-10-10
NCBITaxon:203492	decreases_abundance_in	MESH:D001007	curated	A	36946910	2023	1	1.0		2026-10-10
NCBITaxon:203492	decreases_abundance_in	MESH:D003731	curated	A	41654739	2026	1	1.0		2026-10-10
NCBITaxon:203492	decreases_abundance_in	MESH:D003863	curated	A	36946910	2023	1	1.0		2026-10-10
NCBITaxon:203492	decreases_abundance_in	MESH:D006232	curated	A	39574007	2024	1	1.0		2026-10-10
NCBITaxon:203492	increases_abundance_in	MESH:D003731	curated	A	39661115	2024	1	1.0		2026-10-10
NCBITaxon:203494	decreases_abundance_in	MESH:D002583	curated	A	39289617	2024	1	1.0		2026-10-10
NCBITaxon:203494	decreases_abundance_in	MESH:D003093	curated	A	22170749	2011	1	1.0		2026-10-10
NCBITaxon:203494	decreases_abundance_in	MESH:D003928	curated	A	38346799	2024	1	1.0		2026-10-10
NCBITaxon:203557	decreases_abundance_in	MESH:D011471	curated	A	35296557	2022	1	1.0		2026-10-10
NCBITaxon:203682	increases_abundance_in	MESH:D009369	curated	A	27384052	2016	1	1.0		2026-10-10
NCBITaxon:203691	decreases_abundance_in	MESH:D003424	curated	A	35493739	2022	2	1.0		2026-10-10
NCBITaxon:203691	decreases_abundance_in	MESH:D006232	curated	A	39574007	2024	1	1.0		2026-10-10
NCBITaxon:203691	decreases_abundance_in	MESH:D013789	curated	A	39438708	2024	1	1.0		2026-10-10
NCBITaxon:203691	decreases_abundance_in	MESH:D015671	curated	A	30284469	2018	1	1.0		2026-10-10
NCBITaxon:203691	increases_abundance_in	MESH:D003093	curated	A	22170749|29632427	2011|2018	2	1.0		2026-10-10
NCBITaxon:203691	increases_abundance_in	MESH:D004761	curated	A	30211217	2018	1	1.0		2026-10-10
NCBITaxon:203691	increases_abundance_in	MESH:D010518	curated	A	35732628	2022	1	1.0		2026-10-10
NCBITaxon:203691	increases_abundance_in	MESH:D016606	curated	A	36034695	2022	1	1.0		2026-10-10
NCBITaxon:203691	increases_abundance_in	MESH:D018281	curated	A	36345047	2022	1	1.0		2026-10-10
NCBITaxon:203692	decreases_abundance_in	MESH:D006232	curated	A	39574007	2024	1	1.0		2026-10-10
NCBITaxon:203692	increases_abundance_in	MESH:D010518	curated	A	35732628	2022	1	1.0		2026-10-10
NCBITaxon:203692	increases_abundance_in	MESH:D016606	curated	A	36034695	2022	1	1.0		2026-10-10
NCBITaxon:2037	decreases_abundance_in	MESH:D008103	curated	A	37483387	2023	1	1.0		2026-10-10
NCBITaxon:2037	decreases_abundance_in	MESH:D015658	curated	A	28362071	2017	1	1.0		2026-10-10
NCBITaxon:2037	increases_abundance_in	MESH:D002285	curated	A	39470189	2024	1	1.0		2026-10-10
NCBITaxon:2037	increases_abundance_in	MESH:D003863	curated	A	36946910	2023	1	1.0		2026-10-10
NCBITaxon:2037	increases_abundance_in	MESH:D003924	curated	A	37025407	2023	1	1.0		2026-10-10
NCBITaxon:2037	increases_abundance_in	MESH:D009007	curated	A	37899472	2023	1	1.0		2026-10-10
NCBITaxon:2037	increases_abundance_in	MESH:D010518	curated	A	35732628	2022	1	1.0		2026-10-10
NCBITaxon:2037	increases_abundance_in	MESH:D054328	curated	A	32871870	2020	1	1.0		2026-10-10
NCBITaxon:203804	decreases_abundance_in	MESH:D017963	curated	A	28402408	2017	1	1.0		2026-10-10
NCBITaxon:204	decreases_abundance_in	MESH:D010510	curated	A	37698410	2023	1	1.0		2026-10-10
NCBITaxon:204	increases_abundance_in	MESH:D003731	curated	A	39661115	2024	1	1.0		2026-10-10
NCBITaxon:204	increases_abundance_in	MESH:D005891	curated	A	38762482	2024	1	1.0		2026-10-10
NCBITaxon:204	increases_abundance_in	MESH:D011565	curated	A	39117753	2024	1	1.0		2026-10-10
NCBITaxon:2040332	decreases_abundance_in	MESH:D001007	curated	A	30824791	2019	1	1.0		2026-10-10
NCBITaxon:204037	decreases_abundance_in	MESH:D002532	curated	A	39415150	2024	1	1.0		2026-10-10
NCBITaxon:204286	decreases_abundance_in	MESH:D010518	curated	A	35732628	2022	1	1.0		2026-10-10
NCBITaxon:204455	decreases_abundance_in	MESH:D013964	curated	A	36034695	2022	1	1.0		2026-10-10
NCBITaxon:204455	decreases_abundance_in	MESH:D016606	curated	A	36034695	2022	1	1.0		2026-10-10
NCBITaxon:204457	decreases_abundance_in	MESH:D015658	curated	A	28362071	2017	1	1.0		2026-10-10
NCBITaxon:204458	decreases_abundance_in	MESH:D003922	curated	A	27231166	2016	1	1.0		2026-10-10
NCBITaxon:204458	decreases_abundance_in	MESH:D010518	curated	A	38062089	2023	1	1.0		2026-10-10
NCBITaxon:204458	increases_abundance_in	MESH:D010518	curated	A	35732628	2022	1	1.0		2026-10-10
NCBITaxon:204475	decreases_abundance_in	MESH:D000152	curated	A	29756631	2018	1	1.0		2026-10-10
NCBITaxon:204475	increases_abundance_in	MESH:D004485	curated	A	27812181	2018	1	1.0		2026-10-10
NCBITaxon:204516	decreases_abundance_in	MESH:D010300	curated	A	28429209	2017	1	1.0		2026-10-10
NCBITaxon:2047	decreases_abundance_in	MESH:D010510	curated	A	37698410	2023	3	1.0		2026-10-10
NCBITaxon:2047	decreases_abundance_in	MESH:D065631	curated	A	39614169	2024	1	1.0		2026-10-10
NCBITaxon:2047	increases_abundance_in	MESH:D003731	curated	A	35686590	2022	1	1.0		2026-10-10
NCBITaxon:2047	increases_abundance_in	MESH:D005891	curated	A	38762482	2024	1	1.0		2026-10-10
NCBITaxon:2047	increases_abundance_in	MESH:D043183	curated	A	39243395	2024	1	1.0		2026-10-10
NCBITaxon:2049	decreases_abundance_in	MESH:D000856	curated	A	26428446	2015	1	1.0		2026-10-10
NCBITaxon:2049	increases_abundance_in	MESH:D002285	curated	A	39470189	2024	1	1.0		2026-10-10
NCBITaxon:2049	increases_abundance_in	MESH:D003876	curated	A	39523189	2024	1	1.0		2026-10-10
NCBITaxon:2049	increases_abundance_in	MESH:D003924	curated	A	37025407	2023	1	1.0		2026-10-10
NCBITaxon:2049	increases_abundance_in	MESH:D009007	curated	A	37899472	2023	1	1.0		2026-10-10
NCBITaxon:2049	increases_abundance_in	MESH:D009055	curated	A	35038733	2022	1	1.0		2026-10-10
NCBITaxon:2049024	decreases_abundance_in	MESH:D015673	curated	A	27338587	2018	1	1.0		2026-10-10
NCBITaxon:2049024	increases_abundance_in	MESH:D003248	curated	A	29340896	2018	1	1.0		2026-10-10
NCBITaxon:2049034	decreases_abundance_in	MESH:C535916	curated	A	38637854	2024	1	1.0		2026-10-10
NCBITaxon:2049036	decreases_abundance_in	MESH:D001007	curated	A	30824791	2019	1	1.0		2026-10-10
NCBITaxon:2049040	increases_abundance_in	MESH:D007444	curated	A	26098097	2015	1	1.0		2026-10-10
NCBITaxon:2049040	increases_abundance_in	MESH:D007938	curated	A	26098097	2015	1	1.0		2026-10-10
NCBITaxon:2049044	decreases_abundance_in	MESH:D003248	curated	A	29340896	2018	1	1.0		2026-10-10
NCBITaxon:2049048	decreases_abundance_in	MESH:D003248	curated	A	29340896	2018	1	1.0		2026-10-10
NCBITaxon:2049049	increases_abundance_in	MESH:D003731	curated	A	37698410	2023	1	1.0		2026-10-10
NCBITaxon:2050	increases_abundance_in	MESH:D016606	curated	A	36034695	2022	1	1.0		2026-10-10
NCBITaxon:2050	increases_abundance_in	MESH:D023921	curated	A	38111089	2024	1	1.0		2026-10-10
NCBITaxon:2050	increases_abundance_in	MESH:D051436	curated	A	35348181	2022	1	1.0		2026-10-10
NCBITaxon:2051	decreases_abundance_in	MESH:D043183	curated	A	39243395	2024	1	1.0		2026-10-10
NCBITaxon:2062	decreases_abundance_in	MESH:D008103	curated	A	37483387	2023	1	1.0		2026-10-10
NCBITaxon:206351	decreases_abundance_in	MESH:D010518	curated	A	35732628	2022	1	1.0		2026-10-10
NCBITaxon:206351	increases_abundance_in	MESH:D010661	curated	A	39599702	2024	1	1.0		2026-10-10
NCBITaxon:206664	decreases_abundance_in	MESH:D017963	curated	A	28402408	2017	1	1.0		2026-10-10
NCBITaxon:207244	decreases_abundance_in	MESH:D000073600	curated	A	32199523	2020	1	1.0		2026-10-10
NCBITaxon:207244	decreases_abundance_in	MESH:D001943	curated	A	39470189	2024	1	1.0		2026-10-10
NCBITaxon:207244	decreases_abundance_in	MESH:D004485	curated	A	28866384	2018	1	1.0		2026-10-10
NCBITaxon:207244	decreases_abundance_in	MESH:D007669	curated	A	29353409	2018	1	1.0		2026-10-10
NCBITaxon:207244	decreases_abundance_in	MESH:D009103	curated	A	27352007	2018	1	1.0		2026-10-10
NCBITaxon:207244	decreases_abundance_in	MESH:D009203	curated	A	40253360	2025	1	1.0		2026-10-10
NCBITaxon:207244	decreases_abundance_in	MESH:D054198	curated	A	27527070	2018	1	1.0		2026-10-10
NCBITaxon:207244	increases_abundance_in	MESH:D000544	curated	A	38535538	2024	1	1.0		2026-10-10
NCBITaxon:207244	increases_abundance_in	MESH:D000856	curated	A	26428446	2015	1	1.0		2026-10-10
NCBITaxon:207244	increases_abundance_in	MESH:D003248	curated	A	29340896	2018	1	1.0		2026-10-10
NCBITaxon:207244	increases_abundance_in	MESH:D004485	curated	A	27812181	2018	1	1.0		2026-10-10
NCBITaxon:207244	increases_abundance_in	MESH:D017963	curated	A	28402408	2017	1	1.0		2026-10-10
NCBITaxon:207244	increases_abundance_in	MESH:D018792	curated	A	35157224	2022	1	1.0		2026-10-10
NCBITaxon:2086	increases_abundance_in	MESH:D000067877	curated	A	31026579	2019	1	1.0		2026-10-10
NCBITaxon:2086	increases_abundance_in	MESH:D000073932	curated	A	38926079	2024	1	1.0		2026-10-10
NCBITaxon:2086	increases_abundance_in	MESH:D003924	curated	A	37715517	2024	1	1.0		2026-10-10
NCBITaxon:2086	increases_abundance_in	MESH:D009765	curated	A	27559357	2016	1	1.0		2026-10-10
NCBITaxon:209	decreases_abundance_in	MESH:D017963	curated	A	28402408	2017	1	1.0		2026-10-10
NCBITaxon:209	increases_abundance_in	MESH:D000544	curated	A	30816709	2019	1	1.0		2026-10-10
NCBITaxon:209	increases_abundance_in	MESH:D001172	curated	A	34721377	2021	1	1.0		2026-10-10
NCBITaxon:209	increases_abundance_in	MESH:D003093	curated	A	27604252	2018	1	1.0		2026-10-10
NCBITaxon:209	increases_abundance_in	MESH:D003248	curated	A	30785176	2019	1	1.0		2026-10-10
NCBITaxon:209	increases_abundance_in	MESH:D003928	curated	A	38346799	2024	1	1.0		2026-10-10
NCBITaxon:209	increases_abundance_in	MESH:D004761	curated	A	30211217	2018	1	1.0		2026-10-10
NCBITaxon:209	increases_abundance_in	MESH:D005690	curated	A	38825119	2024	1	1.0		2026-10-10
NCBITaxon:209	increases_abundance_in	MESH:D009369	curated	A	27384052	2016	1	1.0		2026-10-10
NCBITaxon:209	increases_abundance_in	MESH:D015179	curated	A	22622349	2012	1	1.0		2026-10-10
NCBITaxon:209	increases_abundance_in	MESH:D016925	curated	A	38934644	2024	1	1.0		2026-10-10
NCBITaxon:209053	decreases_abundance_in	MESH:D003731	curated	A	35686590|39661115	2022|2024	2	1.0		2026-10-10
NCBITaxon:2093	increases_abundance_in	MESH:D003731	curated	A	41534871	2026	1	1.0		2026-10-10
NCBITaxon:2093	increases_abundance_in	MESH:D010518	curated	A	41534871	2026	1	1.0		2026-10-10
NCBITaxon:2093	increases_abundance_in	MESH:D051436	curated	A	35348181	2022	1	1.0		2026-10-10
NCBITaxon:2093818	decreases_abundance_in	MESH:D011565	curated	A	39117753	2024	1	1.0		2026-10-10
NCBITaxon:2093824	increases_abundance_in	MESH:D005891	curated	A	38762482	2024	1	1.0		2026-10-10
NCBITaxon:2093825	decreases_abundance_in	MESH:D011565	curated	A	39117753	2024	1	1.0		2026-10-10
NCBITaxon:2094023	decreases_abundance_in	MESH:D003731	curated	A	35686590	2022	1	1.0		2026-10-10
NCBITaxon:2094151	decreases_abundance_in	MESH:D014212	curated	A	36590585	2022	1	1.0		2026-10-10
NCBITaxon:209879	decreases_abundance_in	MESH:D003248	curated	A	29340896	2018	1	1.0		2026-10-10
NCBITaxon:209879	decreases_abundance_in	MESH:D004485	curated	A	27812181	2018	1	1.0		2026-10-10
NCBITaxon:209879	decreases_abundance_in	MESH:D019936	curated	A	32300799	2021	1	1.0		2026-10-10
NCBITaxon:2107999	increases_abundance_in	MESH:D014212	curated	A	36590585	2022	1	1.0		2026-10-10
NCBITaxon:212791	decreases_abundance_in	MESH:D000152	curated	A	29756631	2018	1	1.0		2026-10-10
NCBITaxon:212791	decreases_abundance_in	MESH:D019936	curated	A	26238090	2015	1	1.0		2026-10-10
NCBITaxon:213115	decreases_abundance_in	MESH:D012149	curated	A	38763328	2024	1	1.0		2026-10-10
NCBITaxon:213115	increases_abundance_in	MESH:D003928	curated	A	38346799	2024	1	1.0		2026-10-10
NCBITaxon:213115	increases_abundance_in	MESH:D005221	curated	A	28083922	2017	1	1.0		2026-10-10
NCBITaxon:213115	increases_abundance_in	MESH:D015658	curated	A	28362071	2017	1	1.0		2026-10-10
NCBITaxon:213115	increases_abundance_in	MESH:D016925	curated	A	38934644	2024	1	1.0		2026-10-10
NCBITaxon:213115	increases_abundance_in	MESH:D046728	curated	A	30324555	2018	1	1.0		2026-10-10
NCBITaxon:213119	decreases_abundance_in	MESH:D008103	curated	A	37483387	2023	1	1.0		2026-10-10
NCBITaxon:213422	decreases_abundance_in	MESH:D008103	curated	A	37483387	2023	1	1.0		2026-10-10
NCBITaxon:213481	decreases_abundance_in	MESH:D008103	curated	A	37483387	2023	1	1.0		2026-10-10
NCBITaxon:213483	decreases_abundance_in	MESH:D008103	curated	A	37483387	2023	1	1.0		2026-10-10
NCBITaxon:213484	decreases_abundance_in	MESH:D008103	curated	A	37483387	2023	1	1.0		2026-10-10
NCBITaxon:2137198	decreases_abundance_in	MESH:D010518	curated	A	35672331	2022	1	1.0		2026-10-10
NCBITaxon:213849	decreases_abundance_in	MESH:D000077277	curated	A	36222897	2022	1	1.0		2026-10-10
NCBITaxon:213849	decreases_abundance_in	MESH:D006232	curated	A	39574007	2024	1	1.0		2026-10-10
NCBITaxon:213849	increases_abundance_in	MESH:D000544	curated	A	30816709	2019	1	1.0		2026-10-10
NCBITaxon:213849	increases_abundance_in	MESH:D002285	curated	A	39470189	2024	1	1.0		2026-10-10
NCBITaxon:213849	increases_abundance_in	MESH:D011565	curated	A	39117753	2024	1	1.0		2026-10-10
NCBITaxon:214504	increases_abundance_in	MESH:D015671	curated	A	30284469	2018	1	1.0		2026-10-10
NCBITaxon:2146	increases_abundance_in	MESH:D010518	curated	A	38062089	2023	1	1.0		2026-10-10
NCBITaxon:2146	increases_abundance_in	MESH:D016606	curated	A	36034695	2022	1	1.0		2026-10-10
NCBITaxon:2147	increases_abundance_in	MESH:D016606	curated	A	36034695	2022	1	1.0		2026-10-10
NCBITaxon:214856	decreases_abundance_in	MESH:D006635	curated	A	38050061	2024	1	1.0		2026-10-10
NCBITaxon:215579	decreases_abundance_in	MESH:D017963	curated	A	28402408	2017	1	1.0		2026-10-10
NCBITaxon:2158	decreases_abundance_in	MESH:D010661	curated	A	39599702	2024	1	1.0		2026-10-10
NCBITaxon:2159	decreases_abundance_in	MESH:D010661	curated	A	39599702	2024	1	1.0		2026-10-10
NCBITaxon:216572	decreases_abundance_in	MESH:D000067011	curated	A	31959047	2020	1	1.0		2026-10-10
NCBITaxon:216572	decreases_abundance_in	MESH:D000079424	curated	A	31326413	2019	1	1.0		2026-10-10
NCBITaxon:216572	decreases_abundance_in	MESH:D000789	curated	A	31027508	2019	1	1.0		2026-10-10
NCBITaxon:216572	decreases_abundance_in	MESH:D000856	curated	A	26428446	2015	1	1.0		2026-10-10
NCBITaxon:216572	decreases_abundance_in	MESH:D000900	curated	A	33157256	2021	1	1.0		2026-10-10
NCBITaxon:216572	decreases_abundance_in	MESH:D002583	curated	A	39289617	2024	1	1.0		2026-10-10
NCBITaxon:216572	decreases_abundance_in	MESH:D003092	curated	A	30384844	2018	1	1.0		2026-10-10
NCBITaxon:216572	decreases_abundance_in	MESH:D003550	curated	A	31992345	2020	1	1.0		2026-10-10
NCBITaxon:216572	decreases_abundance_in	MESH:D003876	curated	A	42036885	2026	1	1.0		2026-10-10
NCBITaxon:216572	decreases_abundance_in	MESH:D003922	curated	A	29733871	2018	1	1.0		2026-10-10
NCBITaxon:216572	decreases_abundance_in	MESH:D004403	curated	A	28767339	2018	1	1.0		2026-10-10
NCBITaxon:216572	decreases_abundance_in	MESH:D007938	curated	A	26098097	2015	1	1.0		2026-10-10
NCBITaxon:216572	decreases_abundance_in	MESH:D009103	curated	A	27176462	2016	1	1.0		2026-10-10
NCBITaxon:216572	decreases_abundance_in	MESH:D009765	curated	A	26230509|29280312	2015|2018	2	1.0		2026-10-10
NCBITaxon:216572	decreases_abundance_in	MESH:D010195	curated	A	30519748	2019	1	1.0		2026-10-10
NCBITaxon:216572	decreases_abundance_in	MESH:D010661	curated	A	39599702	2024	2	1.0		2026-10-10
NCBITaxon:216572	decreases_abundance_in	MESH:D011471	curated	A	35296557	2022	1	1.0		2026-10-10
NCBITaxon:216572	decreases_abundance_in	MESH:D012149	curated	A	38763328	2024	1	1.0		2026-10-10
NCBITaxon:216572	decreases_abundance_in	MESH:D025241	curated	A	37117227	2023	1	1.0		2026-10-10
NCBITaxon:216572	decreases_abundance_in	MESH:D059305	curated	A	33210367	2021	1	1.0		2026-10-10
NCBITaxon:216572	increases_abundance_in	MESH:D000856	curated	A	26428446	2015	1	1.0		2026-10-10
NCBITaxon:216572	increases_abundance_in	MESH:D001943	curated	A	39470189	2024	1	1.0		2026-10-10
NCBITaxon:216572	increases_abundance_in	MESH:D003928	curated	A	38346799	2024	1	1.0		2026-10-10
NCBITaxon:216572	increases_abundance_in	MESH:D010300	curated	A	28195358	2017	1	1.0		2026-10-10
NCBITaxon:216572	increases_abundance_in	MESH:D016776	curated	A	27147260	2016	1	1.0		2026-10-10
NCBITaxon:216572	increases_abundance_in	MESH:D018792	curated	A	35157224	2022	1	1.0		2026-10-10
NCBITaxon:216572	increases_abundance_in	MESH:D050197	curated	A	30021609	2018	1	1.0		2026-10-10
NCBITaxon:216572	increases_abundance_in	MESH:D063766	curated	A	27450202	2018	1	1.0		2026-10-10
NCBITaxon:216816	decreases_abundance_in	MESH:D000690	curated	A	33135936	2021	1	1.0		2026-10-10
NCBITaxon:216816	decreases_abundance_in	MESH:D002446	curated	A	29458413	2018	1	1.0		2026-10-10
NCBITaxon:216816	decreases_abundance_in	MESH:D003924	curated	A	25327485	2015	1	1.0		2026-10-10
NCBITaxon:216816	decreases_abundance_in	MESH:D004485	curated	A	27812181	2018	1	1.0		2026-10-10
NCBITaxon:216816	increases_abundance_in	MESH:D010300	curated	A	40420833	2025	2	1.0		2026-10-10
NCBITaxon:216851	decreases_abundance_in	MESH:D002285	curated	A	39470189	2024	1	1.0		2026-10-10
NCBITaxon:216851	decreases_abundance_in	MESH:D002583	curated	A	39289617	2024	1	1.0		2026-10-10
NCBITaxon:216851	decreases_abundance_in	MESH:D003424	curated	A	26752462	2016	3	1.0		2026-10-10
NCBITaxon:216851	decreases_abundance_in	MESH:D003863	curated	A	38763328	2024	1	1.0		2026-10-10
NCBITaxon:216851	decreases_abundance_in	MESH:D003865	curated	A	33421868	2021	1	1.0		2026-10-10
NCBITaxon:216851	decreases_abundance_in	MESH:D003924	curated	A	27151248|37025407	2018|2023	2	1.0		2026-10-10
NCBITaxon:216851	decreases_abundance_in	MESH:D004415	curated	A	38031491	2024	1	1.0		2026-10-10
NCBITaxon:216851	decreases_abundance_in	MESH:D009062	curated	A	35433507	2022	1	1.0		2026-10-10
NCBITaxon:216851	decreases_abundance_in	MESH:D009103	curated	A	25775034|27352007	2015|2018	2	1.0		2026-10-10
NCBITaxon:216851	decreases_abundance_in	MESH:D009765	curated	A	26230509|29280312	2015|2018	2	1.0		2026-10-10
NCBITaxon:216851	decreases_abundance_in	MESH:D010195	curated	A	30519748	2019	1	1.0		2026-10-10
NCBITaxon:216851	decreases_abundance_in	MESH:D010300	curated	A	28429209|28536926|32557853	2017|2020	3	1.0		2026-10-10
NCBITaxon:216851	decreases_abundance_in	MESH:D015658	curated	A	27048741|39090139	2018|2024	2	1.0		2026-10-10
NCBITaxon:216851	decreases_abundance_in	MESH:D016638	curated	A	27837233	2018	1	1.0		2026-10-10
NCBITaxon:216851	decreases_abundance_in	MESH:D025241	curated	A	37117227	2023	1	1.0		2026-10-10
NCBITaxon:216851	decreases_abundance_in	MESH:D059305	curated	A	30782617	2021	1	1.0		2026-10-10
NCBITaxon:216851	increases_abundance_in	MESH:C564133	curated	A	26840903	2016	1	1.0		2026-10-10
NCBITaxon:216851	increases_abundance_in	MESH:D000856	curated	A	26428446	2015	1	1.0		2026-10-10
NCBITaxon:216851	increases_abundance_in	MESH:D003731	curated	A	41654739	2026	1	1.0		2026-10-10
NCBITaxon:216851	increases_abundance_in	MESH:D004485	curated	A	27812181	2018	1	1.0		2026-10-10
NCBITaxon:216851	increases_abundance_in	MESH:D006527	curated	A	30075590	2018	1	1.0		2026-10-10
NCBITaxon:216851	increases_abundance_in	MESH:D015673	curated	A	27338587	2018	1	1.0		2026-10-10
NCBITaxon:216851	increases_abundance_in	MESH:D018256	curated	A	36703031	2023	1	1.0		2026-10-10
NCBITaxon:216851	increases_abundance_in	MESH:D018752	curated	A	30782617	2021	1	1.0		2026-10-10
NCBITaxon:216851	increases_abundance_in	MESH:D018792	curated	A	35157224	2022	1	1.0		2026-10-10
NCBITaxon:216851	increases_abundance_in	MESH:D051436	curated	A	35348181	2022	1	1.0		2026-10-10
NCBITaxon:216851	increases_abundance_in	MESH:D063766	curated	A	27450202	2018	1	1.0		2026-10-10
NCBITaxon:2171986	decreases_abundance_in	MESH:D002532	curated	A	39415150	2024	2	1.0		2026-10-10
NCBITaxon:2171986	increases_abundance_in	MESH:D002532	curated	A	39415150	2024	2	1.0		2026-10-10
NCBITaxon:2171988	increases_abundance_in	MESH:D009967	curated	A	39709380	2024	1	1.0		2026-10-10
NCBITaxon:2172	decreases_abundance_in	MESH:D009103	curated	A	27352007	2018	1	1.0		2026-10-10
NCBITaxon:2172	decreases_abundance_in	MESH:D010661	curated	A	39599702	2024	2	1.0		2026-10-10
NCBITaxon:2172	increases_abundance_in	MESH:D009103	curated	A	27352007	2018	1	1.0		2026-10-10
NCBITaxon:218538	decreases_abundance_in	MESH:D010842	curated	A	42102024	2026	1	1.0		2026-10-10
NCBITaxon:218538	increases_abundance_in	MESH:D003731	curated	A	37698410	2023	2	1.0		2026-10-10
NCBITaxon:218538	increases_abundance_in	MESH:D005891	curated	A	38762482	2024	1	1.0		2026-10-10
NCBITaxon:218538	increases_abundance_in	MESH:D010510	curated	A	37698410	2023	4	1.0		2026-10-10
NCBITaxon:218538	increases_abundance_in	MESH:D010518	curated	A	41303313	2025	1	1.0		2026-10-10
NCBITaxon:219181	decreases_abundance_in	MESH:D009203	curated	A	39447641	2024	1	1.0		2026-10-10
NCBITaxon:22	decreases_abundance_in	MESH:D017963	curated	A	28402408	2017	1	1.0		2026-10-10
NCBITaxon:222	decreases_abundance_in	MESH:D017963	curated	A	28402408	2017	1	1.0		2026-10-10
NCBITaxon:224135	decreases_abundance_in	MESH:D017963	curated	A	28402408	2017	1	1.0		2026-10-10
NCBITaxon:225842	decreases_abundance_in	MESH:D010518	curated	A	35732628	2022	1	1.0		2026-10-10
NCBITaxon:228603	decreases_abundance_in	MESH:D003731	curated	A	37698410	2023	2	1.0		2026-10-10
NCBITaxon:228603	increases_abundance_in	MESH:D002532	curated	A	39415150	2024	1	1.0		2026-10-10
NCBITaxon:228603	increases_abundance_in	MESH:D011565	curated	A	39117753	2024	1	1.0		2026-10-10
NCBITaxon:228604	decreases_abundance_in	MESH:D002532	curated	A	39415150	2024	1	1.0		2026-10-10
NCBITaxon:228604	decreases_abundance_in	MESH:D003731	curated	A	39661115	2024	1	1.0		2026-10-10
NCBITaxon:228604	increases_abundance_in	MESH:D003731	curated	A	37698410	2023	3	1.0		2026-10-10
NCBITaxon:228604	increases_abundance_in	MESH:D005891	curated	A	38762482	2024	1	1.0		2026-10-10
NCBITaxon:228604	increases_abundance_in	MESH:D009203	curated	A	39447641	2024	2	1.0		2026-10-10
NCBITaxon:228604	increases_abundance_in	MESH:D010300	curated	A	35057536	2022	1	1.0		2026-10-10
NCBITaxon:228604	increases_abundance_in	MESH:D010510	curated	A	37698410	2023	6	1.0		2026-10-10
NCBITaxon:2294	increases_abundance_in	MESH:D015179	curated	A	28153960	2017	1	1.0		2026-10-10
NCBITaxon:2299	decreases_abundance_in	MESH:D017963	curated	A	28402408	2017	1	1.0		2026-10-10
NCBITaxon:230141	decreases_abundance_in	MESH:D011565	curated	A	39117753	2024	1	1.0		2026-10-10
NCBITaxon:230143	increases_abundance_in	MESH:D003731	curated	A	37698410	2023	1	1.0		2026-10-10
NCBITaxon:230143	increases_abundance_in	MESH:D010510	curated	A	37698410	2023	1	1.0		2026-10-10
NCBITaxon:237	decreases_abundance_in	MESH:D019936	curated	A	26238090	2015	1	1.0		2026-10-10
NCBITaxon:237	increases_abundance_in	MESH:D003731	curated	A	39661115	2024	1	1.0		2026-10-10
NCBITaxon:237576	decreases_abundance_in	MESH:D002532	curated	A	39415150	2024	1	1.0		2026-10-10
NCBITaxon:237576	decreases_abundance_in	MESH:D010842	curated	A	42102024	2026	1	1.0		2026-10-10
NCBITaxon:2383	increases_abundance_in	MESH:D000067877	curated	A	31026579	2019	1	1.0		2026-10-10
NCBITaxon:238783	increases_abundance_in	MESH:D015658	curated	A	39090139	2024	1	1.0		2026-10-10
NCBITaxon:239759	decreases_abundance_in	MESH:D001943	curated	A	36600299	2023	1	1.0		2026-10-10
NCBITaxon:239759	decreases_abundance_in	MESH:D003093	curated	A	27604252|29632427	2018	2	1.0		2026-10-10
NCBITaxon:239759	decreases_abundance_in	MESH:D003924	curated	A	30569533	2019	1	1.0		2026-10-10
NCBITaxon:239759	decreases_abundance_in	MESH:D003929	curated	A	30358922	2018	1	1.0		2026-10-10
NCBITaxon:239759	decreases_abundance_in	MESH:D009765	curated	A	26230509	2015	1	1.0		2026-10-10
NCBITaxon:239759	decreases_abundance_in	MESH:D011471	curated	A	35296557	2022	1	1.0		2026-10-10
NCBITaxon:239759	decreases_abundance_in	MESH:D012859	curated	A	29065905	2017	1	1.0		2026-10-10
NCBITaxon:239759	decreases_abundance_in	MESH:D015658	curated	A	39090139	2024	1	1.0		2026-10-10
NCBITaxon:239759	increases_abundance_in	MESH:D003093	curated	A	27604252	2018	1	1.0		2026-10-10
NCBITaxon:239759	increases_abundance_in	MESH:D003424	curated	A	29335008	2018	1	1.0		2026-10-10
NCBITaxon:239759	increases_abundance_in	MESH:D003731	curated	A	39661115	2024	1	1.0		2026-10-10
NCBITaxon:239759	increases_abundance_in	MESH:D003928	curated	A	38346799	2024	1	1.0		2026-10-10
NCBITaxon:239759	increases_abundance_in	MESH:D004761	curated	A	30211217	2018	1	1.0		2026-10-10
NCBITaxon:239759	increases_abundance_in	MESH:D016925	curated	A	38934644	2024	1	1.0		2026-10-10
NCBITaxon:239759	increases_abundance_in	MESH:D059305	curated	A	30782617	2021	1	1.0		2026-10-10
NCBITaxon:239934	decreases_abundance_in	MESH:C536315	curated	A	27217061	2016	1	1.0		2026-10-10
NCBITaxon:239934	decreases_abundance_in	MESH:D001120	curated	A	35579969	2022	1	1.0		2026-10-10
NCBITaxon:239934	decreases_abundance_in	MESH:D002583	curated	A	39289617	2024	1	1.0		2026-10-10
NCBITaxon:239934	decreases_abundance_in	MESH:D003092	curated	A	29766049	2018	1	1.0		2026-10-10
NCBITaxon:239934	decreases_abundance_in	MESH:D003424	curated	A	29335008	2018	1	1.0		2026-10-10
NCBITaxon:239934	decreases_abundance_in	MESH:D003731	curated	A	41654739	2026	1	1.0		2026-10-10
NCBITaxon:239934	decreases_abundance_in	MESH:D003929	curated	A	30358922	2018	1	1.0		2026-10-10
NCBITaxon:239934	decreases_abundance_in	MESH:D004761	curated	A	30211217	2018	1	1.0		2026-10-10
NCBITaxon:239934	decreases_abundance_in	MESH:D005512	curated	A	29017394	2017	1	1.0		2026-10-10
NCBITaxon:239934	decreases_abundance_in	MESH:D009765	curated	A	27559357	2016	3	1.0		2026-10-10
NCBITaxon:239934	decreases_abundance_in	MESH:D015658	curated	A	39090139	2024	1	1.0		2026-10-10
NCBITaxon:239934	increases_abundance_in	MESH:C085278	curated	A	29787870	2018	1	1.0		2026-10-10
NCBITaxon:239934	increases_abundance_in	MESH:C535244	curated	A	30211217	2018	1	1.0		2026-10-10
NCBITaxon:239934	increases_abundance_in	MESH:C551158	curated	A	30211217	2018	1	1.0		2026-10-10
NCBITaxon:239934	increases_abundance_in	MESH:D003924	curated	A	30569533|37715517	2019|2024	2	1.0		2026-10-10
NCBITaxon:239934	increases_abundance_in	MESH:D004485	curated	A	27812181	2018	1	1.0		2026-10-10
NCBITaxon:239934	increases_abundance_in	MESH:D009103	curated	A	27352007	2018	2	1.0		2026-10-10
NCBITaxon:239934	increases_abundance_in	MESH:D009203	curated	A	40253360	2025	1	1.0		2026-10-10
NCBITaxon:239934	increases_abundance_in	MESH:D010300	curated	A	32557853	2020	1	1.0		2026-10-10
NCBITaxon:239934	increases_abundance_in	MESH:D010661	curated	A	27336782	2018	1	1.0		2026-10-10
NCBITaxon:239934	increases_abundance_in	MESH:D015179	curated	A	22622349|29687353	2012|2018	2	1.0		2026-10-10
NCBITaxon:239934	increases_abundance_in	MESH:D015431	curated	A	33341454	2021	1	1.0		2026-10-10
NCBITaxon:239934	increases_abundance_in	MESH:D016925	curated	A	38934644	2024	1	1.0		2026-10-10
NCBITaxon:239934	increases_abundance_in	MESH:D041881	curated	A	26025761	2015	1	1.0		2026-10-10
NCBITaxon:239935	decreases_abundance_in	MESH:D003093	curated	A	20648002	2010	2	1.0		2026-10-10
NCBITaxon:239935	decreases_abundance_in	MESH:D003424	curated	A	20648002	2010	1	1.0		2026-10-10
NCBITaxon:239935	decreases_abundance_in	MESH:D009765	curated	A	27007700	2017	1	1.0		2026-10-10
NCBITaxon:239935	decreases_abundance_in	MESH:D011471	curated	A	35296557	2022	1	1.0		2026-10-10
NCBITaxon:239935	decreases_abundance_in	MESH:D015179	curated	A	28341746	2018	1	1.0		2026-10-10
NCBITaxon:239935	decreases_abundance_in	MESH:D065626	curated	A	28705785	2017	1	1.0		2026-10-10
NCBITaxon:239935	increases_abundance_in	MESH:C563365	curated	A	28341746	2018	1	1.0		2026-10-10
NCBITaxon:239935	increases_abundance_in	MESH:D004485	curated	A	27812181	2018	1	1.0		2026-10-10
NCBITaxon:239935	increases_abundance_in	MESH:D008687	curated	A	27999002	2017	1	1.0		2026-10-10
NCBITaxon:239935	increases_abundance_in	MESH:D015179	curated	A	23940645	2013	1	1.0		2026-10-10
NCBITaxon:241189	increases_abundance_in	MESH:D016776	curated	A	27147260	2016	1	1.0		2026-10-10
NCBITaxon:244093	decreases_abundance_in	MESH:D000667	curated	A	35311555	2022	1	1.0		2026-10-10
NCBITaxon:244093	decreases_abundance_in	MESH:D008795	curated	A	35311555	2022	1	1.0		2026-10-10
NCBITaxon:244093	increases_abundance_in	MESH:D014640	curated	A	35311555	2022	1	1.0		2026-10-10
NCBITaxon:244127	decreases_abundance_in	MESH:D001172	curated	A	34721377	2021	1	1.0		2026-10-10
NCBITaxon:244127	decreases_abundance_in	MESH:D003093	curated	A	27604252	2018	1	1.0		2026-10-10
NCBITaxon:244127	decreases_abundance_in	MESH:D003248	curated	A	30785176	2019	1	1.0		2026-10-10
NCBITaxon:244127	decreases_abundance_in	MESH:D004485	curated	A	27812181	2018	1	1.0		2026-10-10
NCBITaxon:244127	decreases_abundance_in	MESH:D009765	curated	A	29214176	2017	1	1.0		2026-10-10
NCBITaxon:244127	decreases_abundance_in	MESH:D012149	curated	A	38763328	2024	1	1.0		2026-10-10
NCBITaxon:244127	decreases_abundance_in	MESH:D013167	curated	A	30886835	2019	1	1.0		2026-10-10
NCBITaxon:244127	increases_abundance_in	MESH:D003924	curated	A	37715517	2024	1	1.0		2026-10-10
NCBITaxon:244127	increases_abundance_in	MESH:D003928	curated	A	38346799	2024	1	1.0		2026-10-10
NCBITaxon:245186	decreases_abundance_in	MESH:D023921	curated	A	38111089	2024	1	1.0		2026-10-10
NCBITaxon:248038	decreases_abundance_in	MESH:D029801	curated	A	26890232	2016	1	1.0		2026-10-10
NCBITaxon:248038	increases_abundance_in	MESH:D003876	curated	A	42036885	2026	1	1.0		2026-10-10
NCBITaxon:248038	increases_abundance_in	MESH:D050154	curated	A	26973703	2016	1	1.0		2026-10-10
NCBITaxon:2484550	decreases_abundance_in	MESH:D001171	curated	A	27861762	2018	1	1.0		2026-10-10
NCBITaxon:2485925	decreases_abundance_in	MESH:D059305	curated	A	40866466	2025	1	1.0		2026-10-10
NCBITaxon:248744	decreases_abundance_in	MESH:D013119	curated	A	26752409	2016	1	1.0		2026-10-10
NCBITaxon:248744	increases_abundance_in	MESH:D000070642	curated	A	30546361	2018	1	1.0		2026-10-10
NCBITaxon:248744	increases_abundance_in	MESH:D015179	curated	A	22622349	2012	1	1.0		2026-10-10
NCBITaxon:249188	decreases_abundance_in	MESH:D010300	curated	A	35057536	2022	1	1.0		2026-10-10
NCBITaxon:249411	decreases_abundance_in	MESH:D006973	curated	A	41923033	2026	1	1.0		2026-10-10
NCBITaxon:249411	decreases_abundance_in	MESH:D009062	curated	A	35433507	2022	1	1.0		2026-10-10
NCBITaxon:249411	decreases_abundance_in	MESH:D010518	curated	A	41923033	2026	2	1.0		2026-10-10
NCBITaxon:2518495	increases_abundance_in	MESH:D009967	curated	A	39709380	2024	1	1.0		2026-10-10
NCBITaxon:2518497	decreases_abundance_in	MESH:D014212	curated	A	36590585	2022	1	1.0		2026-10-10
NCBITaxon:2529408	decreases_abundance_in	MESH:D000077195	curated	A	38589501	2024	1	1.0		2026-10-10
NCBITaxon:2529408	decreases_abundance_in	MESH:D009625	curated	A	41860897	2026	1	1.0		2026-10-10
NCBITaxon:2529408	increases_abundance_in	MESH:D003731	curated	A	37698410	2023	1	1.0		2026-10-10
NCBITaxon:2529408	increases_abundance_in	MESH:D010510	curated	A	37698410	2023	4	1.0		2026-10-10
NCBITaxon:256845	decreases_abundance_in	MESH:D003093	curated	A	22170749|29632427	2011|2018	2	1.0		2026-10-10
NCBITaxon:256845	decreases_abundance_in	MESH:D009765	curated	A	29214176	2017	1	1.0		2026-10-10
NCBITaxon:257708	increases_abundance_in	MESH:D009203	curated	A	39447641	2024	1	1.0		2026-10-10
NCBITaxon:258514	increases_abundance_in	MESH:D016776	curated	A	27147260	2016	1	1.0		2026-10-10
NCBITaxon:2601703	increases_abundance_in	MESH:D059305	curated	A	40866466	2025	1	1.0		2026-10-10
NCBITaxon:2624479	increases_abundance_in	MESH:D003562	curated	A	36904146	2023	1	1.0		2026-10-10
NCBITaxon:2624479	increases_abundance_in	MESH:D014529	curated	A	36904146	2023	1	1.0		2026-10-10
NCBITaxon:264639	decreases_abundance_in	MESH:D010300	curated	A	35057536	2022	1	1.0		2026-10-10
NCBITaxon:265975	decreases_abundance_in	MESH:D002532	curated	A	39415150	2024	1	1.0		2026-10-10
NCBITaxon:265975	decreases_abundance_in	MESH:D010518	curated	A	35732628	2022	1	1.0		2026-10-10
NCBITaxon:265975	decreases_abundance_in	MESH:D010661	curated	A	39599702	2024	1	1.0		2026-10-10
NCBITaxon:265975	decreases_abundance_in	MESH:D012516	curated	A	39055977	2024	1	1.0		2026-10-10
NCBITaxon:265975	decreases_abundance_in	MESH:D015658	curated	A	39090139	2024	1	1.0		2026-10-10
NCBITaxon:265975	increases_abundance_in	MESH:D012859	curated	A	38079342	2023	1	1.0		2026-10-10
NCBITaxon:265975	increases_abundance_in	MESH:D015658	curated	A	39090139	2024	1	1.0		2026-10-10
NCBITaxon:267894	decreases_abundance_in	MESH:D010518	curated	A	35732628	2022	1	1.0		2026-10-10
NCBITaxon:2701	decreases_abundance_in	MESH:D011565	curated	A	39117753	2024	1	1.0		2026-10-10
NCBITaxon:270498	increases_abundance_in	MESH:D010300	curated	A	28429209	2017	1	1.0		2026-10-10
NCBITaxon:2717	decreases_abundance_in	MESH:D006232	curated	A	39574007	2024	1	1.0		2026-10-10
NCBITaxon:2717	decreases_abundance_in	MESH:D009062	curated	A	35433507	2022	1	1.0		2026-10-10
NCBITaxon:2717	decreases_abundance_in	MESH:D012893	curated	A	36946910	2023	1	1.0		2026-10-10
NCBITaxon:2717	decreases_abundance_in	MESH:D015658	curated	A	39090139	2024	1	1.0		2026-10-10
NCBITaxon:2717	increases_abundance_in	MESH:D001172	curated	A	34721377	2021	1	1.0		2026-10-10
NCBITaxon:2717	increases_abundance_in	MESH:D003731	curated	A	39661115	2024	1	1.0		2026-10-10
NCBITaxon:2717	increases_abundance_in	MESH:D003876	curated	A	39523189	2024	1	1.0		2026-10-10
NCBITaxon:2717	increases_abundance_in	MESH:D009967	curated	A	39709380	2024	1	1.0		2026-10-10
NCBITaxon:2718	decreases_abundance_in	MESH:D010300	curated	A	35057536	2022	1	1.0		2026-10-10
NCBITaxon:2718	increases_abundance_in	MESH:D005891	curated	A	38762482	2024	1	1.0		2026-10-10
NCBITaxon:272196	decreases_abundance_in	MESH:D003424	curated	A	20848492	2010	1	1.0		2026-10-10
NCBITaxon:272548	decreases_abundance_in	MESH:D010300	curated	A	35057536	2022	1	1.0		2026-10-10
NCBITaxon:272548	increases_abundance_in	MESH:D003731	curated	A	37698410	2023	1	1.0		2026-10-10
NCBITaxon:272548	increases_abundance_in	MESH:D005891	curated	A	38762482	2024	1	1.0		2026-10-10
NCBITaxon:2734614	increases_abundance_in	MESH:D001172	curated	A	34721377	2021	1	1.0		2026-10-10
NCBITaxon:2740	decreases_abundance_in	MESH:D006232	curated	A	39574007	2024	1	1.0		2026-10-10
NCBITaxon:2740	decreases_abundance_in	MESH:D015658	curated	A	39090139	2024	1	1.0		2026-10-10
NCBITaxon:2740	decreases_abundance_in	MESH:D017963	curated	A	28402408	2017	1	1.0		2026-10-10
NCBITaxon:2740	increases_abundance_in	MESH:D000077195	curated	A	38589501	2024	1	1.0		2026-10-10
NCBITaxon:2740	increases_abundance_in	MESH:D008180	curated	A	36755319	2023	1	1.0		2026-10-10
NCBITaxon:2740	increases_abundance_in	MESH:D009765	curated	A	27559357	2016	2	1.0		2026-10-10
NCBITaxon:2740	increases_abundance_in	MESH:D012859	curated	A	38079342	2023	1	1.0		2026-10-10
NCBITaxon:2740	increases_abundance_in	MESH:D051436	curated	A	35348181	2022	1	1.0		2026-10-10
NCBITaxon:2740	increases_abundance_in	MESH:D065626	curated	A	29948900	2018	1	1.0		2026-10-10
NCBITaxon:2740557	decreases_abundance_in	MESH:D002971	curated	A	38807164	2024	1	1.0		2026-10-10
NCBITaxon:2742	decreases_abundance_in	MESH:D010518	curated	A	35672331	2022	1	1.0		2026-10-10
NCBITaxon:2742598	increases_abundance_in	MESH:D000544	curated	A	38535538	2024	1	1.0		2026-10-10
NCBITaxon:2745	decreases_abundance_in	MESH:D000077195	curated	A	38589501	2024	1	1.0		2026-10-10
NCBITaxon:2745	decreases_abundance_in	MESH:D008180	curated	A	36755319	2023	1	1.0		2026-10-10
NCBITaxon:2745	decreases_abundance_in	MESH:D012516	curated	A	39055977	2024	2	1.0		2026-10-10
NCBITaxon:2747	decreases_abundance_in	MESH:D000152	curated	A	29756631	2018	1	1.0		2026-10-10
NCBITaxon:2747	increases_abundance_in	MESH:D019936	curated	A	26238090	2015	1	1.0		2026-10-10
NCBITaxon:2753	decreases_abundance_in	MESH:D003093	curated	A	29632427	2018	1	1.0		2026-10-10
NCBITaxon:2754713	increases_abundance_in	MESH:D002318	curated	A	29998997	2018	1	1.0		2026-10-10
NCBITaxon:2755	decreases_abundance_in	MESH:D019936	curated	A	26238090	2015	1	1.0		2026-10-10
NCBITaxon:2759736	increases_abundance_in	MESH:D000544	curated	A	38535538	2024	1	1.0		2026-10-10
NCBITaxon:2759736	increases_abundance_in	MESH:D009967	curated	A	39709380	2024	1	1.0		2026-10-10
NCBITaxon:2767353	decreases_abundance_in	MESH:D000077195	curated	A	38589501	2024	1	1.0		2026-10-10
NCBITaxon:2767887	decreases_abundance_in	MESH:D016925	curated	A	38934644	2024	1	1.0		2026-10-10
NCBITaxon:2767887	increases_abundance_in	MESH:D003731	curated	A	39661115	2024	1	1.0		2026-10-10
NCBITaxon:2780099	decreases_abundance_in	MESH:D059305	curated	A	40866466	2025	1	1.0		2026-10-10
NCBITaxon:2782229	decreases_abundance_in	MESH:D019936	curated	A	26238090	2015	1	1.0		2026-10-10
NCBITaxon:2801844	decreases_abundance_in	MESH:D018792	curated	A	35157224	2022	1	1.0		2026-10-10
NCBITaxon:2801844	increases_abundance_in	MESH:D003731	curated	A	39661115	2024	1	1.0		2026-10-10
NCBITaxon:28025	increases_abundance_in	MESH:D007444	curated	A	26098097	2015	1	1.0		2026-10-10
NCBITaxon:28025	increases_abundance_in	MESH:D007938	curated	A	26098097	2015	1	1.0		2026-10-10
NCBITaxon:28025	increases_abundance_in	MESH:D043183	curated	A	39243395	2024	1	1.0		2026-10-10
NCBITaxon:28037	decreases_abundance_in	MESH:D065631	curated	A	39614169	2024	1	1.0		2026-10-10
NCBITaxon:28037	increases_abundance_in	MESH:D043183	curated	A	39243395	2024	1	1.0		2026-10-10
NCBITaxon:28050	decreases_abundance_in	MESH:D001249	curated	A	27634868	2018	1	1.0		2026-10-10
NCBITaxon:28050	decreases_abundance_in	MESH:D003248	curated	A	30669509	2019	1	1.0		2026-10-10
NCBITaxon:28050	decreases_abundance_in	MESH:D003922	curated	A	27231166	2016	1	1.0		2026-10-10
NCBITaxon:28050	decreases_abundance_in	MESH:D003924	curated	A	27151248	2018	1	1.0		2026-10-10
NCBITaxon:28050	decreases_abundance_in	MESH:D010190	curated	A	39256134	2024	1	1.0		2026-10-10
NCBITaxon:28050	decreases_abundance_in	MESH:D010661	curated	A	27336782	2018	1	1.0		2026-10-10
NCBITaxon:28050	decreases_abundance_in	MESH:D015658	curated	A	27048741|39090139	2018|2024	2	1.0		2026-10-10
NCBITaxon:28050	increases_abundance_in	MESH:D000856	curated	A	26428446	2015	1	1.0		2026-10-10
NCBITaxon:28050	increases_abundance_in	MESH:D006527	curated	A	30075590	2018	1	1.0		2026-10-10
NCBITaxon:28050	increases_abundance_in	MESH:D018792	curated	A	35157224	2022	1	1.0		2026-10-10
NCBITaxon:28050	increases_abundance_in	MESH:D043183	curated	A	31681624	2019	1	1.0		2026-10-10
NCBITaxon:2810280	decreases_abundance_in	MESH:D003928	curated	A	38346799	2024	1	1.0		2026-10-10
NCBITaxon:2810280	increases_abundance_in	MESH:D010518	curated	A	38062089	2023	1	1.0		2026-10-10
NCBITaxon:28111	decreases_abundance_in	MESH:D001171	curated	A	27861762	2018	1	1.0		2026-10-10
NCBITaxon:28111	increases_abundance_in	MESH:D018256	curated	A	36703031	2023	1	1.0		2026-10-10
NCBITaxon:28112	decreases_abundance_in	MESH:D009203	curated	A	39447641	2024	1	1.0		2026-10-10
NCBITaxon:28112	increases_abundance_in	MESH:D003731	curated	A	37698410	2023	1	1.0		2026-10-10
NCBITaxon:28112	increases_abundance_in	MESH:D009765	curated	A	41305578	2025	2	1.0		2026-10-10
NCBITaxon:28112	increases_abundance_in	MESH:D010518	curated	A	35672331|37899378|41303313	2022|2023|2025	3	1.0		2026-10-10
NCBITaxon:28116	decreases_abundance_in	MESH:D000067877	curated	A	31026579	2019	1	1.0		2026-10-10
NCBITaxon:28116	decreases_abundance_in	MESH:D003093	curated	A	17897884	2008	2	1.0		2026-10-10
NCBITaxon:28116	decreases_abundance_in	MESH:D003424	curated	A	17897884	2008	2	1.0		2026-10-10
NCBITaxon:28117	decreases_abundance_in	MESH:D003424	curated	A	26789999	2016	1	1.0		2026-10-10
NCBITaxon:2811711	decreases_abundance_in	MESH:D003424	curated	A	20848492	2010	1	1.0		2026-10-10
NCBITaxon:28119	decreases_abundance_in	MESH:D009203	curated	A	39447641	2024	1	1.0		2026-10-10
NCBITaxon:28124	increases_abundance_in	MESH:D003731	curated	A	37698410	2023	1	1.0		2026-10-10
NCBITaxon:28124	increases_abundance_in	MESH:D003876	curated	A	39523189	2024	1	1.0		2026-10-10
NCBITaxon:28124	increases_abundance_in	MESH:D010300	curated	A	40420833	2025	1	1.0		2026-10-10
NCBITaxon:28124	increases_abundance_in	MESH:D010518	curated	A	41303313	2025	1	1.0		2026-10-10
NCBITaxon:28126	increases_abundance_in	MESH:D004485	curated	A	27812181	2018	1	1.0		2026-10-10
NCBITaxon:28126	increases_abundance_in	MESH:D010300	curated	A	35057536	2022	1	1.0		2026-10-10
NCBITaxon:28129	increases_abundance_in	MESH:D003731	curated	A	37698410	2023	2	1.0		2026-10-10
NCBITaxon:28129	increases_abundance_in	MESH:D009203	curated	A	39447641	2024	1	1.0		2026-10-10
NCBITaxon:28129	increases_abundance_in	MESH:D010510	curated	A	37698410	2023	5	1.0		2026-10-10
NCBITaxon:28129	increases_abundance_in	MESH:D065631	curated	A	39614169	2024	1	1.0		2026-10-10
NCBITaxon:28131	decreases_abundance_in	MESH:D009203	curated	A	39447641	2024	2	1.0		2026-10-10
NCBITaxon:28131	increases_abundance_in	MESH:D002532	curated	A	39415150	2024	1	1.0		2026-10-10
NCBITaxon:28131	increases_abundance_in	MESH:D005891	curated	A	38762482	2024	1	1.0		2026-10-10
NCBITaxon:28131	increases_abundance_in	MESH:D006973	curated	A	41923033	2026	1	1.0		2026-10-10
NCBITaxon:28131	increases_abundance_in	MESH:D010510	curated	A	37698410	2023	2	1.0		2026-10-10
NCBITaxon:28131	increases_abundance_in	MESH:D010518	curated	A	37899378|41923033	2023|2026	3	1.0		2026-10-10
NCBITaxon:28131	increases_abundance_in	MESH:D011565	curated	A	39117753	2024	1	1.0		2026-10-10
NCBITaxon:28132	increases_abundance_in	MESH:D005891	curated	A	38762482	2024	1	1.0		2026-10-10
NCBITaxon:28132	increases_abundance_in	MESH:D009062	curated	A	35433507	2022	2	1.0		2026-10-10
NCBITaxon:28132	increases_abundance_in	MESH:D009203	curated	A	39447641	2024	2	1.0		2026-10-10
NCBITaxon:28132	increases_abundance_in	MESH:D010300	curated	A	35057536	2022	1	1.0		2026-10-10
NCBITaxon:28132	increases_abundance_in	MESH:D010510	curated	A	37698410	2023	6	1.0		2026-10-10
NCBITaxon:28133	decreases_abundance_in	MESH:D009203	curated	A	39447641	2024	1	1.0		2026-10-10
NCBITaxon:28133	decreases_abundance_in	MESH:D010842	curated	A	42102024	2026	1	1.0		2026-10-10
NCBITaxon:28133	increases_abundance_in	MESH:D005891	curated	A	38762482	2024	1	1.0		2026-10-10
NCBITaxon:28133	increases_abundance_in	MESH:D010300	curated	A	35057536	2022	1	1.0		2026-10-10
NCBITaxon:28133	increases_abundance_in	MESH:D010510	curated	A	37698410	2023	3	1.0		2026-10-10
NCBITaxon:28134	increases_abundance_in	MESH:D010510	curated	A	37698410	2023	2	1.0		2026-10-10
NCBITaxon:28135	increases_abundance_in	MESH:D003731	curated	A	37698410	2023	2	1.0		2026-10-10
NCBITaxon:28135	increases_abundance_in	MESH:D005891	curated	A	38762482	2024	1	1.0		2026-10-10
NCBITaxon:28135	increases_abundance_in	MESH:D009203	curated	A	39447641	2024	1	1.0		2026-10-10
NCBITaxon:28135	increases_abundance_in	MESH:D010300	curated	A	35057536	2022	1	1.0		2026-10-10
NCBITaxon:28135	increases_abundance_in	MESH:D010510	curated	A	37698410	2023	6	1.0		2026-10-10
NCBITaxon:28136	decreases_abundance_in	MESH:D009062	curated	A	37542310	2023	1	1.0		2026-10-10
NCBITaxon:28136	increases_abundance_in	MESH:D003731	curated	A	37698410	2023	2	1.0		2026-10-10
NCBITaxon:28136	increases_abundance_in	MESH:D005891	curated	A	38762482	2024	1	1.0		2026-10-10
NCBITaxon:28136	increases_abundance_in	MESH:D009203	curated	A	39447641	2024	1	1.0		2026-10-10
NCBITaxon:28136	increases_abundance_in	MESH:D010300	curated	A	35057536	2022	1	1.0		2026-10-10
NCBITaxon:28137	decreases_abundance_in	MESH:D009062	curated	A	37542310	2023	1	1.0		2026-10-10
NCBITaxon:28137	increases_abundance_in	MESH:D003731	curated	A	37698410	2023	1	1.0		2026-10-10
NCBITaxon:28137	increases_abundance_in	MESH:D005891	curated	A	38762482	2024	1	1.0		2026-10-10
NCBITaxon:28137	increases_abundance_in	MESH:D010300	curated	A	35057536	2022	1	1.0		2026-10-10
NCBITaxon:28137	increases_abundance_in	MESH:D010510	curated	A	37698410	2023	2	1.0		2026-10-10
NCBITaxon:28138	increases_abundance_in	MESH:D003093	curated	A	27604252	2018	1	1.0		2026-10-10
NCBITaxon:28138	increases_abundance_in	MESH:D013167	curated	A	30886835	2019	1	1.0		2026-10-10
NCBITaxon:28211	decreases_abundance_in	MESH:D003928	curated	A	38346799	2024	1	1.0		2026-10-10
NCBITaxon:28211	decreases_abundance_in	MESH:D008103	curated	A	37483387	2023	1	1.0		2026-10-10
NCBITaxon:28211	decreases_abundance_in	MESH:D013964	curated	A	36034695	2022	1	1.0		2026-10-10
NCBITaxon:28211	decreases_abundance_in	MESH:D019936	curated	A	26238090	2015	1	1.0		2026-10-10
NCBITaxon:28211	increases_abundance_in	MESH:D003093	curated	A	22170749	2011	1	1.0		2026-10-10
NCBITaxon:28216	decreases_abundance_in	MESH:D003924	curated	A	37025407	2023	1	1.0		2026-10-10
NCBITaxon:28216	decreases_abundance_in	MESH:D019936	curated	A	26238090	2015	1	1.0		2026-10-10
NCBITaxon:28216	increases_abundance_in	MESH:D003093	curated	A	22170749	2011	1	1.0		2026-10-10
NCBITaxon:28216	increases_abundance_in	MESH:D003924	curated	A	20140211	2010	1	1.0		2026-10-10
NCBITaxon:28216	increases_abundance_in	MESH:D010661	curated	A	39599702	2024	1	1.0		2026-10-10
NCBITaxon:28219	decreases_abundance_in	MESH:D006232	curated	A	39574007	2024	1	1.0		2026-10-10
NCBITaxon:28221	decreases_abundance_in	MESH:D008103	curated	A	37483387	2023	1	1.0		2026-10-10
NCBITaxon:28221	increases_abundance_in	MESH:D003093	curated	A	22170749	2011	1	1.0		2026-10-10
NCBITaxon:28231	decreases_abundance_in	MESH:D008103	curated	A	37483387	2023	1	1.0		2026-10-10
NCBITaxon:28231	decreases_abundance_in	MESH:D017963	curated	A	28402408	2017	1	1.0		2026-10-10
NCBITaxon:282402	increases_abundance_in	MESH:D003731	curated	A	37698410	2023	1	1.0		2026-10-10
NCBITaxon:28261	decreases_abundance_in	MESH:D017963	curated	A	28402408	2017	1	1.0		2026-10-10
NCBITaxon:28263	decreases_abundance_in	MESH:D017963	curated	A	28402408	2017	1	1.0		2026-10-10
NCBITaxon:283	decreases_abundance_in	MESH:D019936	curated	A	26238090	2015	1	1.0		2026-10-10
NCBITaxon:283	increases_abundance_in	MESH:D003731	curated	A	39661115	2024	1	1.0		2026-10-10
NCBITaxon:283	increases_abundance_in	MESH:D051436	curated	A	35348181	2022	1	1.0		2026-10-10
NCBITaxon:283168	decreases_abundance_in	MESH:C535244	curated	A	30211217	2018	1	1.0		2026-10-10
NCBITaxon:283168	decreases_abundance_in	MESH:C551158	curated	A	30211217	2018	1	1.0		2026-10-10
NCBITaxon:283168	decreases_abundance_in	MESH:D001120	curated	A	35579969	2022	1	1.0		2026-10-10
NCBITaxon:283168	decreases_abundance_in	MESH:D003092	curated	A	30384844	2018	1	1.0		2026-10-10
NCBITaxon:283168	decreases_abundance_in	MESH:D003093	curated	A	27604252	2018	1	1.0		2026-10-10
NCBITaxon:283168	decreases_abundance_in	MESH:D003424	curated	A	29335008	2018	1	1.0		2026-10-10
NCBITaxon:283168	decreases_abundance_in	MESH:D003924	curated	A	30569533	2019	1	1.0		2026-10-10
NCBITaxon:283168	decreases_abundance_in	MESH:D004761	curated	A	30211217	2018	1	1.0		2026-10-10
NCBITaxon:283168	decreases_abundance_in	MESH:D010661	curated	A	27336782	2018	1	1.0		2026-10-10
NCBITaxon:283168	decreases_abundance_in	MESH:D015658	curated	A	39090139	2024	1	1.0		2026-10-10
NCBITaxon:283168	increases_abundance_in	MESH:D003424	curated	A	29194468	2017	1	1.0		2026-10-10
NCBITaxon:283168	increases_abundance_in	MESH:D003924	curated	A	37715517	2024	1	1.0		2026-10-10
NCBITaxon:283168	increases_abundance_in	MESH:D004761	curated	A	30211217	2018	1	1.0		2026-10-10
NCBITaxon:283168	increases_abundance_in	MESH:D013167	curated	A	30886835	2019	1	1.0		2026-10-10
NCBITaxon:283168	increases_abundance_in	MESH:D015179	curated	A	29687353	2018	1	1.0		2026-10-10
NCBITaxon:283168	increases_abundance_in	MESH:D015431	curated	A	33341454	2021	1	1.0		2026-10-10
NCBITaxon:283168	increases_abundance_in	MESH:D065626	curated	A	29948900	2018	1	1.0		2026-10-10
NCBITaxon:2840493	decreases_abundance_in	MESH:D000152	curated	A	29756631	2018	1	1.0		2026-10-10
NCBITaxon:2840493	increases_abundance_in	MESH:D004485	curated	A	27812181	2018	1	1.0		2026-10-10
NCBITaxon:28449	increases_abundance_in	MESH:D005891	curated	A	38762482	2024	1	1.0		2026-10-10
NCBITaxon:28449	increases_abundance_in	MESH:D009765	curated	A	40302925	2025	1	1.0		2026-10-10
NCBITaxon:28453	decreases_abundance_in	MESH:D017963	curated	A	28402408	2017	1	1.0		2026-10-10
NCBITaxon:28453	decreases_abundance_in	MESH:D019936	curated	A	26238090	2015	1	1.0		2026-10-10
NCBITaxon:286	decreases_abundance_in	MESH:D003731	curated	A	35686590	2022	1	1.0		2026-10-10
NCBITaxon:286	decreases_abundance_in	MESH:D012516	curated	A	39055977	2024	2	1.0		2026-10-10
NCBITaxon:286	decreases_abundance_in	MESH:D015179	curated	A	28600626	2017	1	1.0		2026-10-10
NCBITaxon:286	decreases_abundance_in	MESH:D015658	curated	A	28362071	2017	1	1.0		2026-10-10
NCBITaxon:286	decreases_abundance_in	MESH:D019936	curated	A	26238090	2015	1	1.0		2026-10-10
NCBITaxon:286	increases_abundance_in	MESH:C563924	curated	A	27194068	2016	1	1.0		2026-10-10
NCBITaxon:286	increases_abundance_in	MESH:D000544	curated	A	38535538	2024	1	1.0		2026-10-10
NCBITaxon:286	increases_abundance_in	MESH:D002583	curated	A	39289617	2024	2	1.0		2026-10-10
NCBITaxon:286	increases_abundance_in	MESH:D003093	curated	A	27604252	2018	1	1.0		2026-10-10
NCBITaxon:286	increases_abundance_in	MESH:D009062	curated	A	35433507	2022	1	1.0		2026-10-10
NCBITaxon:286	increases_abundance_in	MESH:D009369	curated	A	27384052	2016	1	1.0		2026-10-10
NCBITaxon:286	increases_abundance_in	MESH:D010518	curated	A	35672331	2022	1	1.0		2026-10-10
NCBITaxon:286	increases_abundance_in	MESH:D015179	curated	A	22622349	2012	1	1.0		2026-10-10
NCBITaxon:286	increases_abundance_in	MESH:D015658	curated	A	28362071	2017	1	1.0		2026-10-10
NCBITaxon:287	increases_abundance_in	MESH:D043183	curated	A	20947663	2011	1	1.0		2026-10-10
NCBITaxon:2886866	increases_abundance_in	MESH:D010518	curated	A	39581260	2024	1	1.0		2026-10-10
NCBITaxon:28890	decreases_abundance_in	MESH:D010661	curated	A	39599702	2024	1	1.0		2026-10-10
NCBITaxon:28890	increases_abundance_in	MESH:D009103	curated	A	27352007	2018	2	1.0		2026-10-10
NCBITaxon:2891241	decreases_abundance_in	MESH:D004403	curated	A	28767339	2018	1	1.0		2026-10-10
NCBITaxon:290055	decreases_abundance_in	MESH:D003424	curated	A	26789999	2016	1	1.0		2026-10-10
NCBITaxon:292632	decreases_abundance_in	MESH:D000079424	curated	A	31326413	2019	1	1.0		2026-10-10
NCBITaxon:292632	decreases_abundance_in	MESH:D003093	curated	A	27604252	2018	1	1.0		2026-10-10
NCBITaxon:292632	decreases_abundance_in	MESH:D003424	curated	A	26789999	2016	1	1.0		2026-10-10
NCBITaxon:292632	decreases_abundance_in	MESH:D003865	curated	A	33421868	2021	1	1.0		2026-10-10
NCBITaxon:292632	decreases_abundance_in	MESH:D004403	curated	A	28767339	2018	1	1.0		2026-10-10
NCBITaxon:292632	decreases_abundance_in	MESH:D007669	curated	A	29353409	2018	1	1.0		2026-10-10
NCBITaxon:292632	decreases_abundance_in	MESH:D015658	curated	A	39090139	2024	1	1.0		2026-10-10
NCBITaxon:292632	decreases_abundance_in	MESH:D016638	curated	A	27837233	2018	1	1.0		2026-10-10
NCBITaxon:292632	decreases_abundance_in	MESH:D018120	curated	A	32951160	2021	1	1.0		2026-10-10
NCBITaxon:292632	increases_abundance_in	MESH:D000544	curated	A	38535538	2024	1	1.0		2026-10-10
NCBITaxon:292632	increases_abundance_in	MESH:D051436	curated	A	35348181	2022	1	1.0		2026-10-10
NCBITaxon:292632	increases_abundance_in	MESH:D063766	curated	A	27450202	2018	1	1.0		2026-10-10
NCBITaxon:292800	decreases_abundance_in	MESH:D003424	curated	A	26789999	2016	1	1.0		2026-10-10
NCBITaxon:292800	increases_abundance_in	MESH:D015658	curated	A	28362071	2017	1	1.0		2026-10-10
NCBITaxon:293	decreases_abundance_in	MESH:C046366	curated	A	32843357	2021	1	1.0		2026-10-10
NCBITaxon:293	increases_abundance_in	MESH:C046366	curated	A	32843357	2021	1	1.0		2026-10-10
NCBITaxon:293	increases_abundance_in	MESH:D005221	curated	A	28083922	2017	1	1.0		2026-10-10
NCBITaxon:29348	increases_abundance_in	MESH:D043183	curated	A	39243395	2024	1	1.0		2026-10-10
NCBITaxon:29361	decreases_abundance_in	MESH:D006635	curated	A	38050061	2024	1	1.0		2026-10-10
NCBITaxon:29375	increases_abundance_in	MESH:D008107	curated	A	27036035	2016	1	1.0		2026-10-10
NCBITaxon:29391	decreases_abundance_in	MESH:D010300	curated	A	35057536	2022	1	1.0		2026-10-10
NCBITaxon:29391	increases_abundance_in	MESH:D000077195	curated	A	38589501	2024	1	1.0		2026-10-10
NCBITaxon:29391	increases_abundance_in	MESH:D005891	curated	A	38762482	2024	1	1.0		2026-10-10
NCBITaxon:29391	increases_abundance_in	MESH:D009203	curated	A	39447641	2024	2	1.0		2026-10-10
NCBITaxon:29391	increases_abundance_in	MESH:D043183	curated	A	39243395	2024	1	1.0		2026-10-10
NCBITaxon:294	decreases_abundance_in	MESH:D003731	curated	A	35686590	2022	1	1.0		2026-10-10
NCBITaxon:294	decreases_abundance_in	MESH:D009203	curated	A	40253360	2025	1	1.0		2026-10-10
NCBITaxon:29465	decreases_abundance_in	MESH:D000077195	curated	A	36445134|38589501	2022|2024	2	1.0		2026-10-10
NCBITaxon:29465	decreases_abundance_in	MESH:D002532	curated	A	39415150	2024	2	1.0		2026-10-10
NCBITaxon:29465	decreases_abundance_in	MESH:D002971	curated	A	38807164	2024	1	1.0		2026-10-10
NCBITaxon:29465	decreases_abundance_in	MESH:D003093	curated	A	17897884	2008	2	1.0		2026-10-10
NCBITaxon:29465	decreases_abundance_in	MESH:D003424	curated	A	17897884	2008	2	1.0		2026-10-10
NCBITaxon:29465	decreases_abundance_in	MESH:D003731	curated	A	39661115	2024	2	1.0		2026-10-10
NCBITaxon:29465	decreases_abundance_in	MESH:D003924	curated	A	37025407	2023	1	1.0		2026-10-10
NCBITaxon:29465	decreases_abundance_in	MESH:D009062	curated	A	37542310	2023	1	1.0		2026-10-10
NCBITaxon:29465	decreases_abundance_in	MESH:D009625	curated	A	41860897	2026	1	1.0		2026-10-10
NCBITaxon:29465	decreases_abundance_in	MESH:D010518	curated	A	35732628|37899378	2022|2023	2	1.0		2026-10-10
NCBITaxon:29465	decreases_abundance_in	MESH:D010661	curated	A	27336782	2018	1	1.0		2026-10-10
NCBITaxon:29465	decreases_abundance_in	MESH:D011565	curated	A	39117753	2024	1	1.0		2026-10-10
NCBITaxon:29465	decreases_abundance_in	MESH:D013315	curated	A	35613108	2022	1	1.0		2026-10-10
NCBITaxon:29465	increases_abundance_in	MESH:D001172	curated	A	34721377	2021	1	1.0		2026-10-10
NCBITaxon:29465	increases_abundance_in	MESH:D001249	curated	A	27634868	2018	1	1.0		2026-10-10
NCBITaxon:29465	increases_abundance_in	MESH:D004485	curated	A	27812181	2018	1	1.0		2026-10-10
NCBITaxon:29465	increases_abundance_in	MESH:D005512	curated	A	29017394	2017	1	1.0		2026-10-10
NCBITaxon:29465	increases_abundance_in	MESH:D008180	curated	A	36755319	2023	1	1.0		2026-10-10
NCBITaxon:29465	increases_abundance_in	MESH:D009007	curated	A	37899472	2023	1	1.0		2026-10-10
NCBITaxon:29465	increases_abundance_in	MESH:D009062	curated	A	35433507|41534871	2022|2026	3	1.0		2026-10-10
NCBITaxon:29465	increases_abundance_in	MESH:D009203	curated	A	39447641	2024	2	1.0		2026-10-10
NCBITaxon:29465	increases_abundance_in	MESH:D010510	curated	A	37698410	2023	1	1.0		2026-10-10
NCBITaxon:29465	increases_abundance_in	MESH:D012859	curated	A	38079342	2023	1	1.0		2026-10-10
NCBITaxon:29465	increases_abundance_in	MESH:D015209	curated	A	26887816|29969462	2016|2018	2	1.0		2026-10-10
NCBITaxon:29465	increases_abundance_in	MESH:D018281	curated	A	36345047	2022	1	1.0		2026-10-10
NCBITaxon:29465	increases_abundance_in	MESH:D019693	curated	A	29969462	2018	1	1.0		2026-10-10
NCBITaxon:29465	increases_abundance_in	MESH:D043183	curated	A	21741921	2011	1	1.0		2026-10-10
NCBITaxon:29465	increases_abundance_in	MESH:D054328	curated	A	38050061	2024	1	1.0		2026-10-10
NCBITaxon:29466	decreases_abundance_in	MESH:C535916	curated	A	38637854	2024	1	1.0		2026-10-10
NCBITaxon:29466	increases_abundance_in	MESH:D003731	curated	A	37698410	2023	3	1.0		2026-10-10
NCBITaxon:29466	increases_abundance_in	MESH:D008180	curated	A	39511594	2024	1	1.0		2026-10-10
NCBITaxon:29466	increases_abundance_in	MESH:D009203	curated	A	39447641	2024	2	1.0		2026-10-10
NCBITaxon:29466	increases_abundance_in	MESH:D010510	curated	A	37698410	2023	6	1.0		2026-10-10
NCBITaxon:29466	increases_abundance_in	MESH:D043183	curated	A	39243395	2024	1	1.0		2026-10-10
NCBITaxon:29466	increases_abundance_in	MESH:D054328	curated	A	38050061	2024	1	1.0		2026-10-10
NCBITaxon:294665	increases_abundance_in	MESH:D008103	curated	A	37483387	2023	1	1.0		2026-10-10
NCBITaxon:29523	increases_abundance_in	MESH:D008107	curated	A	27036035	2016	1	1.0		2026-10-10
NCBITaxon:29547	decreases_abundance_in	MESH:D009203	curated	A	40253360	2025	1	1.0		2026-10-10
NCBITaxon:29547	increases_abundance_in	MESH:D000544	curated	A	30816709	2019	1	1.0		2026-10-10
NCBITaxon:29547	increases_abundance_in	MESH:D003093	curated	A	22170749	2011	1	1.0		2026-10-10
NCBITaxon:29547	increases_abundance_in	MESH:D003731	curated	A	39661115	2024	1	1.0		2026-10-10
NCBITaxon:29547	increases_abundance_in	MESH:D011565	curated	A	39117753	2024	1	1.0		2026-10-10
NCBITaxon:29547	increases_abundance_in	MESH:D012516	curated	A	39055977	2024	1	1.0		2026-10-10
NCBITaxon:29547	increases_abundance_in	MESH:D015212	curated	A	38874761	2024	1	1.0		2026-10-10
NCBITaxon:29580	decreases_abundance_in	MESH:D019936	curated	A	26238090	2015	1	1.0		2026-10-10
NCBITaxon:29580	increases_abundance_in	MESH:D003093	curated	A	29632427	2018	1	1.0		2026-10-10
NCBITaxon:296051	decreases_abundance_in	MESH:D023921	curated	A	38111089	2024	1	1.0		2026-10-10
NCBITaxon:2975519	increases_abundance_in	MESH:D010518	curated	A	38062089	2023	2	1.0		2026-10-10
NCBITaxon:301302	decreases_abundance_in	MESH:D010300	curated	A	40420833	2025	1	1.0		2026-10-10
NCBITaxon:3024411	increases_abundance_in	MESH:D010518	curated	A	38062089	2023	1	1.0		2026-10-10
NCBITaxon:302485	increases_abundance_in	MESH:D009369	curated	A	27384052	2016	1	1.0		2026-10-10
NCBITaxon:3028117	increases_abundance_in	MESH:D013964	curated	A	36034695	2022	1	1.0		2026-10-10
NCBITaxon:3031449	decreases_abundance_in	MESH:D012149	curated	A	38763328	2024	1	1.0		2026-10-10
NCBITaxon:3031449	increases_abundance_in	MESH:D003928	curated	A	38346799	2024	1	1.0		2026-10-10
NCBITaxon:3031449	increases_abundance_in	MESH:D010518	curated	A	38062089	2023	1	1.0		2026-10-10
NCBITaxon:3031449	increases_abundance_in	MESH:D016925	curated	A	38934644	2024	1	1.0		2026-10-10
NCBITaxon:3031451	increases_abundance_in	MESH:D010518	curated	A	38062089	2023	1	1.0		2026-10-10
NCBITaxon:3031852	decreases_abundance_in	MESH:D006232	curated	A	39574007	2024	1	1.0		2026-10-10
NCBITaxon:3031852	increases_abundance_in	MESH:D002285	curated	A	39470189	2024	1	1.0		2026-10-10
NCBITaxon:3068309	increases_abundance_in	MESH:D018256	curated	A	36703031	2023	1	1.0		2026-10-10
NCBITaxon:3085636	decreases_abundance_in	MESH:D012149	curated	A	38763328	2024	1	1.0		2026-10-10
NCBITaxon:3085636	increases_abundance_in	MESH:D000077277	curated	A	36222897	2022	1	1.0		2026-10-10
NCBITaxon:3085636	increases_abundance_in	MESH:D003928	curated	A	38346799	2024	1	1.0		2026-10-10
NCBITaxon:3085642	increases_abundance_in	MESH:D003876	curated	A	42036885	2026	1	1.0		2026-10-10
NCBITaxon:3085642	increases_abundance_in	MESH:D003928	curated	A	38346799	2024	1	1.0		2026-10-10
NCBITaxon:3085642	increases_abundance_in	MESH:D009007	curated	A	37899472	2023	1	1.0		2026-10-10
NCBITaxon:310297	decreases_abundance_in	MESH:D001171	curated	A	27861762	2018	1	1.0		2026-10-10
NCBITaxon:310297	decreases_abundance_in	MESH:D010300	curated	A	28429209	2017	1	1.0		2026-10-10
NCBITaxon:310297	increases_abundance_in	MESH:C563365	curated	A	28341746	2018	1	1.0		2026-10-10
NCBITaxon:310297	increases_abundance_in	MESH:D018256	curated	A	36703031	2023	1	1.0		2026-10-10
NCBITaxon:310298	decreases_abundance_in	MESH:D010300	curated	A	28429209	2017	1	1.0		2026-10-10
NCBITaxon:310514	increases_abundance_in	MESH:D003731	curated	A	37698410	2023	2	1.0		2026-10-10
NCBITaxon:310514	increases_abundance_in	MESH:D010510	curated	A	37698410	2023	1	1.0		2026-10-10
NCBITaxon:3120395	increases_abundance_in	MESH:D011565	curated	A	39117753	2024	1	1.0		2026-10-10
NCBITaxon:3120435	increases_abundance_in	MESH:D010518	curated	A	38062089	2023	1	1.0		2026-10-10
NCBITaxon:315405	increases_abundance_in	MESH:D054328	curated	A	38050061	2024	1	1.0		2026-10-10
NCBITaxon:318147	decreases_abundance_in	MESH:D017963	curated	A	28402408	2017	1	1.0		2026-10-10
NCBITaxon:31953	decreases_abundance_in	MESH:D000375	curated	A	28181098	2017	1	1.0		2026-10-10
NCBITaxon:31953	decreases_abundance_in	MESH:D003928	curated	A	38346799	2024	1	1.0		2026-10-10
NCBITaxon:31953	decreases_abundance_in	MESH:D010530	curated	A	27640125	2018	1	1.0		2026-10-10
NCBITaxon:31953	decreases_abundance_in	MESH:D011565	curated	A	39117753	2024	1	1.0		2026-10-10
NCBITaxon:31953	decreases_abundance_in	MESH:D016030	curated	A	27640125	2018	1	1.0		2026-10-10
NCBITaxon:31953	decreases_abundance_in	MESH:D018120	curated	A	32951160	2021	1	1.0		2026-10-10
NCBITaxon:31953	increases_abundance_in	MESH:D001007	curated	A	36946910	2023	1	1.0		2026-10-10
NCBITaxon:31953	increases_abundance_in	MESH:D003863	curated	A	36946910	2023	1	1.0		2026-10-10
NCBITaxon:31953	increases_abundance_in	MESH:D003924	curated	A	37025407	2023	1	1.0		2026-10-10
NCBITaxon:31953	increases_abundance_in	MESH:D007003	curated	A	28806487	2017	1	1.0		2026-10-10
NCBITaxon:31957	decreases_abundance_in	MESH:D006232	curated	A	39574007	2024	1	1.0		2026-10-10
NCBITaxon:31957	increases_abundance_in	MESH:D010518	curated	A	35732628	2022	1	1.0		2026-10-10
NCBITaxon:31969	decreases_abundance_in	MESH:D008795	curated	A	35311555	2022	1	1.0		2026-10-10
NCBITaxon:31969	decreases_abundance_in	MESH:D014640	curated	A	35311555	2022	1	1.0		2026-10-10
NCBITaxon:31969	increases_abundance_in	MESH:D016776	curated	A	27147260	2016	1	1.0		2026-10-10
NCBITaxon:31971	increases_abundance_in	MESH:D010661	curated	A	39599702	2024	1	1.0		2026-10-10
NCBITaxon:31971	increases_abundance_in	MESH:D043183	curated	A	39243395	2024	1	1.0		2026-10-10
NCBITaxon:31973	decreases_abundance_in	MESH:D009203	curated	A	39447641	2024	1	1.0		2026-10-10
NCBITaxon:31977	decreases_abundance_in	MESH:D000067011	curated	A	31959047	2020	1	1.0		2026-10-10
NCBITaxon:31977	decreases_abundance_in	MESH:D003113	curated	A	27015015	2018	1	1.0		2026-10-10
NCBITaxon:31977	decreases_abundance_in	MESH:D003731	curated	A	39661115	2024	1	1.0		2026-10-10
NCBITaxon:31977	decreases_abundance_in	MESH:D003924	curated	A	37025407	2023	1	1.0		2026-10-10
NCBITaxon:31977	decreases_abundance_in	MESH:D007003	curated	A	28806487	2017	1	1.0		2026-10-10
NCBITaxon:31977	decreases_abundance_in	MESH:D010518	curated	A	35732628	2022	1	1.0		2026-10-10
NCBITaxon:31977	decreases_abundance_in	MESH:D011565	curated	A	39117753	2024	1	1.0		2026-10-10
NCBITaxon:31977	decreases_abundance_in	MESH:D050031	curated	A	28903182	2017	1	1.0		2026-10-10
NCBITaxon:31977	decreases_abundance_in	MESH:D050197	curated	A	30021609	2018	1	1.0		2026-10-10
NCBITaxon:31977	increases_abundance_in	MESH:D000077277	curated	A	36222897	2022	1	1.0		2026-10-10
NCBITaxon:31977	increases_abundance_in	MESH:D000375	curated	A	28181098	2017	1	1.0		2026-10-10
NCBITaxon:31977	increases_abundance_in	MESH:D003731	curated	A	41654739	2026	1	1.0		2026-10-10
NCBITaxon:31977	increases_abundance_in	MESH:D009055	curated	A	35038733	2022	1	1.0		2026-10-10
NCBITaxon:31977	increases_abundance_in	MESH:D009765	curated	A	26230509	2015	1	1.0		2026-10-10
NCBITaxon:31979	decreases_abundance_in	MESH:D000067011	curated	A	31959047	2020	1	1.0		2026-10-10
NCBITaxon:31979	decreases_abundance_in	MESH:D010661	curated	A	27336782	2018	1	1.0		2026-10-10
NCBITaxon:31979	decreases_abundance_in	MESH:D013315	curated	A	35613108	2022	1	1.0		2026-10-10
NCBITaxon:31979	increases_abundance_in	MESH:D009369	curated	A	27384052	2016	1	1.0		2026-10-10
NCBITaxon:31989	decreases_abundance_in	MESH:D013964	curated	A	36034695	2022	1	1.0		2026-10-10
NCBITaxon:31989	decreases_abundance_in	MESH:D016606	curated	A	36034695	2022	1	1.0		2026-10-10
NCBITaxon:31989	increases_abundance_in	MESH:D009369	curated	A	27384052	2016	1	1.0		2026-10-10
NCBITaxon:32008	decreases_abundance_in	MESH:D003731	curated	A	39661115	2024	1	1.0		2026-10-10
NCBITaxon:32033	decreases_abundance_in	MESH:D010518	curated	A	38062089	2023	1	1.0		2026-10-10
NCBITaxon:32066	decreases_abundance_in	MESH:D003424	curated	A	35493739	2022	1	1.0		2026-10-10
NCBITaxon:32066	decreases_abundance_in	MESH:D003863	curated	A	36946910	2023	1	1.0		2026-10-10
NCBITaxon:32066	decreases_abundance_in	MESH:D006232	curated	A	39574007	2024	1	1.0		2026-10-10
NCBITaxon:32066	decreases_abundance_in	MESH:D009203	curated	A	40253360	2025	1	1.0		2026-10-10
NCBITaxon:32066	decreases_abundance_in	MESH:D015671	curated	A	30284469	2018	1	1.0		2026-10-10
NCBITaxon:32066	increases_abundance_in	MESH:D000077277	curated	A	36222897	2022	1	1.0		2026-10-10
NCBITaxon:32066	increases_abundance_in	MESH:D002353	curated	A	25817005	2015	1	1.0		2026-10-10
NCBITaxon:32066	increases_abundance_in	MESH:D003015	curated	A	25817005	2015	1	1.0		2026-10-10
NCBITaxon:32066	increases_abundance_in	MESH:D003093	curated	A	22170749	2011	1	1.0		2026-10-10
NCBITaxon:32066	increases_abundance_in	MESH:D003550	curated	A	31992345	2020	1	1.0		2026-10-10
NCBITaxon:32066	increases_abundance_in	MESH:D013789	curated	A	39438708	2024	1	1.0		2026-10-10
NCBITaxon:32066	increases_abundance_in	MESH:D015179	curated	A	22622349|27171425|28600626	2012|2016|2017	3	1.0		2026-10-10
NCBITaxon:32066	increases_abundance_in	MESH:D018281	curated	A	36345047	2022	1	1.0		2026-10-10
NCBITaxon:32066	increases_abundance_in	MESH:D019936	curated	A	26238090	2015	1	1.0		2026-10-10
NCBITaxon:32067	decreases_abundance_in	MESH:D002532	curated	A	39415150	2024	1	1.0		2026-10-10
NCBITaxon:32067	decreases_abundance_in	MESH:D003731	curated	A	39661115	2024	1	1.0		2026-10-10
NCBITaxon:32067	decreases_abundance_in	MESH:D006232	curated	A	39574007	2024	1	1.0		2026-10-10
NCBITaxon:32067	decreases_abundance_in	MESH:D010510	curated	A	37698410	2023	2	1.0		2026-10-10
NCBITaxon:32067	decreases_abundance_in	MESH:D015658	curated	A	39090139	2024	1	1.0		2026-10-10
NCBITaxon:32067	decreases_abundance_in	MESH:D016606	curated	A	36034695	2022	1	1.0		2026-10-10
NCBITaxon:32067	increases_abundance_in	MESH:D000077195	curated	A	36445134	2022	1	1.0		2026-10-10
NCBITaxon:32067	increases_abundance_in	MESH:D000077277	curated	A	36222897	2022	1	1.0		2026-10-10
NCBITaxon:32067	increases_abundance_in	MESH:D003731	curated	A	37698410	2023	4	1.0		2026-10-10
NCBITaxon:32067	increases_abundance_in	MESH:D003876	curated	A	39523189	2024	1	1.0		2026-10-10
NCBITaxon:32067	increases_abundance_in	MESH:D008180	curated	A	36755319	2023	1	1.0		2026-10-10
NCBITaxon:32067	increases_abundance_in	MESH:D009103	curated	A	38565581	2024	1	1.0		2026-10-10
NCBITaxon:32067	increases_abundance_in	MESH:D010510	curated	A	37698410	2023	5	1.0		2026-10-10
NCBITaxon:32067	increases_abundance_in	MESH:D012859	curated	A	38079342	2023	1	1.0		2026-10-10
NCBITaxon:32067	increases_abundance_in	MESH:D018281	curated	A	36345047	2022	1	1.0		2026-10-10
NCBITaxon:32067	increases_abundance_in	MESH:D051436	curated	A	35348181	2022	1	1.0		2026-10-10
NCBITaxon:32207	decreases_abundance_in	MESH:D000077195	curated	A	38589501	2024	1	1.0		2026-10-10
NCBITaxon:32207	decreases_abundance_in	MESH:D002971	curated	A	38807164	2024	1	1.0		2026-10-10
NCBITaxon:32207	decreases_abundance_in	MESH:D003731	curated	A	41534871	2026	2	1.0		2026-10-10
NCBITaxon:32207	decreases_abundance_in	MESH:D003876	curated	A	39523189	2024	1	1.0		2026-10-10
NCBITaxon:32207	decreases_abundance_in	MESH:D008180	curated	A	36755319	2023	1	1.0		2026-10-10
NCBITaxon:32207	decreases_abundance_in	MESH:D010518	curated	A	41534871	2026	1	1.0		2026-10-10
NCBITaxon:32207	decreases_abundance_in	MESH:D012516	curated	A	39055977	2024	2	1.0		2026-10-10
NCBITaxon:32207	decreases_abundance_in	MESH:D017963	curated	A	28402408	2017	1	1.0		2026-10-10
NCBITaxon:32207	decreases_abundance_in	MESH:D018281	curated	A	36345047	2022	1	1.0		2026-10-10
NCBITaxon:32207	increases_abundance_in	MESH:D001249	curated	A	27634868	2018	1	1.0		2026-10-10
NCBITaxon:32207	increases_abundance_in	MESH:D002532	curated	A	39415150	2024	1	1.0		2026-10-10
NCBITaxon:32207	increases_abundance_in	MESH:D003731	curated	A	35686590	2022	1	1.0		2026-10-10
NCBITaxon:32207	increases_abundance_in	MESH:D003863	curated	A	36946910	2023	1	1.0		2026-10-10
NCBITaxon:32207	increases_abundance_in	MESH:D003924	curated	A	37025407	2023	1	1.0		2026-10-10
NCBITaxon:32207	increases_abundance_in	MESH:D009007	curated	A	37899472	2023	1	1.0		2026-10-10
NCBITaxon:32207	increases_abundance_in	MESH:D009062	curated	A	41534871	2026	1	1.0		2026-10-10
NCBITaxon:32207	increases_abundance_in	MESH:D012891	curated	A	40995218	2025	1	1.0		2026-10-10
NCBITaxon:32207	increases_abundance_in	MESH:D051436	curated	A	35348181	2022	1	1.0		2026-10-10
NCBITaxon:325789	decreases_abundance_in	MESH:D000544	curated	A	38535538	2024	1	1.0		2026-10-10
NCBITaxon:327575	decreases_abundance_in	MESH:D003731	curated	A	35686590	2022	1	1.0		2026-10-10
NCBITaxon:327575	decreases_abundance_in	MESH:D010510	curated	A	37698410	2023	1	1.0		2026-10-10
NCBITaxon:327575	increases_abundance_in	MESH:D009203	curated	A	39447641	2024	1	1.0		2026-10-10
NCBITaxon:328814	decreases_abundance_in	MESH:D003424	curated	A	26789999	2016	1	1.0		2026-10-10
NCBITaxon:329854	decreases_abundance_in	MESH:D043183	curated	A	20014457	2009	1	1.0		2026-10-10
NCBITaxon:33024	decreases_abundance_in	MESH:D003731	curated	A	41654739	2026	1	1.0		2026-10-10
NCBITaxon:33024	decreases_abundance_in	MESH:D006527	curated	A	30075590	2018	1	1.0		2026-10-10
NCBITaxon:33024	decreases_abundance_in	MESH:D015658	curated	A	27048741	2018	1	1.0		2026-10-10
NCBITaxon:33024	decreases_abundance_in	MESH:D017963	curated	A	28402408	2017	1	1.0		2026-10-10
NCBITaxon:33024	decreases_abundance_in	MESH:D018120	curated	A	32951160	2021	1	1.0		2026-10-10
NCBITaxon:33024	increases_abundance_in	MESH:D001172	curated	A	34721377	2021	1	1.0		2026-10-10
NCBITaxon:33024	increases_abundance_in	MESH:D003967	curated	A	37231829	2023	1	1.0		2026-10-10
NCBITaxon:33024	increases_abundance_in	MESH:D004485	curated	A	27812181	2018	1	1.0		2026-10-10
NCBITaxon:33024	increases_abundance_in	MESH:D007669	curated	A	29353409	2018	1	1.0		2026-10-10
NCBITaxon:33024	increases_abundance_in	MESH:D015179	curated	A	23940645	2013	1	1.0		2026-10-10
NCBITaxon:33024	increases_abundance_in	MESH:D018256	curated	A	36703031	2023	2	1.0		2026-10-10
NCBITaxon:33024	increases_abundance_in	MESH:D018792	curated	A	35157224	2022	1	1.0		2026-10-10
NCBITaxon:33024	increases_abundance_in	MESH:D065626	curated	A	29682571	2018	1	1.0		2026-10-10
NCBITaxon:33031	increases_abundance_in	MESH:D043183	curated	A	39243395	2024	1	1.0		2026-10-10
NCBITaxon:33033	increases_abundance_in	MESH:D003731	curated	A	37698410	2023	1	1.0		2026-10-10
NCBITaxon:33033	increases_abundance_in	MESH:D010510	curated	A	37698410	2023	4	1.0		2026-10-10
NCBITaxon:33033	increases_abundance_in	MESH:D010518	curated	A	37899378	2023	1	1.0		2026-10-10
NCBITaxon:33033	increases_abundance_in	MESH:D043183	curated	A	39243395	2024	1	1.0		2026-10-10
NCBITaxon:33035	decreases_abundance_in	MESH:D003093	curated	A	17897884	2008	1	1.0		2026-10-10
NCBITaxon:33035	decreases_abundance_in	MESH:D003424	curated	A	17897884	2008	1	1.0		2026-10-10
NCBITaxon:33035	decreases_abundance_in	MESH:D012859	curated	A	35603219	2022	1	1.0		2026-10-10
NCBITaxon:33037	increases_abundance_in	MESH:D043183	curated	A	39243395	2024	1	1.0		2026-10-10
NCBITaxon:33038	decreases_abundance_in	MESH:D009203	curated	A	40253360	2025	1	1.0		2026-10-10
NCBITaxon:33038	increases_abundance_in	MESH:D003093	curated	A	20648002|28039159	2010|2017	2	1.0		2026-10-10
NCBITaxon:33038	increases_abundance_in	MESH:D003424	curated	A	20648002	2010	2	1.0		2026-10-10
NCBITaxon:33038	increases_abundance_in	MESH:D004485	curated	A	27812181	2018	1	1.0		2026-10-10
NCBITaxon:33038	increases_abundance_in	MESH:D008180	curated	A	39511594	2024	1	1.0		2026-10-10
NCBITaxon:33038	increases_abundance_in	MESH:D010661	curated	A	39599702	2024	1	1.0		2026-10-10
NCBITaxon:33038	increases_abundance_in	MESH:D043183	curated	A	39243395	2024	1	1.0		2026-10-10
NCBITaxon:33039	decreases_abundance_in	MESH:D003424	curated	A	26789999	2016	1	1.0		2026-10-10
NCBITaxon:33042	decreases_abundance_in	MESH:D000079424	curated	A	31326413	2019	1	1.0		2026-10-10
NCBITaxon:33042	decreases_abundance_in	MESH:D000667	curated	A	35311555	2022	1	1.0		2026-10-10
NCBITaxon:33042	decreases_abundance_in	MESH:D001943	curated	A	39470189	2024	1	1.0		2026-10-10
NCBITaxon:33042	decreases_abundance_in	MESH:D004403	curated	A	28767339	2018	1	1.0		2026-10-10
NCBITaxon:33042	decreases_abundance_in	MESH:D008103	curated	A	37483387	2023	1	1.0		2026-10-10
NCBITaxon:33042	decreases_abundance_in	MESH:D008795	curated	A	35311555	2022	1	1.0		2026-10-10
NCBITaxon:33042	decreases_abundance_in	MESH:D009203	curated	A	40253360	2025	1	1.0		2026-10-10
NCBITaxon:33042	decreases_abundance_in	MESH:D010518	curated	A	41053144	2025	1	1.0		2026-10-10
NCBITaxon:33042	decreases_abundance_in	MESH:D010661	curated	A	27336782|39599702	2018|2024	3	1.0		2026-10-10
NCBITaxon:33042	decreases_abundance_in	MESH:D014640	curated	A	35311555	2022	1	1.0		2026-10-10
NCBITaxon:33042	decreases_abundance_in	MESH:D015658	curated	A	39090139	2024	1	1.0		2026-10-10
NCBITaxon:33042	decreases_abundance_in	MESH:D019936	curated	A	26238090	2015	1	1.0		2026-10-10
NCBITaxon:33042	decreases_abundance_in	MESH:D025241	curated	A	37117227	2023	2	1.0		2026-10-10
NCBITaxon:33042	decreases_abundance_in	MESH:D054198	curated	A	27527070	2018	1	1.0		2026-10-10
NCBITaxon:33042	increases_abundance_in	MESH:D003924	curated	A	37025407	2023	1	1.0		2026-10-10
NCBITaxon:33042	increases_abundance_in	MESH:D004485	curated	A	27812181	2018	1	1.0		2026-10-10
NCBITaxon:33042	increases_abundance_in	MESH:D014640	curated	A	35311555	2022	1	1.0		2026-10-10
NCBITaxon:33042	increases_abundance_in	MESH:D015525	curated	A	28951525	2017	1	1.0		2026-10-10
NCBITaxon:33042	increases_abundance_in	MESH:D016776	curated	A	27147260	2016	1	1.0		2026-10-10
NCBITaxon:33042	increases_abundance_in	MESH:D065626	curated	A	23453736|29948900	2013|2018	2	1.0		2026-10-10
NCBITaxon:33043	decreases_abundance_in	MESH:D010300	curated	A	28429209	2017	1	1.0		2026-10-10
NCBITaxon:33043	decreases_abundance_in	MESH:D010661	curated	A	39599702	2024	1	1.0		2026-10-10
NCBITaxon:33043	decreases_abundance_in	MESH:D043183	curated	A	39243395	2024	1	1.0		2026-10-10
NCBITaxon:333046	decreases_abundance_in	MESH:D002318	curated	A	29998997	2018	1	1.0		2026-10-10
NCBITaxon:333046	increases_abundance_in	MESH:D010518	curated	A	38062089	2023	1	1.0		2026-10-10
NCBITaxon:333367	decreases_abundance_in	MESH:D003424	curated	A	26789999	2016	1	1.0		2026-10-10
NCBITaxon:333367	increases_abundance_in	MESH:D043183	curated	A	39243395	2024	1	1.0		2026-10-10
NCBITaxon:335928	decreases_abundance_in	MESH:D010518	curated	A	38062089	2023	1	1.0		2026-10-10
NCBITaxon:338	decreases_abundance_in	MESH:D001172	curated	A	34721377	2021	1	1.0		2026-10-10
NCBITaxon:33958	decreases_abundance_in	MESH:D000900	curated	A	33157256	2021	1	1.0		2026-10-10
NCBITaxon:33958	decreases_abundance_in	MESH:D002583	curated	A	39289617	2024	1	1.0		2026-10-10
NCBITaxon:33958	decreases_abundance_in	MESH:D003113	curated	A	27015015	2018	1	1.0		2026-10-10
NCBITaxon:33958	decreases_abundance_in	MESH:D011565	curated	A	39117753	2024	1	1.0		2026-10-10
NCBITaxon:33958	decreases_abundance_in	MESH:D013605	curated	A	38896898	2024	1	1.0		2026-10-10
NCBITaxon:33958	decreases_abundance_in	MESH:D014302	curated	A	38612971	2024	1	1.0		2026-10-10
NCBITaxon:33958	decreases_abundance_in	MESH:D016776	curated	A	27147260	2016	1	1.0		2026-10-10
NCBITaxon:33958	decreases_abundance_in	MESH:D016925	curated	A	38934644	2024	1	1.0		2026-10-10
NCBITaxon:33958	decreases_abundance_in	MESH:D046290	curated	A	29637226	2018	1	1.0		2026-10-10
NCBITaxon:33958	increases_abundance_in	MESH:D002583	curated	A	39289617	2024	1	1.0		2026-10-10
NCBITaxon:33958	increases_abundance_in	MESH:D008103	curated	A	37483387	2023	1	1.0		2026-10-10
NCBITaxon:33958	increases_abundance_in	MESH:D009007	curated	A	37899472	2023	1	1.0		2026-10-10
NCBITaxon:33958	increases_abundance_in	MESH:D010518	curated	A	35732628	2022	3	1.0		2026-10-10
NCBITaxon:33958	increases_abundance_in	MESH:D014212	curated	A	36590585	2022	2	1.0		2026-10-10
NCBITaxon:33959	decreases_abundance_in	MESH:D012859	curated	A	35603219	2022	1	1.0		2026-10-10
NCBITaxon:33986	increases_abundance_in	MESH:D003248	curated	A	29340896	2018	1	1.0		2026-10-10
NCBITaxon:33986	increases_abundance_in	MESH:D015179	curated	A	22622349	2012	1	1.0		2026-10-10
NCBITaxon:34037	decreases_abundance_in	MESH:D019936	curated	A	26238090	2015	1	1.0		2026-10-10
NCBITaxon:34104	increases_abundance_in	MESH:D010518	curated	A	35732628	2022	1	1.0		2026-10-10
NCBITaxon:341694	decreases_abundance_in	MESH:D010300	curated	A	35057536	2022	1	1.0		2026-10-10
NCBITaxon:341694	increases_abundance_in	MESH:D000077195	curated	A	38589501	2024	1	1.0		2026-10-10
NCBITaxon:341694	increases_abundance_in	MESH:D009203	curated	A	39447641	2024	1	1.0		2026-10-10
NCBITaxon:342942	increases_abundance_in	MESH:D043183	curated	A	39243395	2024	1	1.0		2026-10-10
NCBITaxon:346096	increases_abundance_in	MESH:D003876	curated	A	39523189	2024	1	1.0		2026-10-10
NCBITaxon:346096	increases_abundance_in	MESH:D009062	curated	A	35433507	2022	1	1.0		2026-10-10
NCBITaxon:346096	increases_abundance_in	MESH:D051436	curated	A	35348181	2022	1	1.0		2026-10-10
NCBITaxon:348841	decreases_abundance_in	MESH:D005690	curated	A	38825119	2024	1	1.0		2026-10-10
NCBITaxon:35517	increases_abundance_in	MESH:D005891	curated	A	38762482	2024	1	1.0		2026-10-10
NCBITaxon:35517	increases_abundance_in	MESH:D010510	curated	A	37698410	2023	2	1.0		2026-10-10
NCBITaxon:35518	decreases_abundance_in	MESH:D002532	curated	A	39415150	2024	2	1.0		2026-10-10
NCBITaxon:35518	decreases_abundance_in	MESH:D008180	curated	A	36755319	2023	1	1.0		2026-10-10
NCBITaxon:35518	decreases_abundance_in	MESH:D015658	curated	A	39090139	2024	1	1.0		2026-10-10
NCBITaxon:35518	increases_abundance_in	MESH:D009765	curated	A	41305578	2025	1	1.0		2026-10-10
NCBITaxon:35518	increases_abundance_in	MESH:D010510	curated	A	37698410	2023	1	1.0		2026-10-10
NCBITaxon:35519	increases_abundance_in	MESH:D010510	curated	A	37698410	2023	2	1.0		2026-10-10
NCBITaxon:356	decreases_abundance_in	MESH:D008103	curated	A	37483387	2023	1	1.0		2026-10-10
NCBITaxon:356	decreases_abundance_in	MESH:D010518	curated	A	38062089	2023	1	1.0		2026-10-10
NCBITaxon:356	decreases_abundance_in	MESH:D013964	curated	A	36034695	2022	1	1.0		2026-10-10
NCBITaxon:357	increases_abundance_in	MESH:D015179	curated	A	22622349	2012	1	1.0		2026-10-10
NCBITaxon:357	increases_abundance_in	MESH:D017963	curated	A	28402408	2017	1	1.0		2026-10-10
NCBITaxon:357276	decreases_abundance_in	MESH:D010300	curated	A	28429209	2017	1	1.0		2026-10-10
NCBITaxon:357276	increases_abundance_in	MESH:D020345	curated	A	26787171	2016	1	1.0		2026-10-10
NCBITaxon:35783	increases_abundance_in	MESH:D003424	curated	A	20848492	2010	1	1.0		2026-10-10
NCBITaxon:35829	increases_abundance_in	MESH:D016776	curated	A	27147260	2016	1	1.0		2026-10-10
NCBITaxon:35832	decreases_abundance_in	MESH:D000079424	curated	A	31326413	2019	1	1.0		2026-10-10
NCBITaxon:35832	decreases_abundance_in	MESH:D000152	curated	A	29756631	2018	1	1.0		2026-10-10
NCBITaxon:35832	decreases_abundance_in	MESH:D007669	curated	A	29353409	2018	1	1.0		2026-10-10
NCBITaxon:35832	increases_abundance_in	MESH:D001120	curated	A	35579969	2022	1	1.0		2026-10-10
NCBITaxon:35832	increases_abundance_in	MESH:D003922	curated	A	29733871	2018	1	1.0		2026-10-10
NCBITaxon:35832	increases_abundance_in	MESH:D004485	curated	A	27812181	2018	1	1.0		2026-10-10
NCBITaxon:35832	increases_abundance_in	MESH:D009103	curated	A	27176462	2016	1	1.0		2026-10-10
NCBITaxon:35832	increases_abundance_in	MESH:D015179	curated	A	29687353	2018	1	1.0		2026-10-10
NCBITaxon:35833	decreases_abundance_in	MESH:D003093	curated	A	28039159	2017	1	1.0		2026-10-10
NCBITaxon:35833	increases_abundance_in	MESH:D015179	curated	A	28153960	2017	1	1.0		2026-10-10
NCBITaxon:358742	increases_abundance_in	MESH:D043183	curated	A	39243395	2024	1	1.0		2026-10-10
NCBITaxon:360807	decreases_abundance_in	MESH:D000079424	curated	A	31326413	2019	1	1.0		2026-10-10
NCBITaxon:360807	decreases_abundance_in	MESH:D003424	curated	A	26789999	2016	1	1.0		2026-10-10
NCBITaxon:360807	decreases_abundance_in	MESH:D015658	curated	A	28362071	2017	1	1.0		2026-10-10
NCBITaxon:363265	increases_abundance_in	MESH:D025241	curated	A	37117227	2023	1	1.0		2026-10-10
NCBITaxon:363464	increases_abundance_in	MESH:D003731	curated	A	39661115	2024	1	1.0		2026-10-10
NCBITaxon:363464	increases_abundance_in	MESH:D010518	curated	A	38062089	2023	3	1.0		2026-10-10
NCBITaxon:36834	decreases_abundance_in	MESH:D008687	curated	A	27999002	2017	1	1.0		2026-10-10
NCBITaxon:36866	decreases_abundance_in	MESH:D012516	curated	A	39055977	2024	1	1.0		2026-10-10
NCBITaxon:374	decreases_abundance_in	MESH:D008103	curated	A	37483387	2023	1	1.0		2026-10-10
NCBITaxon:374	increases_abundance_in	MESH:D018792	curated	A	35157224	2022	1	1.0		2026-10-10
NCBITaxon:375288	decreases_abundance_in	MESH:D000856	curated	A	26428446	2015	1	1.0		2026-10-10
NCBITaxon:375288	decreases_abundance_in	MESH:D003424	curated	A	26789999	2016	1	1.0		2026-10-10
NCBITaxon:375288	decreases_abundance_in	MESH:D003928	curated	A	38346799	2024	1	1.0		2026-10-10
NCBITaxon:375288	decreases_abundance_in	MESH:D003929	curated	A	30358922	2018	1	1.0		2026-10-10
NCBITaxon:375288	decreases_abundance_in	MESH:D009765	curated	A	29214176	2017	1	1.0		2026-10-10
NCBITaxon:375288	decreases_abundance_in	MESH:D015179	curated	A	28600626	2017	1	1.0		2026-10-10
NCBITaxon:375288	decreases_abundance_in	MESH:D015658	curated	A	27048741	2018	1	1.0		2026-10-10
NCBITaxon:375288	decreases_abundance_in	MESH:D043183	curated	A	31681624	2019	1	1.0		2026-10-10
NCBITaxon:375288	increases_abundance_in	MESH:D000544	curated	A	38535538	2024	1	1.0		2026-10-10
NCBITaxon:375288	increases_abundance_in	MESH:D000856	curated	A	26428446	2015	1	1.0		2026-10-10
NCBITaxon:375288	increases_abundance_in	MESH:D001120	curated	A	35579969	2022	1	1.0		2026-10-10
NCBITaxon:375288	increases_abundance_in	MESH:D003248	curated	A	29340896	2018	1	1.0		2026-10-10
NCBITaxon:375288	increases_abundance_in	MESH:D003731	curated	A	39661115	2024	1	1.0		2026-10-10
NCBITaxon:375288	increases_abundance_in	MESH:D003865	curated	A	33421868	2021	1	1.0		2026-10-10
NCBITaxon:375288	increases_abundance_in	MESH:D004443	curated	A	30555437	2018	1	1.0		2026-10-10
NCBITaxon:375288	increases_abundance_in	MESH:D004485	curated	A	27812181|28866384	2018	2	1.0		2026-10-10
NCBITaxon:375288	increases_abundance_in	MESH:D004761	curated	A	30211217	2018	1	1.0		2026-10-10
NCBITaxon:375288	increases_abundance_in	MESH:D011695	curated	A	29525681	2018	1	1.0		2026-10-10
NCBITaxon:375288	increases_abundance_in	MESH:D012149	curated	A	38763328	2024	1	1.0		2026-10-10
NCBITaxon:375288	increases_abundance_in	MESH:D013167	curated	A	30886835	2019	1	1.0		2026-10-10
NCBITaxon:375288	increases_abundance_in	MESH:D015179	curated	A	29687353	2018	1	1.0		2026-10-10
NCBITaxon:375288	increases_abundance_in	MESH:D016925	curated	A	38934644	2024	1	1.0		2026-10-10
NCBITaxon:375288	increases_abundance_in	MESH:D018792	curated	A	35157224	2022	1	1.0		2026-10-10
NCBITaxon:375288	increases_abundance_in	MESH:D029801	curated	A	26890232	2016	1	1.0		2026-10-10
NCBITaxon:376469	decreases_abundance_in	MESH:D017963	curated	A	28402408	2017	1	1.0		2026-10-10
NCBITaxon:376804	increases_abundance_in	MESH:D043183	curated	A	39243395	2024	1	1.0		2026-10-10
NCBITaxon:37734	decreases_abundance_in	MESH:D003924	curated	A	27999002	2017	1	1.0		2026-10-10
NCBITaxon:378210	decreases_abundance_in	MESH:D006973	curated	A	41923033	2026	1	1.0		2026-10-10
NCBITaxon:378210	decreases_abundance_in	MESH:D010518	curated	A	41923033	2026	1	1.0		2026-10-10
NCBITaxon:379	decreases_abundance_in	MESH:D013964	curated	A	36034695	2022	1	1.0		2026-10-10
NCBITaxon:379	increases_abundance_in	MESH:D004485	curated	A	27812181	2018	1	1.0		2026-10-10
NCBITaxon:379	increases_abundance_in	MESH:D019936	curated	A	26238090	2015	1	1.0		2026-10-10
NCBITaxon:381	increases_abundance_in	MESH:D009203	curated	A	39447641	2024	1	1.0		2026-10-10
NCBITaxon:38402	increases_abundance_in	MESH:D009203	curated	A	39447641	2024	1	1.0		2026-10-10
NCBITaxon:393661	increases_abundance_in	MESH:D009369	curated	A	27384052	2016	1	1.0		2026-10-10
NCBITaxon:39484	decreases_abundance_in	MESH:D003424	curated	A	26789999	2016	1	1.0		2026-10-10
NCBITaxon:39485	decreases_abundance_in	MESH:D000690	curated	A	33135936	2021	1	1.0		2026-10-10
NCBITaxon:39485	decreases_abundance_in	MESH:D015658	curated	A	28362071|39090139	2017|2024	4	1.0		2026-10-10
NCBITaxon:39486	decreases_abundance_in	MESH:D006635	curated	A	38050061	2024	1	1.0		2026-10-10
NCBITaxon:39488	decreases_abundance_in	MESH:D007669	curated	A	29353409	2018	1	1.0		2026-10-10
NCBITaxon:39488	decreases_abundance_in	MESH:D009203	curated	A	40253360	2025	1	1.0		2026-10-10
NCBITaxon:39491	decreases_abundance_in	MESH:D000690	curated	A	33135936	2021	1	1.0		2026-10-10
NCBITaxon:39491	decreases_abundance_in	MESH:D003093	curated	A	27833384|28039159	2017|2018	2	1.0		2026-10-10
NCBITaxon:39491	decreases_abundance_in	MESH:D043183	curated	A	39243395	2024	1	1.0		2026-10-10
NCBITaxon:39496	decreases_abundance_in	MESH:D000070642	curated	A	30546361	2018	1	1.0		2026-10-10
NCBITaxon:39496	decreases_abundance_in	MESH:D003424	curated	A	26789999	2016	1	1.0		2026-10-10
NCBITaxon:39498	increases_abundance_in	MESH:D000077195	curated	A	38589501	2024	1	1.0		2026-10-10
NCBITaxon:39498	increases_abundance_in	MESH:D010510	curated	A	37698410	2023	1	1.0		2026-10-10
NCBITaxon:39777	decreases_abundance_in	MESH:D003731	curated	A	39661115	2024	1	1.0		2026-10-10
NCBITaxon:39777	increases_abundance_in	MESH:D009203	curated	A	39447641	2024	2	1.0		2026-10-10
NCBITaxon:39777	increases_abundance_in	MESH:D010510	curated	A	37698410	2023	1	1.0		2026-10-10
NCBITaxon:39777	increases_abundance_in	MESH:D043183	curated	A	39243395	2024	1	1.0		2026-10-10
NCBITaxon:39778	increases_abundance_in	MESH:D009062	curated	A	35433507	2022	1	1.0		2026-10-10
NCBITaxon:39778	increases_abundance_in	MESH:D010510	curated	A	37698410	2023	1	1.0		2026-10-10
NCBITaxon:39778	increases_abundance_in	MESH:D043183	curated	A	39243395	2024	1	1.0		2026-10-10
NCBITaxon:39778	increases_abundance_in	MESH:D054328	curated	A	38050061	2024	1	1.0		2026-10-10
NCBITaxon:39779	decreases_abundance_in	MESH:D015658	curated	A	28362071	2017	1	1.0		2026-10-10
NCBITaxon:39779	increases_abundance_in	MESH:D050154	curated	A	26973703	2016	1	1.0		2026-10-10
NCBITaxon:39779	increases_abundance_in	MESH:D050197	curated	A	26973703	2016	1	1.0		2026-10-10
NCBITaxon:397864	decreases_abundance_in	MESH:D009765	curated	A	30064988	2019	1	1.0		2026-10-10
NCBITaxon:397864	decreases_abundance_in	MESH:D010661	curated	A	39599702	2024	2	1.0		2026-10-10
NCBITaxon:397864	decreases_abundance_in	MESH:D015658	curated	A	39090139	2024	1	1.0		2026-10-10
NCBITaxon:397864	increases_abundance_in	MESH:D008103	curated	A	37483387	2023	1	1.0		2026-10-10
NCBITaxon:39948	decreases_abundance_in	MESH:D000894	curated	A	19703328	2010	1	1.0		2026-10-10
NCBITaxon:39948	decreases_abundance_in	MESH:D001172	curated	A	34721377	2021	1	1.0		2026-10-10
NCBITaxon:39948	decreases_abundance_in	MESH:D003922	curated	A	27231166	2016	1	1.0		2026-10-10
NCBITaxon:39948	decreases_abundance_in	MESH:D004485	curated	A	27812181	2018	1	1.0		2026-10-10
NCBITaxon:39948	decreases_abundance_in	MESH:D006232	curated	A	39574007	2024	1	1.0		2026-10-10
NCBITaxon:39948	decreases_abundance_in	MESH:D007669	curated	A	29353409	2018	1	1.0		2026-10-10
NCBITaxon:39948	decreases_abundance_in	MESH:D008694	curated	A	38112416	2023	1	1.0		2026-10-10
NCBITaxon:39948	decreases_abundance_in	MESH:D011565	curated	A	39117753	2024	1	1.0		2026-10-10
NCBITaxon:39948	decreases_abundance_in	MESH:D011695	curated	A	29525681	2018	1	1.0		2026-10-10
NCBITaxon:39948	decreases_abundance_in	MESH:D013119	curated	A	26752409	2016	2	1.0		2026-10-10
NCBITaxon:39948	decreases_abundance_in	MESH:D045730	curated	A	32620337	2020	1	1.0		2026-10-10
NCBITaxon:39948	decreases_abundance_in	MESH:D050031	curated	A	28903182	2017	1	1.0		2026-10-10
NCBITaxon:39948	decreases_abundance_in	MESH:D063766	curated	A	27450202	2018	1	1.0		2026-10-10
NCBITaxon:39948	increases_abundance_in	MESH:D000077277	curated	A	36222897	2022	1	1.0		2026-10-10
NCBITaxon:39948	increases_abundance_in	MESH:D002285	curated	A	39470189	2024	1	1.0		2026-10-10
NCBITaxon:39948	increases_abundance_in	MESH:D003731	curated	A	41654739	2026	1	1.0		2026-10-10
NCBITaxon:39948	increases_abundance_in	MESH:D003876	curated	A	39523189	2024	1	1.0		2026-10-10
NCBITaxon:39948	increases_abundance_in	MESH:D009007	curated	A	37899472	2023	1	1.0		2026-10-10
NCBITaxon:39948	increases_abundance_in	MESH:D009967	curated	A	39709380	2024	1	1.0		2026-10-10
NCBITaxon:39948	increases_abundance_in	MESH:D010518	curated	A	37899378	2023	1	1.0		2026-10-10
NCBITaxon:39950	increases_abundance_in	MESH:D009765	curated	A	41305578	2025	1	1.0		2026-10-10
NCBITaxon:39950	increases_abundance_in	MESH:D010300	curated	A	35057536	2022	1	1.0		2026-10-10
NCBITaxon:39950	increases_abundance_in	MESH:D010510	curated	A	37698410	2023	2	1.0		2026-10-10
NCBITaxon:400634	decreases_abundance_in	MESH:D000152	curated	A	29756631	2018	1	1.0		2026-10-10
NCBITaxon:40214	increases_abundance_in	MESH:D003731	curated	A	39661115	2024	1	1.0		2026-10-10
NCBITaxon:40323	decreases_abundance_in	MESH:D018792	curated	A	35157224	2022	1	1.0		2026-10-10
NCBITaxon:40323	increases_abundance_in	MESH:D015179	curated	A	22622349	2012	1	1.0		2026-10-10
NCBITaxon:405	decreases_abundance_in	MESH:D009203	curated	A	40253360	2025	1	1.0		2026-10-10
NCBITaxon:40518	decreases_abundance_in	MESH:D003424	curated	A	20848492	2010	1	1.0		2026-10-10
NCBITaxon:40518	increases_abundance_in	MESH:D010300	curated	A	28429209	2017	1	1.0		2026-10-10
NCBITaxon:40518	increases_abundance_in	MESH:D043183	curated	A	20014457	2009	1	1.0		2026-10-10
NCBITaxon:40519	decreases_abundance_in	MESH:D000079424	curated	A	31326413	2019	1	1.0		2026-10-10
NCBITaxon:40519	decreases_abundance_in	MESH:D010300	curated	A	28429209	2017	1	1.0		2026-10-10
NCBITaxon:40542	decreases_abundance_in	MESH:D009203	curated	A	39447641	2024	2	1.0		2026-10-10
NCBITaxon:40542	increases_abundance_in	MESH:D002532	curated	A	39415150	2024	1	1.0		2026-10-10
NCBITaxon:40542	increases_abundance_in	MESH:D005891	curated	A	38762482	2024	1	1.0		2026-10-10
NCBITaxon:40542	increases_abundance_in	MESH:D006973	curated	A	41923033	2026	1	1.0		2026-10-10
NCBITaxon:40542	increases_abundance_in	MESH:D010518	curated	A	41923033	2026	2	1.0		2026-10-10
NCBITaxon:40542	increases_abundance_in	MESH:D011565	curated	A	39117753	2024	1	1.0		2026-10-10
NCBITaxon:40544	decreases_abundance_in	MESH:D003248	curated	A	30669509	2019	1	1.0		2026-10-10
NCBITaxon:40544	decreases_abundance_in	MESH:D003550	curated	A	31992345	2020	1	1.0		2026-10-10
NCBITaxon:40544	decreases_abundance_in	MESH:D003924	curated	A	37025407	2023	1	1.0		2026-10-10
NCBITaxon:40544	decreases_abundance_in	MESH:D004485	curated	A	27812181	2018	1	1.0		2026-10-10
NCBITaxon:40544	decreases_abundance_in	MESH:D008795	curated	A	35311555	2022	1	1.0		2026-10-10
NCBITaxon:40544	decreases_abundance_in	MESH:D015658	curated	A	27048741	2018	1	1.0		2026-10-10
NCBITaxon:40544	decreases_abundance_in	MESH:D017963	curated	A	28402408	2017	1	1.0		2026-10-10
NCBITaxon:40544	increases_abundance_in	MESH:D000069983	curated	A	27973989	2017	1	1.0		2026-10-10
NCBITaxon:40544	increases_abundance_in	MESH:D000544	curated	A	29575030|38535538	2018|2024	2	1.0		2026-10-10
NCBITaxon:40544	increases_abundance_in	MESH:D000667	curated	A	35311555	2022	1	1.0		2026-10-10
NCBITaxon:40544	increases_abundance_in	MESH:D003424	curated	A	29194468	2017	1	1.0		2026-10-10
NCBITaxon:40544	increases_abundance_in	MESH:D004403	curated	A	28767339	2018	1	1.0		2026-10-10
NCBITaxon:40544	increases_abundance_in	MESH:D007669	curated	A	29353409	2018	1	1.0		2026-10-10
NCBITaxon:40544	increases_abundance_in	MESH:D008103	curated	A	37483387	2023	1	1.0		2026-10-10
NCBITaxon:40544	increases_abundance_in	MESH:D009765	curated	A	29214176	2017	1	1.0		2026-10-10
NCBITaxon:40544	increases_abundance_in	MESH:D018256	curated	A	36703031	2023	1	1.0		2026-10-10
NCBITaxon:40544	increases_abundance_in	MESH:D018792	curated	A	35157224	2022	1	1.0		2026-10-10
NCBITaxon:407	decreases_abundance_in	MESH:D009062	curated	A	35433507	2022	1	1.0		2026-10-10
NCBITaxon:407	increases_abundance_in	MESH:D000544	curated	A	38535538	2024	1	1.0		2026-10-10
NCBITaxon:408	decreases_abundance_in	MESH:D012859	curated	A	35603219	2022	1	1.0		2026-10-10
NCBITaxon:410072	decreases_abundance_in	MESH:D043183	curated	A	39243395	2024	1	1.0		2026-10-10
NCBITaxon:411465	increases_abundance_in	MESH:C563365	curated	A	28341746	2018	1	1.0		2026-10-10
NCBITaxon:411483	decreases_abundance_in	MESH:D003876	curated	A	26431583	2016	1	1.0		2026-10-10
NCBITaxon:411483	decreases_abundance_in	MESH:D050500	curated	A	39456772	2024	1	1.0		2026-10-10
NCBITaxon:411483	increases_abundance_in	MESH:D015179	curated	A	26296733	2015	1	1.0		2026-10-10
NCBITaxon:411483	increases_abundance_in	MESH:D043183	curated	A	26296733	2015	1	1.0		2026-10-10
NCBITaxon:411485	increases_abundance_in	MESH:D003876	curated	A	26431583	2016	1	1.0		2026-10-10
NCBITaxon:41200	decreases_abundance_in	MESH:D004485	curated	A	16601353	2006	1	1.0		2026-10-10
NCBITaxon:41200	decreases_abundance_in	MESH:D007444	curated	A	26098097	2015	1	1.0		2026-10-10
NCBITaxon:41200	decreases_abundance_in	MESH:D007938	curated	A	26098097	2015	2	1.0		2026-10-10
NCBITaxon:41275	decreases_abundance_in	MESH:D019936	curated	A	26238090	2015	1	1.0		2026-10-10
NCBITaxon:41275	increases_abundance_in	MESH:D010518	curated	A	35732628	2022	1	1.0		2026-10-10
NCBITaxon:41294	decreases_abundance_in	MESH:D008103	curated	A	37483387	2023	1	1.0		2026-10-10
NCBITaxon:41294	decreases_abundance_in	MESH:D015179	curated	A	29687353	2018	1	1.0		2026-10-10
NCBITaxon:413496	increases_abundance_in	MESH:D000069279	curated	A	28970732	2017	1	1.0		2026-10-10
NCBITaxon:413496	increases_abundance_in	MESH:D004485	curated	A	27812181	2018	1	1.0		2026-10-10
NCBITaxon:416916	decreases_abundance_in	MESH:D000077277	curated	A	36222897	2022	1	1.0		2026-10-10
NCBITaxon:416916	decreases_abundance_in	MESH:D003731	curated	A	35686590	2022	1	1.0		2026-10-10
NCBITaxon:416916	decreases_abundance_in	MESH:D003876	curated	A	39523189	2024	1	1.0		2026-10-10
NCBITaxon:416916	decreases_abundance_in	MESH:D008694	curated	A	38112416	2023	1	1.0		2026-10-10
NCBITaxon:416916	decreases_abundance_in	MESH:D009103	curated	A	38565581	2024	1	1.0		2026-10-10
NCBITaxon:416916	decreases_abundance_in	MESH:D016606	curated	A	36034695	2022	1	1.0		2026-10-10
NCBITaxon:416916	increases_abundance_in	MESH:D000077195	curated	A	36445134	2022	1	1.0		2026-10-10
NCBITaxon:416916	increases_abundance_in	MESH:D001172	curated	A	34721377	2021	1	1.0		2026-10-10
NCBITaxon:416916	increases_abundance_in	MESH:D003731	curated	A	39661115	2024	1	1.0		2026-10-10
NCBITaxon:416916	increases_abundance_in	MESH:D008180	curated	A	36755319	2023	1	1.0		2026-10-10
NCBITaxon:416916	increases_abundance_in	MESH:D009062	curated	A	37542310	2023	1	1.0		2026-10-10
NCBITaxon:416916	increases_abundance_in	MESH:D009625	curated	A	41860897	2026	1	1.0		2026-10-10
NCBITaxon:416916	increases_abundance_in	MESH:D011565	curated	A	39117753	2024	1	1.0		2026-10-10
NCBITaxon:418240	decreases_abundance_in	MESH:D000073932	curated	A	38926079	2024	1	1.0		2026-10-10
NCBITaxon:418240	increases_abundance_in	MESH:D043183	curated	A	39243395	2024	1	1.0		2026-10-10
NCBITaxon:41978	decreases_abundance_in	MESH:D001007	curated	A	30824791	2019	1	1.0		2026-10-10
NCBITaxon:41978	decreases_abundance_in	MESH:D015673	curated	A	27338587	2018	1	1.0		2026-10-10
NCBITaxon:42322	decreases_abundance_in	MESH:D003248	curated	A	29340896	2018	1	1.0		2026-10-10
NCBITaxon:42322	decreases_abundance_in	MESH:D007669	curated	A	29353409	2018	1	1.0		2026-10-10
NCBITaxon:42322	increases_abundance_in	MESH:D009203	curated	A	40253360	2025	1	1.0		2026-10-10
NCBITaxon:423477	decreases_abundance_in	MESH:D006973	curated	A	41923033	2026	1	1.0		2026-10-10
NCBITaxon:423477	decreases_abundance_in	MESH:D010300	curated	A	35057536	2022	1	1.0		2026-10-10
NCBITaxon:423477	decreases_abundance_in	MESH:D010518	curated	A	41923033	2026	2	1.0		2026-10-10
NCBITaxon:423477	decreases_abundance_in	MESH:D013274	curated	A	37980457	2023	1	1.0		2026-10-10
NCBITaxon:423477	increases_abundance_in	MESH:D054328	curated	A	38050061	2024	1	1.0		2026-10-10
NCBITaxon:423606	decreases_abundance_in	MESH:D017963	curated	A	28402408	2017	1	1.0		2026-10-10
NCBITaxon:42447	decreases_abundance_in	MESH:D017963	curated	A	28402408	2017	1	1.0		2026-10-10
NCBITaxon:425941	decreases_abundance_in	MESH:D010300	curated	A	35057536	2022	1	1.0		2026-10-10
NCBITaxon:425941	decreases_abundance_in	MESH:D010661	curated	A	39599702	2024	1	1.0		2026-10-10
NCBITaxon:42818	increases_abundance_in	MESH:D003929	curated	A	30358922	2018	1	1.0		2026-10-10
NCBITaxon:42858	increases_abundance_in	MESH:D059305	curated	A	40866466	2025	1	1.0		2026-10-10
NCBITaxon:433	increases_abundance_in	MESH:D011565	curated	A	39117753	2024	1	1.0		2026-10-10
NCBITaxon:433334	decreases_abundance_in	MESH:D004485	curated	A	27812181	2018	1	1.0		2026-10-10
NCBITaxon:433334	increases_abundance_in	MESH:D002318	curated	A	29998997	2018	1	1.0		2026-10-10
NCBITaxon:433337	decreases_abundance_in	MESH:D005690	curated	A	38825119	2024	1	1.0		2026-10-10
NCBITaxon:433337	decreases_abundance_in	MESH:D050197	curated	A	26973703	2016	1	1.0		2026-10-10
NCBITaxon:434	increases_abundance_in	MESH:D009967	curated	A	39709380	2024	1	1.0		2026-10-10
NCBITaxon:434	increases_abundance_in	MESH:D011565	curated	A	39117753	2024	1	1.0		2026-10-10
NCBITaxon:43668	decreases_abundance_in	MESH:D004485	curated	A	27812181	2018	1	1.0		2026-10-10
NCBITaxon:43675	decreases_abundance_in	MESH:D013274	curated	A	37980457	2023	1	1.0		2026-10-10
NCBITaxon:43675	increases_abundance_in	MESH:D003876	curated	A	39523189	2024	1	1.0		2026-10-10
NCBITaxon:43675	increases_abundance_in	MESH:D009203	curated	A	39447641	2024	1	1.0		2026-10-10
NCBITaxon:43675	increases_abundance_in	MESH:D054328	curated	A	38050061	2024	1	1.0		2026-10-10
NCBITaxon:43768	increases_abundance_in	MESH:D011565	curated	A	39117753	2024	1	1.0		2026-10-10
NCBITaxon:437755	decreases_abundance_in	MESH:D017963	curated	A	28402408	2017	1	1.0		2026-10-10
NCBITaxon:439703	increases_abundance_in	MESH:D005891	curated	A	38762482	2024	1	1.0		2026-10-10
NCBITaxon:43994	decreases_abundance_in	MESH:D003731	curated	A	39661115	2024	1	1.0		2026-10-10
NCBITaxon:43994	increases_abundance_in	MESH:D001172	curated	A	34721377	2021	1	1.0		2026-10-10
NCBITaxon:43994	increases_abundance_in	MESH:D051436	curated	A	35348181	2022	1	1.0		2026-10-10
NCBITaxon:43996	decreases_abundance_in	MESH:D015658	curated	A	39090139	2024	1	1.0		2026-10-10
NCBITaxon:43996	increases_abundance_in	MESH:D000077195	curated	A	38589501	2024	1	1.0		2026-10-10
NCBITaxon:43996	increases_abundance_in	MESH:D051436	curated	A	35348181	2022	1	1.0		2026-10-10
NCBITaxon:43997	increases_abundance_in	MESH:D000077195	curated	A	38589501	2024	1	1.0		2026-10-10
NCBITaxon:44249	decreases_abundance_in	MESH:D000152	curated	A	29756631	2018	1	1.0		2026-10-10
NCBITaxon:44249	decreases_abundance_in	MESH:D006973	curated	A	41923033	2026	1	1.0		2026-10-10
NCBITaxon:44249	decreases_abundance_in	MESH:D010518	curated	A	41923033	2026	1	1.0		2026-10-10
NCBITaxon:44249	decreases_abundance_in	MESH:D017963	curated	A	28402408	2017	1	1.0		2026-10-10
NCBITaxon:44249	increases_abundance_in	MESH:D003248	curated	A	29340896	2018	1	1.0		2026-10-10
NCBITaxon:44249	increases_abundance_in	MESH:D004485	curated	A	27812181	2018	1	1.0		2026-10-10
NCBITaxon:44258	decreases_abundance_in	MESH:D017963	curated	A	28402408	2017	1	1.0		2026-10-10
NCBITaxon:44259	decreases_abundance_in	MESH:D008694	curated	A	38112416	2023	1	1.0		2026-10-10
NCBITaxon:44259	increases_abundance_in	MESH:D003731	curated	A	41534871	2026	1	1.0		2026-10-10
NCBITaxon:44259	increases_abundance_in	MESH:D009625	curated	A	41860897	2026	1	1.0		2026-10-10
NCBITaxon:44259	increases_abundance_in	MESH:D010518	curated	A	35732628|37899378|39581260|41534871|41923033	2022|2023|2024|2026	6	1.0		2026-10-10
NCBITaxon:44259	increases_abundance_in	MESH:D017963	curated	A	28402408	2017	1	1.0		2026-10-10
NCBITaxon:44259	increases_abundance_in	MESH:D051436	curated	A	35348181	2022	1	1.0		2026-10-10
NCBITaxon:446660	decreases_abundance_in	MESH:D000690	curated	A	33135936	2021	1	1.0		2026-10-10
NCBITaxon:447020	decreases_abundance_in	MESH:D015658	curated	A	39090139	2024	1	1.0		2026-10-10
NCBITaxon:447020	increases_abundance_in	MESH:D003248	curated	A	30669509	2019	1	1.0		2026-10-10
NCBITaxon:447020	increases_abundance_in	MESH:D009369	curated	A	27384052	2016	1	1.0		2026-10-10
NCBITaxon:447454	increases_abundance_in	MESH:D005891	curated	A	38762482	2024	1	1.0		2026-10-10
NCBITaxon:447455	increases_abundance_in	MESH:D005891	curated	A	38762482	2024	1	1.0		2026-10-10
NCBITaxon:447456	increases_abundance_in	MESH:D005891	curated	A	38762482	2024	1	1.0		2026-10-10
NCBITaxon:44748	increases_abundance_in	MESH:D016776	curated	A	27147260	2016	1	1.0		2026-10-10
NCBITaxon:44749	decreases_abundance_in	MESH:D043183	curated	A	39243395	2024	1	1.0		2026-10-10
NCBITaxon:451459	increases_abundance_in	MESH:D015671	curated	A	30284469	2018	1	1.0		2026-10-10
NCBITaxon:45242	decreases_abundance_in	MESH:D009203	curated	A	39447641	2024	1	1.0		2026-10-10
NCBITaxon:45242	increases_abundance_in	MESH:D010842	curated	A	42102024	2026	1	1.0		2026-10-10
NCBITaxon:45242	increases_abundance_in	MESH:D011565	curated	A	39117753	2024	1	1.0		2026-10-10
NCBITaxon:45243	increases_abundance_in	MESH:D003731	curated	A	35686590	2022	1	1.0		2026-10-10
NCBITaxon:454155	decreases_abundance_in	MESH:D043183	curated	A	39243395	2024	1	1.0		2026-10-10
NCBITaxon:45634	increases_abundance_in	MESH:D003731	curated	A	35686590|37698410	2022|2023	2	1.0		2026-10-10
NCBITaxon:45634	increases_abundance_in	MESH:D006635	curated	A	38050061	2024	1	1.0		2026-10-10
NCBITaxon:45669	increases_abundance_in	MESH:D000067877	curated	A	31026579	2019	1	1.0		2026-10-10
NCBITaxon:457412	decreases_abundance_in	MESH:D000690	curated	A	33135936	2021	1	1.0		2026-10-10
NCBITaxon:459288	decreases_abundance_in	MESH:D001943	curated	A	36600299	2023	1	1.0		2026-10-10
NCBITaxon:459786	decreases_abundance_in	MESH:D003876	curated	A	42036885	2026	1	1.0		2026-10-10
NCBITaxon:459786	decreases_abundance_in	MESH:D004485	curated	A	27812181	2018	1	1.0		2026-10-10
NCBITaxon:459786	decreases_abundance_in	MESH:D009765	curated	A	26230509	2015	1	1.0		2026-10-10
NCBITaxon:459786	increases_abundance_in	MESH:D003424	curated	A	29335008	2018	1	1.0		2026-10-10
NCBITaxon:459786	increases_abundance_in	MESH:D015179	curated	A	26992426	2017	1	1.0		2026-10-10
NCBITaxon:459786	increases_abundance_in	MESH:D016776	curated	A	27147260	2016	1	1.0		2026-10-10
NCBITaxon:460384	decreases_abundance_in	MESH:D003424	curated	A	26789999	2016	1	1.0		2026-10-10
NCBITaxon:460384	increases_abundance_in	MESH:D043183	curated	A	39243395	2024	1	1.0		2026-10-10
NCBITaxon:46123	decreases_abundance_in	MESH:D000067877	curated	A	31026579	2019	1	1.0		2026-10-10
NCBITaxon:46123	increases_abundance_in	MESH:D002532	curated	A	39415150	2024	1	1.0		2026-10-10
NCBITaxon:46123	increases_abundance_in	MESH:D002583	curated	A	39289617	2024	1	1.0		2026-10-10
NCBITaxon:46123	increases_abundance_in	MESH:D003424	curated	A	29632427	2018	1	1.0		2026-10-10
NCBITaxon:46123	increases_abundance_in	MESH:D003731	curated	A	41654739	2026	1	1.0		2026-10-10
NCBITaxon:46123	increases_abundance_in	MESH:D006973	curated	A	41923033	2026	1	1.0		2026-10-10
NCBITaxon:46123	increases_abundance_in	MESH:D008694	curated	A	38112416	2023	1	1.0		2026-10-10
NCBITaxon:46123	increases_abundance_in	MESH:D010518	curated	A	41923033	2026	1	1.0		2026-10-10
NCBITaxon:46123	increases_abundance_in	MESH:D051436	curated	A	35348181	2022	1	1.0		2026-10-10
NCBITaxon:46124	increases_abundance_in	MESH:D003731	curated	A	37698410	2023	1	1.0		2026-10-10
NCBITaxon:46124	increases_abundance_in	MESH:D009203	curated	A	39447641	2024	2	1.0		2026-10-10
NCBITaxon:46124	increases_abundance_in	MESH:D010510	curated	A	37698410	2023	2	1.0		2026-10-10
NCBITaxon:46124	increases_abundance_in	MESH:D043183	curated	A	39243395	2024	1	1.0		2026-10-10
NCBITaxon:46125	decreases_abundance_in	MESH:D010300	curated	A	35057536	2022	1	1.0		2026-10-10
NCBITaxon:46125	increases_abundance_in	MESH:D005891	curated	A	38762482	2024	1	1.0		2026-10-10
NCBITaxon:46125	increases_abundance_in	MESH:D009062	curated	A	37542310	2023	1	1.0		2026-10-10
NCBITaxon:46125	increases_abundance_in	MESH:D009203	curated	A	39447641	2024	1	1.0		2026-10-10
NCBITaxon:461393	decreases_abundance_in	MESH:D009765	curated	A	41305578	2025	2	1.0		2026-10-10
NCBITaxon:461393	decreases_abundance_in	MESH:D010300	curated	A	35057536	2022	1	1.0		2026-10-10
NCBITaxon:461393	decreases_abundance_in	MESH:D010510	curated	A	37698410	2023	1	1.0		2026-10-10
NCBITaxon:46205	decreases_abundance_in	MESH:D013119	curated	A	26752409	2016	3	1.0		2026-10-10
NCBITaxon:46205	decreases_abundance_in	MESH:D016638	curated	A	27837233	2018	1	1.0		2026-10-10
NCBITaxon:46205	decreases_abundance_in	MESH:D063766	curated	A	27450202	2018	1	1.0		2026-10-10
NCBITaxon:46228	decreases_abundance_in	MESH:D000690	curated	A	33135936	2021	1	1.0		2026-10-10
NCBITaxon:46228	decreases_abundance_in	MESH:D043183	curated	A	39243395	2024	1	1.0		2026-10-10
NCBITaxon:46255	decreases_abundance_in	MESH:D003248	curated	A	29340896	2018	1	1.0		2026-10-10
NCBITaxon:46255	increases_abundance_in	MESH:D015179	curated	A	22622349	2012	1	1.0		2026-10-10
NCBITaxon:46352	decreases_abundance_in	MESH:D009062	curated	A	35433507	2022	1	1.0		2026-10-10
NCBITaxon:46503	increases_abundance_in	MESH:D004485	curated	A	27812181	2018	1	1.0		2026-10-10
NCBITaxon:46503	increases_abundance_in	MESH:D015658	curated	A	28362071	2017	1	1.0		2026-10-10
NCBITaxon:468	increases_abundance_in	MESH:D003967	curated	A	31959047	2020	1	1.0		2026-10-10
NCBITaxon:469	decreases_abundance_in	MESH:D009062	curated	A	35433507	2022	1	1.0		2026-10-10
NCBITaxon:469	decreases_abundance_in	MESH:D015179	curated	A	28600626	2017	1	1.0		2026-10-10
NCBITaxon:469	decreases_abundance_in	MESH:D018792	curated	A	35157224	2022	1	1.0		2026-10-10
NCBITaxon:469	decreases_abundance_in	MESH:D019936	curated	A	26238090	2015	1	1.0		2026-10-10
NCBITaxon:469	increases_abundance_in	MESH:D001120	curated	A	35579969	2022	1	1.0		2026-10-10
NCBITaxon:469	increases_abundance_in	MESH:D003093	curated	A	27604252	2018	1	1.0		2026-10-10
NCBITaxon:469	increases_abundance_in	MESH:D003731	curated	A	39661115	2024	1	1.0		2026-10-10
NCBITaxon:469	increases_abundance_in	MESH:D007669	curated	A	29353409	2018	1	1.0		2026-10-10
NCBITaxon:469	increases_abundance_in	MESH:D009967	curated	A	39709380	2024	1	1.0		2026-10-10
NCBITaxon:469	increases_abundance_in	MESH:D013964	curated	A	36034695	2022	1	1.0		2026-10-10
NCBITaxon:469	increases_abundance_in	MESH:D015179	curated	A	22622349	2012	1	1.0		2026-10-10
NCBITaxon:470	decreases_abundance_in	MESH:D006973	curated	A	41923033	2026	1	1.0		2026-10-10
NCBITaxon:470	decreases_abundance_in	MESH:D010518	curated	A	41923033	2026	2	1.0		2026-10-10
NCBITaxon:470565	decreases_abundance_in	MESH:D002532	curated	A	39415150	2024	1	1.0		2026-10-10
NCBITaxon:470565	decreases_abundance_in	MESH:D009062	curated	A	37542310	2023	1	1.0		2026-10-10
NCBITaxon:470565	increases_abundance_in	MESH:D003731	curated	A	37698410	2023	2	1.0		2026-10-10
NCBITaxon:470565	increases_abundance_in	MESH:D009203	curated	A	39447641	2024	2	1.0		2026-10-10
NCBITaxon:470565	increases_abundance_in	MESH:D010300	curated	A	35057536	2022	1	1.0		2026-10-10
NCBITaxon:470565	increases_abundance_in	MESH:D010510	curated	A	37698410	2023	6	1.0		2026-10-10
NCBITaxon:473772	increases_abundance_in	MESH:D003929	curated	A	30358922	2018	1	1.0		2026-10-10
NCBITaxon:475	decreases_abundance_in	MESH:D000077277	curated	A	41081109	2025	1	1.0		2026-10-10
NCBITaxon:475	increases_abundance_in	MESH:D023921	curated	A	38111089	2024	1	1.0		2026-10-10
NCBITaxon:47670	decreases_abundance_in	MESH:D000077195	curated	A	38589501	2024	1	1.0		2026-10-10
NCBITaxon:47670	decreases_abundance_in	MESH:D006232	curated	A	39574007	2024	1	1.0		2026-10-10
NCBITaxon:47670	decreases_abundance_in	MESH:D008694	curated	A	38112416	2023	1	1.0		2026-10-10
NCBITaxon:47670	decreases_abundance_in	MESH:D009062	curated	A	35433507	2022	1	1.0		2026-10-10
NCBITaxon:47670	decreases_abundance_in	MESH:D011565	curated	A	39117753	2024	1	1.0		2026-10-10
NCBITaxon:47670	decreases_abundance_in	MESH:D013964	curated	A	36034695	2022	1	1.0		2026-10-10
NCBITaxon:47670	decreases_abundance_in	MESH:D015658	curated	A	39090139	2024	1	1.0		2026-10-10
NCBITaxon:47670	decreases_abundance_in	MESH:D023921	curated	A	38111089	2024	1	1.0		2026-10-10
NCBITaxon:47670	increases_abundance_in	MESH:D001172	curated	A	34721377	2021	1	1.0		2026-10-10
NCBITaxon:47670	increases_abundance_in	MESH:D002583	curated	A	39289617	2024	1	1.0		2026-10-10
NCBITaxon:47670	increases_abundance_in	MESH:D008010	curated	A	41419527	2025	1	1.0		2026-10-10
NCBITaxon:47670	increases_abundance_in	MESH:D051436	curated	A	35348181	2022	1	1.0		2026-10-10
NCBITaxon:47671	decreases_abundance_in	MESH:D000077195	curated	A	38589501	2024	1	1.0		2026-10-10
NCBITaxon:47671	decreases_abundance_in	MESH:D003731	curated	A	37698410	2023	2	1.0		2026-10-10
NCBITaxon:47671	decreases_abundance_in	MESH:D010300	curated	A	35057536	2022	1	1.0		2026-10-10
NCBITaxon:47671	decreases_abundance_in	MESH:D010510	curated	A	37698410	2023	3	1.0		2026-10-10
NCBITaxon:47678	decreases_abundance_in	MESH:D000079424	curated	A	31326413	2019	1	1.0		2026-10-10
NCBITaxon:480	decreases_abundance_in	MESH:D065631	curated	A	39614169	2024	1	1.0		2026-10-10
NCBITaxon:481	decreases_abundance_in	MESH:D000077277	curated	A	36222897	2022	1	1.0		2026-10-10
NCBITaxon:481	decreases_abundance_in	MESH:D002583	curated	A	39289617	2024	1	1.0		2026-10-10
NCBITaxon:481	decreases_abundance_in	MESH:D010518	curated	A	35732628	2022	1	1.0		2026-10-10
NCBITaxon:481	increases_abundance_in	MESH:D003731	curated	A	39661115	2024	1	1.0		2026-10-10
NCBITaxon:481	increases_abundance_in	MESH:D010661	curated	A	39599702	2024	1	1.0		2026-10-10
NCBITaxon:482	decreases_abundance_in	MESH:D000077277	curated	A	36222897	2022	1	1.0		2026-10-10
NCBITaxon:482	decreases_abundance_in	MESH:D001172	curated	A	34721377	2021	1	1.0		2026-10-10
NCBITaxon:482	decreases_abundance_in	MESH:D002583	curated	A	39289617	2024	1	1.0		2026-10-10
NCBITaxon:482	decreases_abundance_in	MESH:D003424	curated	A	35493739	2022	2	1.0		2026-10-10
NCBITaxon:482	decreases_abundance_in	MESH:D003731	curated	A	41534871	2026	2	1.0		2026-10-10
NCBITaxon:482	decreases_abundance_in	MESH:D009203	curated	A	39447641	2024	2	1.0		2026-10-10
NCBITaxon:482	decreases_abundance_in	MESH:D010190	curated	A	39256134	2024	1	1.0		2026-10-10
NCBITaxon:482	decreases_abundance_in	MESH:D010518	curated	A	37899378|41534871	2023|2026	2	1.0		2026-10-10
NCBITaxon:482	increases_abundance_in	MESH:D001289	curated	A	30001426	2018	1	1.0		2026-10-10
NCBITaxon:482	increases_abundance_in	MESH:D002971	curated	A	38807164	2024	1	1.0		2026-10-10
NCBITaxon:482	increases_abundance_in	MESH:D003731	curated	A	39661115|41654739	2024|2026	3	1.0		2026-10-10
NCBITaxon:482	increases_abundance_in	MESH:D004415	curated	A	38031491	2024	1	1.0		2026-10-10
NCBITaxon:482	increases_abundance_in	MESH:D009062	curated	A	37542310	2023	1	1.0		2026-10-10
NCBITaxon:482	increases_abundance_in	MESH:D009625	curated	A	41860897	2026	1	1.0		2026-10-10
NCBITaxon:482	increases_abundance_in	MESH:D010661	curated	A	39599702	2024	1	1.0		2026-10-10
NCBITaxon:482	increases_abundance_in	MESH:D012859	curated	A	38079342	2023	1	1.0		2026-10-10
NCBITaxon:48296	increases_abundance_in	MESH:D065631	curated	A	39614169	2024	1	1.0		2026-10-10
NCBITaxon:483	increases_abundance_in	MESH:D005891	curated	A	38762482	2024	1	1.0		2026-10-10
NCBITaxon:484	decreases_abundance_in	MESH:D003731	curated	A	37698410	2023	3	1.0		2026-10-10
NCBITaxon:484	decreases_abundance_in	MESH:D009765	curated	A	41305578	2025	1	1.0		2026-10-10
NCBITaxon:484	decreases_abundance_in	MESH:D010510	curated	A	37698410	2023	4	1.0		2026-10-10
NCBITaxon:484	increases_abundance_in	MESH:D005891	curated	A	38762482	2024	1	1.0		2026-10-10
NCBITaxon:48461	decreases_abundance_in	MESH:D002583	curated	A	39289617	2024	1	1.0		2026-10-10
NCBITaxon:486	increases_abundance_in	MESH:D005891	curated	A	38762482	2024	1	1.0		2026-10-10
NCBITaxon:487	decreases_abundance_in	MESH:D010510	curated	A	37698410	2023	3	1.0		2026-10-10
NCBITaxon:487	increases_abundance_in	MESH:D005891	curated	A	38762482	2024	1	1.0		2026-10-10
NCBITaxon:487174	decreases_abundance_in	MESH:D010661	curated	A	39599702	2024	1	1.0		2026-10-10
NCBITaxon:48736	decreases_abundance_in	MESH:D018792	curated	A	35157224	2022	1	1.0		2026-10-10
NCBITaxon:488	increases_abundance_in	MESH:D005891	curated	A	38762482	2024	1	1.0		2026-10-10
NCBITaxon:489	increases_abundance_in	MESH:D005891	curated	A	38762482	2024	1	1.0		2026-10-10
NCBITaxon:490	increases_abundance_in	MESH:D005891	curated	A	38762482	2024	1	1.0		2026-10-10
NCBITaxon:4935	decreases_abundance_in	MESH:D009765	curated	A	27007700	2017	1	1.0		2026-10-10
NCBITaxon:495	decreases_abundance_in	MESH:D009203	curated	A	39447641	2024	2	1.0		2026-10-10
NCBITaxon:495	increases_abundance_in	MESH:D003731	curated	A	39661115	2024	1	1.0		2026-10-10
NCBITaxon:49546	decreases_abundance_in	MESH:D000081029	curated	A	29946072	2018	1	1.0		2026-10-10
NCBITaxon:49546	decreases_abundance_in	MESH:D003731	curated	A	35686590	2022	1	1.0		2026-10-10
NCBITaxon:49546	decreases_abundance_in	MESH:D003863	curated	A	36946910	2023	1	1.0		2026-10-10
NCBITaxon:49546	decreases_abundance_in	MESH:D010518	curated	A	35732628	2022	1	1.0		2026-10-10
NCBITaxon:49546	increases_abundance_in	MESH:D000077277	curated	A	36222897	2022	1	1.0		2026-10-10
NCBITaxon:49546	increases_abundance_in	MESH:D009369	curated	A	27384052	2016	1	1.0		2026-10-10
NCBITaxon:49546	increases_abundance_in	MESH:D011565	curated	A	39117753	2024	1	1.0		2026-10-10
NCBITaxon:496	increases_abundance_in	MESH:D005891	curated	A	38762482	2024	1	1.0		2026-10-10
NCBITaxon:497	decreases_abundance_in	MESH:D019936	curated	A	26238090	2015	1	1.0		2026-10-10
NCBITaxon:497	increases_abundance_in	MESH:D018792	curated	A	35157224	2022	1	1.0		2026-10-10
NCBITaxon:501783	increases_abundance_in	MESH:D015179	curated	A	22622349	2012	1	1.0		2026-10-10
NCBITaxon:502	decreases_abundance_in	MESH:D010510	curated	A	37698410	2023	1	1.0		2026-10-10
NCBITaxon:502	increases_abundance_in	MESH:D005891	curated	A	38762482	2024	1	1.0		2026-10-10
NCBITaxon:505	decreases_abundance_in	MESH:D010300	curated	A	35057536	2022	1	1.0		2026-10-10
NCBITaxon:505	increases_abundance_in	MESH:D010510	curated	A	37698410	2023	1	1.0		2026-10-10
NCBITaxon:506	decreases_abundance_in	MESH:D000900	curated	A	33157256	2021	1	1.0		2026-10-10
NCBITaxon:506	decreases_abundance_in	MESH:D003924	curated	A	37025407	2023	1	1.0		2026-10-10
NCBITaxon:507	decreases_abundance_in	MESH:D003731	curated	A	37698410	2023	2	1.0		2026-10-10
NCBITaxon:508215	increases_abundance_in	MESH:D012859	curated	A	38079342	2023	1	1.0		2026-10-10
NCBITaxon:508458	decreases_abundance_in	MESH:D003424	curated	A	35493739	2022	1	1.0		2026-10-10
NCBITaxon:508458	increases_abundance_in	MESH:D003424	curated	A	35493739	2022	1	1.0		2026-10-10
NCBITaxon:508458	increases_abundance_in	MESH:D009203	curated	A	40253360	2025	1	1.0		2026-10-10
NCBITaxon:508458	increases_abundance_in	MESH:D010518	curated	A	39581260	2024	1	1.0		2026-10-10
NCBITaxon:508458	increases_abundance_in	MESH:D018281	curated	A	36345047	2022	1	1.0		2026-10-10
NCBITaxon:508459	increases_abundance_in	MESH:D003248	curated	A	29340896	2018	1	1.0		2026-10-10
NCBITaxon:508459	increases_abundance_in	MESH:D015658	curated	A	39090139	2024	1	1.0		2026-10-10
NCBITaxon:51123	decreases_abundance_in	MESH:D002532	curated	A	39415150	2024	1	1.0		2026-10-10
NCBITaxon:51123	increases_abundance_in	MESH:D010510	curated	A	37698410	2023	2	1.0		2026-10-10
NCBITaxon:51514	increases_abundance_in	MESH:D015179	curated	A	29687353	2018	1	1.0		2026-10-10
NCBITaxon:51515	decreases_abundance_in	MESH:D043183	curated	A	39243395	2024	1	1.0		2026-10-10
NCBITaxon:52002	decreases_abundance_in	MESH:D000544	curated	A	38535538	2024	1	1.0		2026-10-10
NCBITaxon:52002	decreases_abundance_in	MESH:D006232	curated	A	39574007	2024	1	1.0		2026-10-10
NCBITaxon:52002	decreases_abundance_in	MESH:D011565	curated	A	39117753	2024	1	1.0		2026-10-10
NCBITaxon:52002	increases_abundance_in	MESH:D012893	curated	A	36946910	2023	1	1.0		2026-10-10
NCBITaxon:5204	increases_abundance_in	MESH:D015671	curated	A	30284469	2018	1	1.0		2026-10-10
NCBITaxon:52225	decreases_abundance_in	MESH:D003093	curated	A	29632427	2018	1	1.0		2026-10-10
NCBITaxon:52225	decreases_abundance_in	MESH:D003424	curated	A	29632427	2018	1	1.0		2026-10-10
NCBITaxon:52225	decreases_abundance_in	MESH:D009062	curated	A	35433507	2022	1	1.0		2026-10-10
NCBITaxon:52225	decreases_abundance_in	MESH:D010518	curated	A	35732628	2022	1	1.0		2026-10-10
NCBITaxon:52225	decreases_abundance_in	MESH:D015179	curated	A	29687353	2018	1	1.0		2026-10-10
NCBITaxon:52225	decreases_abundance_in	MESH:D017963	curated	A	28402408	2017	1	1.0		2026-10-10
NCBITaxon:52225	increases_abundance_in	MESH:D000067877	curated	A	29564487	2018	1	1.0		2026-10-10
NCBITaxon:52225	increases_abundance_in	MESH:D001007	curated	A	36946910	2023	1	1.0		2026-10-10
NCBITaxon:52225	increases_abundance_in	MESH:D003731	curated	A	37698410	2023	1	1.0		2026-10-10
NCBITaxon:52225	increases_abundance_in	MESH:D003863	curated	A	36946910	2023	1	1.0		2026-10-10
NCBITaxon:52225	increases_abundance_in	MESH:D009967	curated	A	39709380	2024	1	1.0		2026-10-10
NCBITaxon:52225	increases_abundance_in	MESH:D010510	curated	A	37698410	2023	1	1.0		2026-10-10
NCBITaxon:52225	increases_abundance_in	MESH:D015658	curated	A	39090139	2024	1	1.0		2026-10-10
NCBITaxon:52225	increases_abundance_in	MESH:D065626	curated	A	29948900	2018	1	1.0		2026-10-10
NCBITaxon:526524	increases_abundance_in	MESH:D003093	curated	A	22170749	2011	1	1.0		2026-10-10
NCBITaxon:526524	increases_abundance_in	MESH:D003924	curated	A	37025407	2023	1	1.0		2026-10-10
NCBITaxon:526524	increases_abundance_in	MESH:D010518	curated	A	35732628	2022	2	1.0		2026-10-10
NCBITaxon:526525	decreases_abundance_in	MESH:D003928	curated	A	38346799	2024	1	1.0		2026-10-10
NCBITaxon:526525	decreases_abundance_in	MESH:D025241	curated	A	37117227	2023	1	1.0		2026-10-10
NCBITaxon:526525	increases_abundance_in	MESH:D003248	curated	A	30785176	2019	1	1.0		2026-10-10
NCBITaxon:526525	increases_abundance_in	MESH:D003924	curated	A	37025407	2023	1	1.0		2026-10-10
NCBITaxon:526525	increases_abundance_in	MESH:D010518	curated	A	35732628	2022	2	1.0		2026-10-10
NCBITaxon:52767	decreases_abundance_in	MESH:D010300	curated	A	35057536	2022	1	1.0		2026-10-10
NCBITaxon:52768	increases_abundance_in	MESH:D005891	curated	A	38762482	2024	1	1.0		2026-10-10
NCBITaxon:52769	increases_abundance_in	MESH:D005891	curated	A	38762482	2024	1	1.0		2026-10-10
NCBITaxon:52773	decreases_abundance_in	MESH:D010300	curated	A	35057536	2022	1	1.0		2026-10-10
NCBITaxon:52773	increases_abundance_in	MESH:D010510	curated	A	37698410	2023	1	1.0		2026-10-10
NCBITaxon:52959	decreases_abundance_in	MESH:D017963	curated	A	28402408	2017	1	1.0		2026-10-10
NCBITaxon:53335	increases_abundance_in	MESH:D015179	curated	A	22622349	2012	1	1.0		2026-10-10
NCBITaxon:53419	increases_abundance_in	MESH:D003731	curated	A	37698410	2023	1	1.0		2026-10-10
NCBITaxon:53419	increases_abundance_in	MESH:D003876	curated	A	39523189	2024	1	1.0		2026-10-10
NCBITaxon:53419	increases_abundance_in	MESH:D005891	curated	A	38762482	2024	1	1.0		2026-10-10
NCBITaxon:53419	increases_abundance_in	MESH:D006973	curated	A	41923033	2026	1	1.0		2026-10-10
NCBITaxon:53419	increases_abundance_in	MESH:D010510	curated	A	37698410	2023	3	1.0		2026-10-10
NCBITaxon:53419	increases_abundance_in	MESH:D010518	curated	A	41303313|41923033	2025|2026	3	1.0		2026-10-10
NCBITaxon:536633	decreases_abundance_in	MESH:D000073932	curated	A	38926079	2024	1	1.0		2026-10-10
NCBITaxon:536633	decreases_abundance_in	MESH:D010300	curated	A	28429209	2017	1	1.0		2026-10-10
NCBITaxon:536633	increases_abundance_in	MESH:D043183	curated	A	39243395	2024	1	1.0		2026-10-10
NCBITaxon:53747	increases_abundance_in	MESH:D009369	curated	A	27384052	2016	1	1.0		2026-10-10
NCBITaxon:538	decreases_abundance_in	MESH:D004485	curated	A	27812181	2018	1	1.0		2026-10-10
NCBITaxon:538	decreases_abundance_in	MESH:D006232	curated	A	39574007	2024	1	1.0		2026-10-10
NCBITaxon:538	decreases_abundance_in	MESH:D015658	curated	A	39090139	2024	1	1.0		2026-10-10
NCBITaxon:538	increases_abundance_in	MESH:D001172	curated	A	34721377	2021	1	1.0		2026-10-10
NCBITaxon:538	increases_abundance_in	MESH:D003876	curated	A	39523189	2024	1	1.0		2026-10-10
NCBITaxon:538	increases_abundance_in	MESH:D009062	curated	A	35433507	2022	1	1.0		2026-10-10
NCBITaxon:539	decreases_abundance_in	MESH:D009203	curated	A	39447641	2024	1	1.0		2026-10-10
NCBITaxon:539	increases_abundance_in	MESH:D005891	curated	A	38762482	2024	1	1.0		2026-10-10
NCBITaxon:539738	decreases_abundance_in	MESH:D003876	curated	A	39523189	2024	1	1.0		2026-10-10
NCBITaxon:539738	decreases_abundance_in	MESH:D009055	curated	A	35038733	2022	1	1.0		2026-10-10
NCBITaxon:539738	increases_abundance_in	MESH:D009007	curated	A	37899472	2023	1	1.0		2026-10-10
NCBITaxon:539738	increases_abundance_in	MESH:D010661	curated	A	39599702	2024	1	1.0		2026-10-10
NCBITaxon:54005	increases_abundance_in	MESH:D009203	curated	A	39447641	2024	1	1.0		2026-10-10
NCBITaxon:541000	decreases_abundance_in	MESH:D003731	curated	A	41654739	2026	1	1.0		2026-10-10
NCBITaxon:543	decreases_abundance_in	MESH:D000900	curated	A	33157256	2021	1	1.0		2026-10-10
NCBITaxon:543	decreases_abundance_in	MESH:D002583	curated	A	39289617	2024	1	1.0		2026-10-10
NCBITaxon:543	decreases_abundance_in	MESH:D003113	curated	A	27015015	2018	1	1.0		2026-10-10
NCBITaxon:543	decreases_abundance_in	MESH:D013964	curated	A	36034695	2022	1	1.0		2026-10-10
NCBITaxon:543	decreases_abundance_in	MESH:D015390	curated	A	19164560	2009	1	1.0		2026-10-10
NCBITaxon:543	decreases_abundance_in	MESH:D016776	curated	A	27147260	2016	1	1.0		2026-10-10
NCBITaxon:543	decreases_abundance_in	MESH:D018120	curated	A	32951160	2021	1	1.0		2026-10-10
NCBITaxon:543	increases_abundance_in	MESH:C563365	curated	A	28341746	2018	1	1.0		2026-10-10
NCBITaxon:543	increases_abundance_in	MESH:D003093	curated	A	17265126|22170749	2007|2011	2	1.0		2026-10-10
NCBITaxon:543	increases_abundance_in	MESH:D003924	curated	A	27151248|37025407	2018|2023	2	1.0		2026-10-10
NCBITaxon:543	increases_abundance_in	MESH:D003928	curated	A	38346799	2024	1	1.0		2026-10-10
NCBITaxon:543	increases_abundance_in	MESH:D003967	curated	A	31959047	2020	1	1.0		2026-10-10
NCBITaxon:543	increases_abundance_in	MESH:D008103	curated	A	22484797	2012	1	1.0		2026-10-10
NCBITaxon:543	increases_abundance_in	MESH:D009007	curated	A	37899472	2023	1	1.0		2026-10-10
NCBITaxon:543	increases_abundance_in	MESH:D009369	curated	A	27384052	2016	1	1.0		2026-10-10
NCBITaxon:543	increases_abundance_in	MESH:D009765	curated	A	26230509|35664075	2015|2022	2	1.0		2026-10-10
NCBITaxon:543	increases_abundance_in	MESH:D010195	curated	A	30519748	2019	1	1.0		2026-10-10
NCBITaxon:543	increases_abundance_in	MESH:D010518	curated	A	35732628	2022	1	1.0		2026-10-10
NCBITaxon:543	increases_abundance_in	MESH:D010530	curated	A	27640125	2018	1	1.0		2026-10-10
NCBITaxon:543	increases_abundance_in	MESH:D015179	curated	A	28341746	2018	1	1.0		2026-10-10
NCBITaxon:543	increases_abundance_in	MESH:D015212	curated	A	38874761	2024	1	1.0		2026-10-10
NCBITaxon:543	increases_abundance_in	MESH:D016925	curated	A	38934644	2024	1	1.0		2026-10-10
NCBITaxon:543	increases_abundance_in	MESH:D019694	curated	A	21286703	2011	1	1.0		2026-10-10
NCBITaxon:543	increases_abundance_in	MESH:D025241	curated	A	37117227	2023	1	1.0		2026-10-10
NCBITaxon:543	increases_abundance_in	MESH:D041881	curated	A	26025761	2015	1	1.0		2026-10-10
NCBITaxon:543	increases_abundance_in	MESH:D046290	curated	A	29637226	2018	1	1.0		2026-10-10
NCBITaxon:543	increases_abundance_in	MESH:D058345	curated	A	21286703	2011	1	1.0		2026-10-10
NCBITaxon:543	increases_abundance_in	MESH:D065626	curated	A	28705785|28823367	2017	2	1.0		2026-10-10
NCBITaxon:543311	decreases_abundance_in	MESH:D001172	curated	A	34721377	2021	1	1.0		2026-10-10
NCBITaxon:543311	decreases_abundance_in	MESH:D003863	curated	A	36946910	2023	1	1.0		2026-10-10
NCBITaxon:543311	decreases_abundance_in	MESH:D006232	curated	A	39574007	2024	1	1.0		2026-10-10
NCBITaxon:543311	increases_abundance_in	MESH:C563365	curated	A	28341746	2018	1	1.0		2026-10-10
NCBITaxon:543311	increases_abundance_in	MESH:D002532	curated	A	39415150	2024	1	1.0		2026-10-10
NCBITaxon:543311	increases_abundance_in	MESH:D008694	curated	A	38112416	2023	1	1.0		2026-10-10
NCBITaxon:543311	increases_abundance_in	MESH:D010510	curated	A	37698410	2023	1	1.0		2026-10-10
NCBITaxon:543311	increases_abundance_in	MESH:D010518	curated	A	35732628|37899378	2022|2023	2	1.0		2026-10-10
NCBITaxon:543311	increases_abundance_in	MESH:D015179	curated	A	26992426|28600626	2017	2	1.0		2026-10-10
NCBITaxon:543314	increases_abundance_in	MESH:D012859	curated	A	38079342	2023	1	1.0		2026-10-10
NCBITaxon:544	increases_abundance_in	MESH:D002583	curated	A	39289617	2024	1	1.0		2026-10-10
NCBITaxon:544	increases_abundance_in	MESH:D051436	curated	A	35348181	2022	1	1.0		2026-10-10
NCBITaxon:544448	increases_abundance_in	MESH:C563924	curated	A	27194068	2016	1	1.0		2026-10-10
NCBITaxon:544448	increases_abundance_in	MESH:D001943	curated	A	39470189	2024	1	1.0		2026-10-10
NCBITaxon:544448	increases_abundance_in	MESH:D004761	curated	A	30211217	2018	1	1.0		2026-10-10
NCBITaxon:54448	decreases_abundance_in	MESH:D011085	curated	A	28045919	2017	1	1.0		2026-10-10
NCBITaxon:54448	increases_abundance_in	MESH:D000900	curated	A	33157256	2021	1	1.0		2026-10-10
NCBITaxon:544580	decreases_abundance_in	MESH:D000077195	curated	A	38589501	2024	1	1.0		2026-10-10
NCBITaxon:544580	decreases_abundance_in	MESH:D010510	curated	A	37698410	2023	1	1.0		2026-10-10
NCBITaxon:544581	increases_abundance_in	MESH:D005891	curated	A	38762482	2024	1	1.0		2026-10-10
NCBITaxon:547	increases_abundance_in	MESH:D001172	curated	A	34721377	2021	1	1.0		2026-10-10
NCBITaxon:547	increases_abundance_in	MESH:D004485	curated	A	27812181	2018	1	1.0		2026-10-10
NCBITaxon:547	increases_abundance_in	MESH:D010518	curated	A	35672331	2022	1	1.0		2026-10-10
NCBITaxon:547	increases_abundance_in	MESH:D041881	curated	A	26025761	2015	1	1.0		2026-10-10
NCBITaxon:549	increases_abundance_in	MESH:C563365	curated	A	28341746	2018	1	1.0		2026-10-10
NCBITaxon:55506	increases_abundance_in	MESH:D003093	curated	A	29632427	2018	1	1.0		2026-10-10
NCBITaxon:55506	increases_abundance_in	MESH:D003876	curated	A	39523189	2024	1	1.0		2026-10-10
NCBITaxon:55506	increases_abundance_in	MESH:D009967	curated	A	39709380	2024	1	1.0		2026-10-10
NCBITaxon:55565	increases_abundance_in	MESH:D003731	curated	A	37698410	2023	1	1.0		2026-10-10
NCBITaxon:55565	increases_abundance_in	MESH:D010510	curated	A	37698410	2023	3	1.0		2026-10-10
NCBITaxon:556	decreases_abundance_in	MESH:D009203	curated	A	40253360	2025	1	1.0		2026-10-10
NCBITaxon:556499	decreases_abundance_in	MESH:C535916	curated	A	38637854	2024	1	1.0		2026-10-10
NCBITaxon:561	decreases_abundance_in	MESH:D003731	curated	A	39661115	2024	1	1.0		2026-10-10
NCBITaxon:561	increases_abundance_in	MESH:D000690	curated	A	33135936	2021	1	1.0		2026-10-10
NCBITaxon:561	increases_abundance_in	MESH:D001382	curated	A	30121305	2018	1	1.0		2026-10-10
NCBITaxon:561	increases_abundance_in	MESH:D003093	curated	A	29632427	2018	1	1.0		2026-10-10
NCBITaxon:561	increases_abundance_in	MESH:D003424	curated	A	29632427	2018	1	1.0		2026-10-10
NCBITaxon:561	increases_abundance_in	MESH:D007597	curated	A	30121305	2018	1	1.0		2026-10-10
NCBITaxon:561	increases_abundance_in	MESH:D009549	curated	A	30121305	2018	1	1.0		2026-10-10
NCBITaxon:561	increases_abundance_in	MESH:D009625	curated	A	41860897	2026	1	1.0		2026-10-10
NCBITaxon:561	increases_abundance_in	MESH:D010518	curated	A	35732628|41053144	2022|2025	2	1.0		2026-10-10
NCBITaxon:561	increases_abundance_in	MESH:D013397	curated	A	30121305	2018	1	1.0		2026-10-10
NCBITaxon:561	increases_abundance_in	MESH:D051436	curated	A	35348181	2022	1	1.0		2026-10-10
NCBITaxon:561	increases_abundance_in	MESH:D065626	curated	A	23453736	2013	1	1.0		2026-10-10
NCBITaxon:562	decreases_abundance_in	MESH:D003424	curated	A	26142465	2015	1	1.0		2026-10-10
NCBITaxon:562	decreases_abundance_in	MESH:D003731	curated	A	39661115	2024	1	1.0		2026-10-10
NCBITaxon:562	increases_abundance_in	MESH:D003093	curated	A	28039159	2017	1	1.0		2026-10-10
NCBITaxon:562	increases_abundance_in	MESH:D003424	curated	A	23276768|26261163	2013|2015	2	1.0		2026-10-10
NCBITaxon:562	increases_abundance_in	MESH:D008180	curated	A	39511594	2024	1	1.0		2026-10-10
NCBITaxon:562	increases_abundance_in	MESH:D009765	curated	A	35664075	2022	1	1.0		2026-10-10
NCBITaxon:562	increases_abundance_in	MESH:D015212	curated	A	23822920	2013	1	1.0		2026-10-10
NCBITaxon:562	increases_abundance_in	MESH:D041881	curated	A	26025761	2015	1	1.0		2026-10-10
NCBITaxon:562	increases_abundance_in	MESH:D043183	curated	A	39243395	2024	1	1.0		2026-10-10
NCBITaxon:563835	decreases_abundance_in	MESH:D000081029	curated	A	29946072	2018	1	1.0		2026-10-10
NCBITaxon:56774	decreases_abundance_in	MESH:D010300	curated	A	35057536	2022	1	1.0		2026-10-10
NCBITaxon:570	decreases_abundance_in	MESH:D003248	curated	A	29340896	2018	1	1.0		2026-10-10
NCBITaxon:570	decreases_abundance_in	MESH:D004485	curated	A	27812181	2018	1	1.0		2026-10-10
NCBITaxon:570	increases_abundance_in	MESH:D000789	curated	A	31027508	2019	1	1.0		2026-10-10
NCBITaxon:570	increases_abundance_in	MESH:D003865	curated	A	27741466	2018	1	1.0		2026-10-10
NCBITaxon:570	increases_abundance_in	MESH:D009765	curated	A	29214176	2017	1	1.0		2026-10-10
NCBITaxon:570	increases_abundance_in	MESH:D015179	curated	A	28153960	2017	1	1.0		2026-10-10
NCBITaxon:570	increases_abundance_in	MESH:D015658	curated	A	39090139	2024	1	1.0		2026-10-10
NCBITaxon:570	increases_abundance_in	MESH:D051436	curated	A	35348181	2022	1	1.0		2026-10-10
NCBITaxon:571	increases_abundance_in	MESH:D054328	curated	A	38050061	2024	1	1.0		2026-10-10
NCBITaxon:572511	decreases_abundance_in	MESH:D000073932	curated	A	38926079	2024	1	1.0		2026-10-10
NCBITaxon:572511	decreases_abundance_in	MESH:D000152	curated	A	29756631	2018	1	1.0		2026-10-10
NCBITaxon:572511	decreases_abundance_in	MESH:D003865	curated	A	33421868	2021	1	1.0		2026-10-10
NCBITaxon:572511	decreases_abundance_in	MESH:D003876	curated	A	42036885	2026	1	1.0		2026-10-10
NCBITaxon:572511	decreases_abundance_in	MESH:D009203	curated	A	40253360	2025	1	1.0		2026-10-10
NCBITaxon:572511	decreases_abundance_in	MESH:D010195	curated	A	30519748	2019	1	1.0		2026-10-10
NCBITaxon:572511	decreases_abundance_in	MESH:D010300	curated	A	28536926	2017	1	1.0		2026-10-10
NCBITaxon:572511	decreases_abundance_in	MESH:D012149	curated	A	38763328	2024	1	1.0		2026-10-10
NCBITaxon:572511	decreases_abundance_in	MESH:D016638	curated	A	27837233	2018	1	1.0		2026-10-10
NCBITaxon:572511	decreases_abundance_in	MESH:D065626	curated	A	30036479	2018	1	1.0		2026-10-10
NCBITaxon:572511	increases_abundance_in	MESH:D000856	curated	A	26428446	2015	1	1.0		2026-10-10
NCBITaxon:572511	increases_abundance_in	MESH:D003093	curated	A	27604252	2018	1	1.0		2026-10-10
NCBITaxon:572511	increases_abundance_in	MESH:D003922	curated	A	27231166	2016	1	1.0		2026-10-10
NCBITaxon:572511	increases_abundance_in	MESH:D003924	curated	A	37025407|37715517	2023|2024	2	1.0		2026-10-10
NCBITaxon:572511	increases_abundance_in	MESH:D003928	curated	A	38346799	2024	1	1.0		2026-10-10
NCBITaxon:572511	increases_abundance_in	MESH:D003929	curated	A	30358922	2018	1	1.0		2026-10-10
NCBITaxon:572511	increases_abundance_in	MESH:D009765	curated	A	29214176	2017	1	1.0		2026-10-10
NCBITaxon:572511	increases_abundance_in	MESH:D010195	curated	A	30519748	2019	1	1.0		2026-10-10
NCBITaxon:572511	increases_abundance_in	MESH:D010300	curated	A	28195358	2017	1	1.0		2026-10-10
NCBITaxon:572511	increases_abundance_in	MESH:D010518	curated	A	35732628	2022	1	1.0		2026-10-10
NCBITaxon:572511	increases_abundance_in	MESH:D012210	curated	A	38926079	2024	1	1.0		2026-10-10
NCBITaxon:572511	increases_abundance_in	MESH:D015209	curated	A	26857969	2016	1	1.0		2026-10-10
NCBITaxon:572511	increases_abundance_in	MESH:D015525	curated	A	28951525	2017	1	1.0		2026-10-10
NCBITaxon:572511	increases_abundance_in	MESH:D017963	curated	A	28402408	2017	1	1.0		2026-10-10
NCBITaxon:572511	increases_abundance_in	MESH:D018256	curated	A	36703031	2023	1	1.0		2026-10-10
NCBITaxon:572511	increases_abundance_in	MESH:D018752	curated	A	30782617	2021	1	1.0		2026-10-10
NCBITaxon:572511	increases_abundance_in	MESH:D063766	curated	A	27450202	2018	1	1.0		2026-10-10
NCBITaxon:572511	increases_abundance_in	MESH:D065626	curated	A	23453736|28823367|29948900	2013|2017|2018	3	1.0		2026-10-10
NCBITaxon:573	increases_abundance_in	MESH:D006635	curated	A	38050061	2024	1	1.0		2026-10-10
NCBITaxon:573	increases_abundance_in	MESH:D054328	curated	A	38050061	2024	1	1.0		2026-10-10
NCBITaxon:574697	decreases_abundance_in	MESH:D003093	curated	A	29632427	2018	1	1.0		2026-10-10
NCBITaxon:574697	decreases_abundance_in	MESH:D003424	curated	A	29335008	2018	1	1.0		2026-10-10
NCBITaxon:574697	decreases_abundance_in	MESH:D003550	curated	A	31992345	2020	1	1.0		2026-10-10
NCBITaxon:574697	decreases_abundance_in	MESH:D009103	curated	A	27352007	2018	2	1.0		2026-10-10
NCBITaxon:574697	decreases_abundance_in	MESH:D016640	curated	A	39059479	2024	1	1.0		2026-10-10
NCBITaxon:574697	increases_abundance_in	MESH:C085278	curated	A	29787870	2018	1	1.0		2026-10-10
NCBITaxon:574697	increases_abundance_in	MESH:D015179	curated	A	29687353	2018	1	1.0		2026-10-10
NCBITaxon:574697	increases_abundance_in	MESH:D018792	curated	A	35157224	2022	1	1.0		2026-10-10
NCBITaxon:57494	decreases_abundance_in	MESH:D019936	curated	A	26238090	2015	1	1.0		2026-10-10
NCBITaxon:57609	decreases_abundance_in	MESH:D012516	curated	A	39055977	2024	1	1.0		2026-10-10
NCBITaxon:57723	decreases_abundance_in	MESH:D003731	curated	A	39661115	2024	1	1.0		2026-10-10
NCBITaxon:57723	increases_abundance_in	MESH:D015179	curated	A	22622349	2012	1	1.0		2026-10-10
NCBITaxon:57723	increases_abundance_in	MESH:D015671	curated	A	30284469	2018	1	1.0		2026-10-10
NCBITaxon:577309	decreases_abundance_in	MESH:D000152	curated	A	29756631	2018	1	1.0		2026-10-10
NCBITaxon:577309	decreases_abundance_in	MESH:D003093	curated	A	27604252	2018	1	1.0		2026-10-10
NCBITaxon:577309	decreases_abundance_in	MESH:D003248	curated	A	29340896	2018	1	1.0		2026-10-10
NCBITaxon:577309	increases_abundance_in	MESH:D004485	curated	A	27812181	2018	1	1.0		2026-10-10
NCBITaxon:577309	increases_abundance_in	MESH:D004761	curated	A	30211217	2018	1	1.0		2026-10-10
NCBITaxon:577310	decreases_abundance_in	MESH:D001172	curated	A	34721377	2021	1	1.0		2026-10-10
NCBITaxon:577310	decreases_abundance_in	MESH:D003093	curated	A	27604252	2018	1	1.0		2026-10-10
NCBITaxon:577310	decreases_abundance_in	MESH:D003929	curated	A	30358922	2018	1	1.0		2026-10-10
NCBITaxon:577310	decreases_abundance_in	MESH:D007669	curated	A	29353409	2018	1	1.0		2026-10-10
NCBITaxon:577310	decreases_abundance_in	MESH:D008103	curated	A	37483387	2023	1	1.0		2026-10-10
NCBITaxon:577310	decreases_abundance_in	MESH:D011695	curated	A	29525681	2018	1	1.0		2026-10-10
NCBITaxon:577310	increases_abundance_in	MESH:D003015	curated	A	39294333	2024	1	1.0		2026-10-10
NCBITaxon:577310	increases_abundance_in	MESH:D004761	curated	A	30211217	2018	1	1.0		2026-10-10
NCBITaxon:577310	increases_abundance_in	MESH:D015658	curated	A	39090139	2024	1	1.0		2026-10-10
NCBITaxon:577310	increases_abundance_in	MESH:D050031	curated	A	28903182	2017	1	1.0		2026-10-10
NCBITaxon:580024	decreases_abundance_in	MESH:D000073932	curated	A	38926079	2024	1	1.0		2026-10-10
NCBITaxon:580024	decreases_abundance_in	MESH:D001172	curated	A	34721377	2021	1	1.0		2026-10-10
NCBITaxon:580596	decreases_abundance_in	MESH:D000152	curated	A	29756631	2018	1	1.0		2026-10-10
NCBITaxon:580596	decreases_abundance_in	MESH:D003424	curated	A	29632427	2018	1	1.0		2026-10-10
NCBITaxon:580596	decreases_abundance_in	MESH:D003865	curated	A	33421868	2021	1	1.0		2026-10-10
NCBITaxon:580596	decreases_abundance_in	MESH:D004415	curated	A	38031491	2024	1	1.0		2026-10-10
NCBITaxon:580596	decreases_abundance_in	MESH:D004485	curated	A	27812181	2018	1	1.0		2026-10-10
NCBITaxon:580596	decreases_abundance_in	MESH:D009203	curated	A	40253360	2025	1	1.0		2026-10-10
NCBITaxon:580596	decreases_abundance_in	MESH:D009765	curated	A	35664075	2022	1	1.0		2026-10-10
NCBITaxon:580596	decreases_abundance_in	MESH:D015658	curated	A	39090139	2024	1	1.0		2026-10-10
NCBITaxon:580596	decreases_abundance_in	MESH:D016640	curated	A	39059479	2024	1	1.0		2026-10-10
NCBITaxon:580596	increases_abundance_in	MESH:D003929	curated	A	30358922	2018	1	1.0		2026-10-10
NCBITaxon:580596	increases_abundance_in	MESH:D009007	curated	A	37899472	2023	1	1.0		2026-10-10
NCBITaxon:580596	increases_abundance_in	MESH:D013167	curated	A	30886835	2019	1	1.0		2026-10-10
NCBITaxon:581	increases_abundance_in	MESH:D008103	curated	A	37483387	2023	1	1.0		2026-10-10
NCBITaxon:58231	increases_abundance_in	MESH:D000077195	curated	A	38589501	2024	1	1.0		2026-10-10
NCBITaxon:58231	increases_abundance_in	MESH:D006973	curated	A	41923033	2026	1	1.0		2026-10-10
NCBITaxon:58231	increases_abundance_in	MESH:D010518	curated	A	41923033	2026	2	1.0		2026-10-10
NCBITaxon:583	increases_abundance_in	MESH:D010300	curated	A	28536926	2017	1	1.0		2026-10-10
NCBITaxon:583	increases_abundance_in	MESH:D065626	curated	A	29948900	2018	1	1.0		2026-10-10
NCBITaxon:584783	decreases_abundance_in	MESH:D015658	curated	A	28362071	2017	1	1.0		2026-10-10
NCBITaxon:588673	increases_abundance_in	MESH:D000067877	curated	A	31026579	2019	1	1.0		2026-10-10
NCBITaxon:589437	increases_abundance_in	MESH:D005891	curated	A	38762482	2024	1	1.0		2026-10-10
NCBITaxon:589437	increases_abundance_in	MESH:D009203	curated	A	39447641	2024	2	1.0		2026-10-10
NCBITaxon:589437	increases_abundance_in	MESH:D010300	curated	A	35057536	2022	1	1.0		2026-10-10
NCBITaxon:596498	decreases_abundance_in	MESH:D010518	curated	A	35732628	2022	1	1.0		2026-10-10
NCBITaxon:596499	decreases_abundance_in	MESH:D010518	curated	A	35732628	2022	1	1.0		2026-10-10
NCBITaxon:59732	increases_abundance_in	MESH:D015179	curated	A	22622349	2012	1	1.0		2026-10-10
NCBITaxon:59735	decreases_abundance_in	MESH:D003731	curated	A	41534871	2026	1	1.0		2026-10-10
NCBITaxon:59735	decreases_abundance_in	MESH:D008694	curated	A	38112416	2023	1	1.0		2026-10-10
NCBITaxon:59735	decreases_abundance_in	MESH:D010510	curated	A	37698410	2023	2	1.0		2026-10-10
NCBITaxon:59735	decreases_abundance_in	MESH:D012516	curated	A	39055977	2024	1	1.0		2026-10-10
NCBITaxon:59735	decreases_abundance_in	MESH:D015658	curated	A	39090139	2024	1	1.0		2026-10-10
NCBITaxon:59735	increases_abundance_in	MESH:D003731	curated	A	39661115	2024	1	1.0		2026-10-10
NCBITaxon:59735	increases_abundance_in	MESH:D008180	curated	A	36755319	2023	1	1.0		2026-10-10
NCBITaxon:59823	decreases_abundance_in	MESH:D003248	curated	A	29340896	2018	1	1.0		2026-10-10
NCBITaxon:60133	decreases_abundance_in	MESH:D002532	curated	A	39415150	2024	1	1.0		2026-10-10
NCBITaxon:60133	increases_abundance_in	MESH:D005891	curated	A	38762482	2024	1	1.0		2026-10-10
NCBITaxon:60133	increases_abundance_in	MESH:D009203	curated	A	39447641	2024	1	1.0		2026-10-10
NCBITaxon:60133	increases_abundance_in	MESH:D010510	curated	A	37698410	2023	1	1.0		2026-10-10
NCBITaxon:60246	increases_abundance_in	MESH:D016925	curated	A	38934644	2024	1	1.0		2026-10-10
NCBITaxon:61170	decreases_abundance_in	MESH:D003093	curated	A	29632427	2018	1	1.0		2026-10-10
NCBITaxon:61170	decreases_abundance_in	MESH:D003424	curated	A	26789999	2016	1	1.0		2026-10-10
NCBITaxon:61170	decreases_abundance_in	MESH:D007669	curated	A	29353409	2018	1	1.0		2026-10-10
NCBITaxon:61170	increases_abundance_in	MESH:D015179	curated	A	29687353	2018	1	1.0		2026-10-10
NCBITaxon:61171	decreases_abundance_in	MESH:D003424	curated	A	26789999	2016	1	1.0		2026-10-10
NCBITaxon:613	increases_abundance_in	MESH:D015179	curated	A	22622349	2012	1	1.0		2026-10-10
NCBITaxon:61592	decreases_abundance_in	MESH:D010510	curated	A	37698410	2023	3	1.0		2026-10-10
NCBITaxon:61592	increases_abundance_in	MESH:D065631	curated	A	39614169	2024	1	1.0		2026-10-10
NCBITaxon:617123	increases_abundance_in	MESH:D043183	curated	A	39243395	2024	1	1.0		2026-10-10
NCBITaxon:620	decreases_abundance_in	MESH:D002583	curated	A	39289617	2024	1	1.0		2026-10-10
NCBITaxon:620	decreases_abundance_in	MESH:D003731	curated	A	39661115	2024	1	1.0		2026-10-10
NCBITaxon:620	decreases_abundance_in	MESH:D013964	curated	A	36034695	2022	1	1.0		2026-10-10
NCBITaxon:620	increases_abundance_in	MESH:D003924	curated	A	37025407	2023	1	1.0		2026-10-10
NCBITaxon:620	increases_abundance_in	MESH:D009007	curated	A	37899472	2023	1	1.0		2026-10-10
NCBITaxon:620	increases_abundance_in	MESH:D015658	curated	A	39090139	2024	1	1.0		2026-10-10
NCBITaxon:620	increases_abundance_in	MESH:D016925	curated	A	38934644	2024	1	1.0		2026-10-10
NCBITaxon:62100	increases_abundance_in	MESH:D009369	curated	A	27384052	2016	1	1.0		2026-10-10
NCBITaxon:623	increases_abundance_in	MESH:D003424	curated	A	20848492	2010	1	1.0		2026-10-10
NCBITaxon:624	increases_abundance_in	MESH:D043183	curated	A	39243395	2024	1	1.0		2026-10-10
NCBITaxon:626929	increases_abundance_in	MESH:D000690	curated	A	33135936	2021	1	1.0		2026-10-10
NCBITaxon:626929	increases_abundance_in	MESH:D004485	curated	A	27812181	2018	1	1.0		2026-10-10
NCBITaxon:626937	decreases_abundance_in	MESH:D003424	curated	A	26789999	2016	1	1.0		2026-10-10
NCBITaxon:626937	increases_abundance_in	MESH:D010300	curated	A	28429209	2017	1	1.0		2026-10-10
NCBITaxon:626940	increases_abundance_in	MESH:D000690	curated	A	33135936	2021	1	1.0		2026-10-10
NCBITaxon:630405	decreases_abundance_in	MESH:D008687	curated	A	27999002	2017	1	1.0		2026-10-10
NCBITaxon:633701	increases_abundance_in	MESH:D003731	curated	A	39661115	2024	1	1.0		2026-10-10
NCBITaxon:633701	increases_abundance_in	MESH:D005891	curated	A	38762482	2024	1	1.0		2026-10-10
NCBITaxon:638847	decreases_abundance_in	MESH:D003093	curated	A	29632427	2018	1	1.0		2026-10-10
NCBITaxon:64001	increases_abundance_in	MESH:D019936	curated	A	26238090	2015	1	1.0		2026-10-10
NCBITaxon:641	decreases_abundance_in	MESH:D010518	curated	A	35732628	2022	1	1.0		2026-10-10
NCBITaxon:642	decreases_abundance_in	MESH:D023921	curated	A	38111089	2024	1	1.0		2026-10-10
NCBITaxon:642	increases_abundance_in	MESH:D008103	curated	A	37483387	2023	1	1.0		2026-10-10
NCBITaxon:642	increases_abundance_in	MESH:D009355	curated	A	35311555	2022	1	1.0		2026-10-10
NCBITaxon:648800	decreases_abundance_in	MESH:C563924	curated	A	27194068	2016	1	1.0		2026-10-10
NCBITaxon:649743	decreases_abundance_in	MESH:D009007	curated	A	37899472	2023	1	1.0		2026-10-10
NCBITaxon:649775	increases_abundance_in	MESH:D010518	curated	A	39581260	2024	1	1.0		2026-10-10
NCBITaxon:649776	increases_abundance_in	MESH:D010518	curated	A	39581260	2024	1	1.0		2026-10-10
NCBITaxon:649777	increases_abundance_in	MESH:D010518	curated	A	39581260	2024	1	1.0		2026-10-10
NCBITaxon:651822	increases_abundance_in	MESH:D009765	curated	A	41305578	2025	2	1.0		2026-10-10
NCBITaxon:651822	increases_abundance_in	MESH:D010510	curated	A	37698410	2023	5	1.0		2026-10-10
NCBITaxon:652708	increases_abundance_in	MESH:D005891	curated	A	38762482	2024	1	1.0		2026-10-10
NCBITaxon:652722	increases_abundance_in	MESH:D009203	curated	A	39447641	2024	1	1.0		2026-10-10
NCBITaxon:65402	increases_abundance_in	MESH:D015179	curated	A	23940645	2013	1	1.0		2026-10-10
NCBITaxon:657322	increases_abundance_in	MESH:D003876	curated	A	26431583	2016	1	1.0		2026-10-10
NCBITaxon:658089	decreases_abundance_in	MESH:D000690	curated	A	33135936	2021	1	1.0		2026-10-10
NCBITaxon:65842	decreases_abundance_in	MESH:D013789	curated	A	39438708	2024	1	1.0		2026-10-10
NCBITaxon:65842	decreases_abundance_in	MESH:D015671	curated	A	30284469	2018	1	1.0		2026-10-10
NCBITaxon:662	decreases_abundance_in	MESH:D010518	curated	A	35732628	2022	1	1.0		2026-10-10
NCBITaxon:66831	increases_abundance_in	MESH:D003921	curated	A	30667148	2019	1	1.0		2026-10-10
NCBITaxon:66831	increases_abundance_in	MESH:D013315	curated	A	35613108	2022	1	1.0		2026-10-10
NCBITaxon:671211	decreases_abundance_in	MESH:D003731	curated	A	35686590	2022	1	1.0		2026-10-10
NCBITaxon:671218	increases_abundance_in	MESH:D001943	curated	A	36600299	2023	1	1.0		2026-10-10
NCBITaxon:671218	increases_abundance_in	MESH:D009203	curated	A	39447641	2024	1	1.0		2026-10-10
NCBITaxon:671218	increases_abundance_in	MESH:D010510	curated	A	37698410	2023	5	1.0		2026-10-10
NCBITaxon:671231	increases_abundance_in	MESH:D009203	curated	A	39447641	2024	1	1.0		2026-10-10
NCBITaxon:674529	decreases_abundance_in	MESH:D043183	curated	A	39243395	2024	1	1.0		2026-10-10
NCBITaxon:674963	increases_abundance_in	MESH:D001172	curated	A	34721377	2021	1	1.0		2026-10-10
NCBITaxon:67572	decreases_abundance_in	MESH:D010518	curated	A	35732628	2022	1	1.0		2026-10-10
NCBITaxon:67819	increases_abundance_in	MESH:D009369	curated	A	27384052	2016	1	1.0		2026-10-10
NCBITaxon:67824	increases_abundance_in	MESH:D015179	curated	A	23940645	2013	1	1.0		2026-10-10
NCBITaxon:682522	decreases_abundance_in	MESH:D023921	curated	A	38111089	2024	1	1.0		2026-10-10
NCBITaxon:68287	increases_abundance_in	MESH:D000067877	curated	A	31026579	2019	1	1.0		2026-10-10
NCBITaxon:68298	decreases_abundance_in	MESH:D000081029	curated	A	29946072	2018	1	1.0		2026-10-10
NCBITaxon:684066	decreases_abundance_in	MESH:D010300	curated	A	35057536	2022	1	1.0		2026-10-10
NCBITaxon:684066	increases_abundance_in	MESH:D003731	curated	A	37698410	2023	1	1.0		2026-10-10
NCBITaxon:684066	increases_abundance_in	MESH:D010510	curated	A	37698410	2023	3	1.0		2026-10-10
NCBITaxon:68766	increases_abundance_in	MESH:C563365	curated	A	28341746	2018	1	1.0		2026-10-10
NCBITaxon:68892	decreases_abundance_in	MESH:D009062	curated	A	35433507	2022	2	1.0		2026-10-10
NCBITaxon:68892	decreases_abundance_in	MESH:D009765	curated	A	41305578	2025	1	1.0		2026-10-10
NCBITaxon:68892	increases_abundance_in	MESH:D006635	curated	A	38050061	2024	1	1.0		2026-10-10
NCBITaxon:68892	increases_abundance_in	MESH:D010661	curated	A	39599702	2024	1	1.0		2026-10-10
NCBITaxon:68892	increases_abundance_in	MESH:D054328	curated	A	38050061	2024	1	1.0		2026-10-10
NCBITaxon:69541	decreases_abundance_in	MESH:D008103	curated	A	37483387	2023	1	1.0		2026-10-10
NCBITaxon:69657	increases_abundance_in	MESH:D009369	curated	A	27384052	2016	1	1.0		2026-10-10
NCBITaxon:69710	increases_abundance_in	MESH:D009765	curated	A	41305578	2025	1	1.0		2026-10-10
NCBITaxon:69823	decreases_abundance_in	MESH:D009203	curated	A	39447641	2024	1	1.0		2026-10-10
NCBITaxon:69823	increases_abundance_in	MESH:D005891	curated	A	38762482	2024	1	1.0		2026-10-10
NCBITaxon:69823	increases_abundance_in	MESH:D010510	curated	A	37698410	2023	1	1.0		2026-10-10
NCBITaxon:69823	increases_abundance_in	MESH:D013964	curated	A	36034695	2022	1	1.0		2026-10-10
NCBITaxon:69824	decreases_abundance_in	MESH:D043183	curated	A	20014457	2009	1	1.0		2026-10-10
NCBITaxon:69824	increases_abundance_in	MESH:D008107	curated	A	27036035	2016	1	1.0		2026-10-10
NCBITaxon:698776	decreases_abundance_in	MESH:D003424	curated	A	26789999	2016	1	1.0		2026-10-10
NCBITaxon:70774	increases_abundance_in	MESH:D000067877	curated	A	31026579	2019	1	1.0		2026-10-10
NCBITaxon:712	decreases_abundance_in	MESH:D000067011	curated	A	31959047	2020	1	1.0		2026-10-10
NCBITaxon:712	decreases_abundance_in	MESH:D000077277	curated	A	36222897	2022	1	1.0		2026-10-10
NCBITaxon:712	decreases_abundance_in	MESH:D000081029	curated	A	29946072	2018	1	1.0		2026-10-10
NCBITaxon:712	decreases_abundance_in	MESH:D002532	curated	A	39415150	2024	2	1.0		2026-10-10
NCBITaxon:712	decreases_abundance_in	MESH:D002583	curated	A	39289617	2024	2	1.0		2026-10-10
NCBITaxon:712	decreases_abundance_in	MESH:D003922	curated	A	27231166	2016	1	1.0		2026-10-10
NCBITaxon:712	decreases_abundance_in	MESH:D010518	curated	A	35732628	2022	1	1.0		2026-10-10
NCBITaxon:712	decreases_abundance_in	MESH:D013964	curated	A	36034695	2022	1	1.0		2026-10-10
NCBITaxon:712	decreases_abundance_in	MESH:D016606	curated	A	36034695	2022	1	1.0		2026-10-10
NCBITaxon:712	increases_abundance_in	MESH:D003863	curated	A	38763328	2024	1	1.0		2026-10-10
NCBITaxon:712	increases_abundance_in	MESH:D008103	curated	A	37483387	2023	1	1.0		2026-10-10
NCBITaxon:712	increases_abundance_in	MESH:D012149	curated	A	38763328	2024	1	1.0		2026-10-10
NCBITaxon:712118	decreases_abundance_in	MESH:D009062	curated	A	37542310	2023	1	1.0		2026-10-10
NCBITaxon:712362	decreases_abundance_in	MESH:D009062	curated	A	37542310	2023	1	1.0		2026-10-10
NCBITaxon:712364	increases_abundance_in	MESH:D009062	curated	A	37542310	2023	1	1.0		2026-10-10
NCBITaxon:712456	increases_abundance_in	MESH:D009203	curated	A	39447641	2024	1	1.0		2026-10-10
NCBITaxon:712469	increases_abundance_in	MESH:D009203	curated	A	39447641	2024	2	1.0		2026-10-10
NCBITaxon:712624	increases_abundance_in	MESH:D003731	curated	A	35686590	2022	1	1.0		2026-10-10
NCBITaxon:712630	increases_abundance_in	MESH:D009203	curated	A	39447641	2024	1	1.0		2026-10-10
NCBITaxon:712888	increases_abundance_in	MESH:D005891	curated	A	38762482	2024	1	1.0		2026-10-10
NCBITaxon:712939	decreases_abundance_in	MESH:D008694	curated	A	38112416	2023	1	1.0		2026-10-10
NCBITaxon:712979	increases_abundance_in	MESH:D009203	curated	A	39447641	2024	1	1.0		2026-10-10
NCBITaxon:713	decreases_abundance_in	MESH:D003731	curated	A	35686590	2022	1	1.0		2026-10-10
NCBITaxon:713	decreases_abundance_in	MESH:D003876	curated	A	39523189	2024	1	1.0		2026-10-10
NCBITaxon:713	decreases_abundance_in	MESH:D009062	curated	A	35433507	2022	1	1.0		2026-10-10
NCBITaxon:713	decreases_abundance_in	MESH:D017963	curated	A	28402408	2017	1	1.0		2026-10-10
NCBITaxon:713	increases_abundance_in	MESH:D003863	curated	A	38763328	2024	1	1.0		2026-10-10
NCBITaxon:713049	increases_abundance_in	MESH:D009203	curated	A	39447641	2024	1	1.0		2026-10-10
NCBITaxon:713053	increases_abundance_in	MESH:D003093	curated	A	17897884	2008	1	1.0		2026-10-10
NCBITaxon:713053	increases_abundance_in	MESH:D009203	curated	A	39447641	2024	1	1.0		2026-10-10
NCBITaxon:713054	increases_abundance_in	MESH:D009203	curated	A	39447641	2024	1	1.0		2026-10-10
NCBITaxon:714	decreases_abundance_in	MESH:D003731	curated	A	35686590	2022	1	1.0		2026-10-10
NCBITaxon:714	increases_abundance_in	MESH:D005891	curated	A	38762482	2024	1	1.0		2026-10-10
NCBITaxon:715	decreases_abundance_in	MESH:D003731	curated	A	35686590	2022	1	1.0		2026-10-10
NCBITaxon:715221	decreases_abundance_in	MESH:D003928	curated	A	38346799	2024	1	1.0		2026-10-10
NCBITaxon:718252	increases_abundance_in	MESH:D003876	curated	A	26431583	2016	1	1.0		2026-10-10
NCBITaxon:72274	decreases_abundance_in	MESH:D003731	curated	A	35686590	2022	1	1.0		2026-10-10
NCBITaxon:72274	decreases_abundance_in	MESH:D015658	curated	A	28362071	2017	1	1.0		2026-10-10
NCBITaxon:72274	increases_abundance_in	MESH:D002583	curated	A	39289617	2024	1	1.0		2026-10-10
NCBITaxon:72275	increases_abundance_in	MESH:D009369	curated	A	27384052	2016	1	1.0		2026-10-10
NCBITaxon:72293	decreases_abundance_in	MESH:D003424	curated	A	23276768	2013	1	1.0		2026-10-10
NCBITaxon:72293	increases_abundance_in	MESH:D000544	curated	A	30816709	2019	1	1.0		2026-10-10
NCBITaxon:72293	increases_abundance_in	MESH:D003928	curated	A	38346799	2024	1	1.0		2026-10-10
NCBITaxon:72293	increases_abundance_in	MESH:D009369	curated	A	27384052	2016	1	1.0		2026-10-10
NCBITaxon:72293	increases_abundance_in	MESH:D050197	curated	A	30021609	2018	1	1.0		2026-10-10
NCBITaxon:72294	decreases_abundance_in	MESH:D000077277	curated	A	36222897	2022	1	1.0		2026-10-10
NCBITaxon:72294	decreases_abundance_in	MESH:D006232	curated	A	39574007	2024	1	1.0		2026-10-10
NCBITaxon:72294	increases_abundance_in	MESH:D002285	curated	A	39470189	2024	1	1.0		2026-10-10
NCBITaxon:72294	increases_abundance_in	MESH:D009055	curated	A	35038733	2022	1	1.0		2026-10-10
NCBITaxon:72294	increases_abundance_in	MESH:D011565	curated	A	39117753	2024	1	1.0		2026-10-10
NCBITaxon:724	decreases_abundance_in	MESH:D000077195	curated	A	36445134	2022	1	1.0		2026-10-10
NCBITaxon:724	decreases_abundance_in	MESH:D000077277	curated	A	36222897	2022	1	1.0		2026-10-10
NCBITaxon:724	decreases_abundance_in	MESH:D000544	curated	A	38535538	2024	1	1.0		2026-10-10
NCBITaxon:724	decreases_abundance_in	MESH:D003424	curated	A	29632427|35493739	2018|2022	3	1.0		2026-10-10
NCBITaxon:724	decreases_abundance_in	MESH:D003731	curated	A	37698410	2023	2	1.0		2026-10-10
NCBITaxon:724	decreases_abundance_in	MESH:D003922	curated	A	27231166	2016	1	1.0		2026-10-10
NCBITaxon:724	decreases_abundance_in	MESH:D004485	curated	A	27812181	2018	1	1.0		2026-10-10
NCBITaxon:724	decreases_abundance_in	MESH:D006973	curated	A	41923033	2026	1	1.0		2026-10-10
NCBITaxon:724	decreases_abundance_in	MESH:D008180	curated	A	36755319	2023	1	1.0		2026-10-10
NCBITaxon:724	decreases_abundance_in	MESH:D009203	curated	A	40253360	2025	1	1.0		2026-10-10
NCBITaxon:724	decreases_abundance_in	MESH:D010510	curated	A	37698410	2023	1	1.0		2026-10-10
NCBITaxon:724	decreases_abundance_in	MESH:D010518	curated	A	35732628|37899378|41923033	2022|2023|2026	4	1.0		2026-10-10
NCBITaxon:724	decreases_abundance_in	MESH:D012516	curated	A	39055977	2024	2	1.0		2026-10-10
NCBITaxon:724	decreases_abundance_in	MESH:D013964	curated	A	36034695	2022	1	1.0		2026-10-10
NCBITaxon:724	decreases_abundance_in	MESH:D017963	curated	A	28402408	2017	1	1.0		2026-10-10
NCBITaxon:724	decreases_abundance_in	MESH:D051436	curated	A	35348181	2022	1	1.0		2026-10-10
NCBITaxon:724	increases_abundance_in	MESH:C536315	curated	A	27217061	2016	1	1.0		2026-10-10
NCBITaxon:724	increases_abundance_in	MESH:D000789	curated	A	31027508	2019	1	1.0		2026-10-10
NCBITaxon:724	increases_abundance_in	MESH:D001172	curated	A	34721377	2021	1	1.0		2026-10-10
NCBITaxon:724	increases_abundance_in	MESH:D002971	curated	A	38807164	2024	1	1.0		2026-10-10
NCBITaxon:724	increases_abundance_in	MESH:D003731	curated	A	41654739	2026	1	1.0		2026-10-10
NCBITaxon:724	increases_abundance_in	MESH:D003865	curated	A	40718680	2025	1	1.0		2026-10-10
NCBITaxon:724	increases_abundance_in	MESH:D008103	curated	A	37483387	2023	1	1.0		2026-10-10
NCBITaxon:724	increases_abundance_in	MESH:D018281	curated	A	36345047	2022	1	1.0		2026-10-10
NCBITaxon:724	increases_abundance_in	MESH:D054328	curated	A	38050061	2024	1	1.0		2026-10-10
NCBITaxon:72763	increases_abundance_in	MESH:D010518	curated	A	35732628	2022	1	1.0		2026-10-10
NCBITaxon:729	decreases_abundance_in	MESH:D003876	curated	A	39523189	2024	1	1.0		2026-10-10
NCBITaxon:729	decreases_abundance_in	MESH:D009062	curated	A	35433507	2022	1	1.0		2026-10-10
NCBITaxon:729	decreases_abundance_in	MESH:D010300	curated	A	35057536	2022	1	1.0		2026-10-10
NCBITaxon:729	decreases_abundance_in	MESH:D010518	curated	A	41923033	2026	2	1.0		2026-10-10
NCBITaxon:729	decreases_abundance_in	MESH:D013274	curated	A	37980457	2023	1	1.0		2026-10-10
NCBITaxon:729	decreases_abundance_in	MESH:D013964	curated	A	36034695	2022	1	1.0		2026-10-10
NCBITaxon:729	decreases_abundance_in	MESH:D016606	curated	A	36034695	2022	1	1.0		2026-10-10
NCBITaxon:729	increases_abundance_in	MESH:D009203	curated	A	39447641	2024	1	1.0		2026-10-10
NCBITaxon:729	increases_abundance_in	MESH:D043183	curated	A	21741921|39243395	2011|2024	2	1.0		2026-10-10
NCBITaxon:729	increases_abundance_in	MESH:D054328	curated	A	38050061	2024	1	1.0		2026-10-10
NCBITaxon:730	decreases_abundance_in	MESH:D003731	curated	A	35686590	2022	1	1.0		2026-10-10
NCBITaxon:73029	increases_abundance_in	MESH:D015179	curated	A	22622349	2012	1	1.0		2026-10-10
NCBITaxon:736	decreases_abundance_in	MESH:C535916	curated	A	38637854	2024	1	1.0		2026-10-10
NCBITaxon:736	decreases_abundance_in	MESH:D010510	curated	A	37698410	2023	2	1.0		2026-10-10
NCBITaxon:738	decreases_abundance_in	MESH:D003731	curated	A	35686590	2022	1	1.0		2026-10-10
NCBITaxon:739	increases_abundance_in	MESH:D005891	curated	A	38762482	2024	1	1.0		2026-10-10
NCBITaxon:739	increases_abundance_in	MESH:D013274	curated	A	37980457	2023	1	1.0		2026-10-10
NCBITaxon:739	increases_abundance_in	MESH:D043183	curated	A	39243395	2024	1	1.0		2026-10-10
NCBITaxon:739	increases_abundance_in	MESH:D065631	curated	A	39614169	2024	1	1.0		2026-10-10
NCBITaxon:74015	decreases_abundance_in	MESH:D009203	curated	A	40253360	2025	1	1.0		2026-10-10
NCBITaxon:74152	increases_abundance_in	MESH:D009203	curated	A	40253360	2025	1	1.0		2026-10-10
NCBITaxon:74201	decreases_abundance_in	MESH:D001007	curated	A	30824791	2019	1	1.0		2026-10-10
NCBITaxon:74201	decreases_abundance_in	MESH:D002583	curated	A	39289617	2024	1	1.0		2026-10-10
NCBITaxon:74201	decreases_abundance_in	MESH:D003550	curated	A	31992345	2020	1	1.0		2026-10-10
NCBITaxon:74201	decreases_abundance_in	MESH:D003928	curated	A	38346799	2024	1	1.0		2026-10-10
NCBITaxon:74201	decreases_abundance_in	MESH:D004761	curated	A	30211217	2018	1	1.0		2026-10-10
NCBITaxon:74201	decreases_abundance_in	MESH:D009765	curated	A	23804561|29214176	2014|2017	2	1.0		2026-10-10
NCBITaxon:74201	decreases_abundance_in	MESH:D015212	curated	A	38874761	2024	1	1.0		2026-10-10
NCBITaxon:74201	decreases_abundance_in	MESH:D059305	curated	A	33210367	2021	1	1.0		2026-10-10
NCBITaxon:74201	increases_abundance_in	MESH:C085278	curated	A	29787870	2018	1	1.0		2026-10-10
NCBITaxon:74201	increases_abundance_in	MESH:D003092	curated	A	27443884	2016	1	1.0		2026-10-10
NCBITaxon:74201	increases_abundance_in	MESH:D003924	curated	A	30569533|30577594	2018|2019	2	1.0		2026-10-10
NCBITaxon:74201	increases_abundance_in	MESH:D009103	curated	A	27352007	2018	2	1.0		2026-10-10
NCBITaxon:74201	increases_abundance_in	MESH:D009203	curated	A	40253360	2025	1	1.0		2026-10-10
NCBITaxon:74201	increases_abundance_in	MESH:D013789	curated	A	39438708	2024	1	1.0		2026-10-10
NCBITaxon:74201	increases_abundance_in	MESH:D014640	curated	A	35311555	2022	2	1.0		2026-10-10
NCBITaxon:74201	increases_abundance_in	MESH:D015179	curated	A	22622349	2012	1	1.0		2026-10-10
NCBITaxon:74201	increases_abundance_in	MESH:D016925	curated	A	38934644	2024	1	1.0		2026-10-10
NCBITaxon:74243	decreases_abundance_in	MESH:D002532	curated	A	39415150	2024	1	1.0		2026-10-10
NCBITaxon:74426	decreases_abundance_in	MESH:D015673	curated	A	27338587	2018	1	1.0		2026-10-10
NCBITaxon:74426	decreases_abundance_in	MESH:D043183	curated	A	20014457	2009	1	1.0		2026-10-10
NCBITaxon:745	decreases_abundance_in	MESH:D003731	curated	A	35686590	2022	1	1.0		2026-10-10
NCBITaxon:745	decreases_abundance_in	MESH:D010518	curated	A	35672331	2022	1	1.0		2026-10-10
NCBITaxon:745	increases_abundance_in	MESH:D001172	curated	A	34721377	2021	1	1.0		2026-10-10
NCBITaxon:745368	decreases_abundance_in	MESH:D043183	curated	A	39243395	2024	1	1.0		2026-10-10
NCBITaxon:745368	increases_abundance_in	MESH:D004485	curated	A	27812181	2018	1	1.0		2026-10-10
NCBITaxon:747	decreases_abundance_in	MESH:D003731	curated	A	35686590	2022	1	1.0		2026-10-10
NCBITaxon:747	decreases_abundance_in	MESH:D010518	curated	A	35672331	2022	1	1.0		2026-10-10
NCBITaxon:748224	increases_abundance_in	MESH:D003876	curated	A	26431583	2016	1	1.0		2026-10-10
NCBITaxon:75	decreases_abundance_in	MESH:D019936	curated	A	26238090	2015	1	1.0		2026-10-10
NCBITaxon:75	increases_abundance_in	MESH:D018792	curated	A	35157224	2022	1	1.0		2026-10-10
NCBITaxon:75309	decreases_abundance_in	MESH:D018256	curated	A	36703031	2023	1	1.0		2026-10-10
NCBITaxon:75984	decreases_abundance_in	MESH:D003731	curated	A	35686590	2022	1	1.0		2026-10-10
NCBITaxon:75984	decreases_abundance_in	MESH:D017963	curated	A	28402408	2017	1	1.0		2026-10-10
NCBITaxon:75985	decreases_abundance_in	MESH:D003731	curated	A	35686590	2022	1	1.0		2026-10-10
NCBITaxon:75985	decreases_abundance_in	MESH:D010300	curated	A	35057536	2022	1	1.0		2026-10-10
NCBITaxon:76122	increases_abundance_in	MESH:D009203	curated	A	39447641	2024	1	1.0		2026-10-10
NCBITaxon:76122	increases_abundance_in	MESH:D010510	curated	A	37698410	2023	1	1.0		2026-10-10
NCBITaxon:76122	increases_abundance_in	MESH:D016606	curated	A	36034695	2022	1	1.0		2026-10-10
NCBITaxon:76123	increases_abundance_in	MESH:D003731	curated	A	37698410	2023	1	1.0		2026-10-10
NCBITaxon:76123	increases_abundance_in	MESH:D010510	curated	A	37698410	2023	2	1.0		2026-10-10
NCBITaxon:76856	decreases_abundance_in	MESH:D009203	curated	A	39447641	2024	1	1.0		2026-10-10
NCBITaxon:76856	increases_abundance_in	MESH:D010518	curated	A	37899378	2023	1	1.0		2026-10-10
NCBITaxon:76860	increases_abundance_in	MESH:D009203	curated	A	39447641	2024	1	1.0		2026-10-10
NCBITaxon:76860	increases_abundance_in	MESH:D010518	curated	A	37899378	2023	1	1.0		2026-10-10
NCBITaxon:76892	increases_abundance_in	MESH:D010518	curated	A	35732628	2022	1	1.0		2026-10-10
NCBITaxon:78258	decreases_abundance_in	MESH:C535916	curated	A	38637854	2024	1	1.0		2026-10-10
NCBITaxon:78258	increases_abundance_in	MESH:D003731	curated	A	37698410	2023	2	1.0		2026-10-10
NCBITaxon:79206	decreases_abundance_in	MESH:D008103	curated	A	37483387	2023	1	1.0		2026-10-10
NCBITaxon:79598	increases_abundance_in	MESH:D017963	curated	A	28402408	2017	1	1.0		2026-10-10
NCBITaxon:796942	decreases_abundance_in	MESH:D010842	curated	A	42102024	2026	1	1.0		2026-10-10
NCBITaxon:796942	increases_abundance_in	MESH:D009203	curated	A	39447641	2024	1	1.0		2026-10-10
NCBITaxon:796942	increases_abundance_in	MESH:D010510	curated	A	37698410	2023	2	1.0		2026-10-10
NCBITaxon:79880	increases_abundance_in	MESH:D009203	curated	A	39447641	2024	1	1.0		2026-10-10
NCBITaxon:80840	decreases_abundance_in	MESH:D000077277	curated	A	36222897	2022	1	1.0		2026-10-10
NCBITaxon:80840	decreases_abundance_in	MESH:D003924	curated	A	37025407	2023	1	1.0		2026-10-10
NCBITaxon:80840	decreases_abundance_in	MESH:D006232	curated	A	39574007	2024	1	1.0		2026-10-10
NCBITaxon:80840	decreases_abundance_in	MESH:D023921	curated	A	38111089	2024	1	1.0		2026-10-10
NCBITaxon:80840	increases_abundance_in	MESH:D003731	curated	A	39661115	2024	1	1.0		2026-10-10
NCBITaxon:80864	decreases_abundance_in	MESH:D000067011	curated	A	31959047	2020	1	1.0		2026-10-10
NCBITaxon:80864	decreases_abundance_in	MESH:D008103	curated	A	37483387	2023	1	1.0		2026-10-10
NCBITaxon:80864	increases_abundance_in	MESH:D003876	curated	A	39523189	2024	1	1.0		2026-10-10
NCBITaxon:80864	increases_abundance_in	MESH:D011565	curated	A	39117753	2024	1	1.0		2026-10-10
NCBITaxon:80865	increases_abundance_in	MESH:D015179	curated	A	22622349	2012	1	1.0		2026-10-10
NCBITaxon:810	increases_abundance_in	MESH:D009369	curated	A	27384052	2016	1	1.0		2026-10-10
NCBITaxon:815	decreases_abundance_in	MESH:D000081029	curated	A	29946072	2018	1	1.0		2026-10-10
NCBITaxon:815	decreases_abundance_in	MESH:D000900	curated	A	33157256	2021	1	1.0		2026-10-10
NCBITaxon:815	decreases_abundance_in	MESH:D001289	curated	A	30001426	2018	1	1.0		2026-10-10
NCBITaxon:815	decreases_abundance_in	MESH:D002583	curated	A	39289617	2024	1	1.0		2026-10-10
NCBITaxon:815	decreases_abundance_in	MESH:D003093	curated	A	17897884	2008	2	1.0		2026-10-10
NCBITaxon:815	decreases_abundance_in	MESH:D003424	curated	A	17897884	2008	2	1.0		2026-10-10
NCBITaxon:815	decreases_abundance_in	MESH:D003967	curated	A	31959047	2020	1	1.0		2026-10-10
NCBITaxon:815	decreases_abundance_in	MESH:D009103	curated	A	25775034	2015	1	1.0		2026-10-10
NCBITaxon:815	decreases_abundance_in	MESH:D009765	curated	A	26230509	2015	1	1.0		2026-10-10
NCBITaxon:815	decreases_abundance_in	MESH:D011565	curated	A	39117753	2024	1	1.0		2026-10-10
NCBITaxon:815	decreases_abundance_in	MESH:D063766	curated	A	27450202	2018	1	1.0		2026-10-10
NCBITaxon:815	increases_abundance_in	MESH:D001943	curated	A	39470189	2024	1	1.0		2026-10-10
NCBITaxon:815	increases_abundance_in	MESH:D003928	curated	A	38346799	2024	1	1.0		2026-10-10
NCBITaxon:815	increases_abundance_in	MESH:D007938	curated	A	26098097	2015	1	1.0		2026-10-10
NCBITaxon:815	increases_abundance_in	MESH:D010518	curated	A	35732628	2022	1	1.0		2026-10-10
NCBITaxon:815	increases_abundance_in	MESH:D015518	curated	A	28178201	2017	1	1.0		2026-10-10
NCBITaxon:816	decreases_abundance_in	MESH:D002583	curated	A	39289617	2024	1	1.0		2026-10-10
NCBITaxon:816	decreases_abundance_in	MESH:D003092	curated	A	29766049	2018	1	1.0		2026-10-10
NCBITaxon:816	decreases_abundance_in	MESH:D003876	curated	A	22153774	2012	1	1.0		2026-10-10
NCBITaxon:816	decreases_abundance_in	MESH:D003924	curated	A	27151248|28782784	2017|2018	3	1.0		2026-10-10
NCBITaxon:816	decreases_abundance_in	MESH:D008795	curated	A	35311555	2022	1	1.0		2026-10-10
NCBITaxon:816	decreases_abundance_in	MESH:D009203	curated	A	39447641	2024	1	1.0		2026-10-10
NCBITaxon:816	decreases_abundance_in	MESH:D009765	curated	A	26230509|27007700|29214176	2015|2017	3	1.0		2026-10-10
NCBITaxon:816	decreases_abundance_in	MESH:D010300	curated	A	28429209	2017	1	1.0		2026-10-10
NCBITaxon:816	decreases_abundance_in	MESH:D010661	curated	A	39599702	2024	1	1.0		2026-10-10
NCBITaxon:816	decreases_abundance_in	MESH:D011565	curated	A	39117753	2024	1	1.0		2026-10-10
NCBITaxon:816	decreases_abundance_in	MESH:D015658	curated	A	27048741	2018	1	1.0		2026-10-10
NCBITaxon:816	decreases_abundance_in	MESH:D063766	curated	A	27450202	2018	1	1.0		2026-10-10
NCBITaxon:816	decreases_abundance_in	MESH:D065626	curated	A	23453736	2013	1	1.0		2026-10-10
NCBITaxon:816	increases_abundance_in	MESH:C563365	curated	A	28341746	2018	1	1.0		2026-10-10
NCBITaxon:816	increases_abundance_in	MESH:D000544	curated	A	38535538	2024	1	1.0		2026-10-10
NCBITaxon:816	increases_abundance_in	MESH:D000667	curated	A	35311555	2022	1	1.0		2026-10-10
NCBITaxon:816	increases_abundance_in	MESH:D001943	curated	A	39470189	2024	1	1.0		2026-10-10
NCBITaxon:816	increases_abundance_in	MESH:D003093	curated	A	17265126	2007	1	1.0		2026-10-10
NCBITaxon:816	increases_abundance_in	MESH:D003248	curated	A	30785176	2019	1	1.0		2026-10-10
NCBITaxon:816	increases_abundance_in	MESH:D003424	curated	A	21253779|26261163	2011|2015	2	1.0		2026-10-10
NCBITaxon:816	increases_abundance_in	MESH:D003731	curated	A	39661115	2024	1	1.0		2026-10-10
NCBITaxon:816	increases_abundance_in	MESH:D003922	curated	A	24448554|29733871	2014|2018	2	1.0		2026-10-10
NCBITaxon:816	increases_abundance_in	MESH:D003924	curated	A	37715517	2024	1	1.0		2026-10-10
NCBITaxon:816	increases_abundance_in	MESH:D003928	curated	A	38346799	2024	1	1.0		2026-10-10
NCBITaxon:816	increases_abundance_in	MESH:D004761	curated	A	30211217	2018	1	1.0		2026-10-10
NCBITaxon:816	increases_abundance_in	MESH:D006527	curated	A	30075590	2018	1	1.0		2026-10-10
NCBITaxon:816	increases_abundance_in	MESH:D007938	curated	A	26098097	2015	1	1.0		2026-10-10
NCBITaxon:816	increases_abundance_in	MESH:D009625	curated	A	41860897	2026	1	1.0		2026-10-10
NCBITaxon:816	increases_abundance_in	MESH:D010518	curated	A	35732628	2022	1	1.0		2026-10-10
NCBITaxon:816	increases_abundance_in	MESH:D015179	curated	A	26992426	2017	1	1.0		2026-10-10
NCBITaxon:816	increases_abundance_in	MESH:D015525	curated	A	28951525	2017	1	1.0		2026-10-10
NCBITaxon:816	increases_abundance_in	MESH:D018792	curated	A	35157224	2022	1	1.0		2026-10-10
NCBITaxon:816	increases_abundance_in	MESH:D029801	curated	A	26890232	2016	1	1.0		2026-10-10
NCBITaxon:816	increases_abundance_in	MESH:D059305	curated	A	30782617	2021	1	1.0		2026-10-10
NCBITaxon:817	decreases_abundance_in	MESH:D001171	curated	A	27861762	2018	1	1.0		2026-10-10
NCBITaxon:817	decreases_abundance_in	MESH:D003093	curated	A	17897884	2008	2	1.0		2026-10-10
NCBITaxon:817	decreases_abundance_in	MESH:D003424	curated	A	17897884|23276768	2008|2013	3	1.0		2026-10-10
NCBITaxon:817	decreases_abundance_in	MESH:D004485	curated	A	27812181	2018	1	1.0		2026-10-10
NCBITaxon:817	decreases_abundance_in	MESH:D010300	curated	A	26539989	2015	1	1.0		2026-10-10
NCBITaxon:817	decreases_abundance_in	MESH:D065626	curated	A	28705785	2017	1	1.0		2026-10-10
NCBITaxon:817	increases_abundance_in	MESH:D014676	curated	A	32987642	2020	1	1.0		2026-10-10
NCBITaxon:818	decreases_abundance_in	MESH:D003093	curated	A	17897884	2008	2	1.0		2026-10-10
NCBITaxon:818	decreases_abundance_in	MESH:D059305	curated	A	33210367	2021	1	1.0		2026-10-10
NCBITaxon:81852	decreases_abundance_in	MESH:D002446	curated	A	29458413	2018	1	1.0		2026-10-10
NCBITaxon:81852	decreases_abundance_in	MESH:D016776	curated	A	27147260	2016	1	1.0		2026-10-10
NCBITaxon:81852	increases_abundance_in	MESH:D000900	curated	A	33157256	2021	1	1.0		2026-10-10
NCBITaxon:81852	increases_abundance_in	MESH:D010195	curated	A	30519748	2019	1	1.0		2026-10-10
NCBITaxon:81852	increases_abundance_in	MESH:D010300	curated	A	28506555	2017	1	1.0		2026-10-10
NCBITaxon:820	decreases_abundance_in	MESH:D003424	curated	A	26789999	2016	1	1.0		2026-10-10
NCBITaxon:820	decreases_abundance_in	MESH:D010300	curated	A	35057536	2022	1	1.0		2026-10-10
NCBITaxon:820	increases_abundance_in	MESH:D008107	curated	A	27036035	2016	1	1.0		2026-10-10
NCBITaxon:821	decreases_abundance_in	MESH:D003093	curated	A	17897884	2008	2	1.0		2026-10-10
NCBITaxon:821	decreases_abundance_in	MESH:D003424	curated	A	17897884	2008	2	1.0		2026-10-10
NCBITaxon:821	decreases_abundance_in	MESH:D003924	curated	A	20087741	2010	1	1.0		2026-10-10
NCBITaxon:821	decreases_abundance_in	MESH:D012859	curated	A	35603219	2022	1	1.0		2026-10-10
NCBITaxon:821	decreases_abundance_in	MESH:D063766	curated	A	27450202	2018	1	1.0		2026-10-10
NCBITaxon:821	increases_abundance_in	MESH:D008107	curated	A	27036035	2016	1	1.0		2026-10-10
NCBITaxon:821	increases_abundance_in	MESH:D018256	curated	A	36703031	2023	2	1.0		2026-10-10
NCBITaxon:82115	decreases_abundance_in	MESH:D013964	curated	A	36034695	2022	1	1.0		2026-10-10
NCBITaxon:82202	increases_abundance_in	MESH:D008103	curated	A	37483387	2023	1	1.0		2026-10-10
NCBITaxon:82202	increases_abundance_in	MESH:D012859	curated	A	38079342	2023	1	1.0		2026-10-10
NCBITaxon:82283	increases_abundance_in	MESH:D009967	curated	A	39709380	2024	1	1.0		2026-10-10
NCBITaxon:82283	increases_abundance_in	MESH:D051436	curated	A	35348181	2022	1	1.0		2026-10-10
NCBITaxon:823	decreases_abundance_in	MESH:D006635	curated	A	38050061	2024	1	1.0		2026-10-10
NCBITaxon:82373	decreases_abundance_in	MESH:D017963	curated	A	28402408	2017	1	1.0		2026-10-10
NCBITaxon:82373	increases_abundance_in	MESH:D015658	curated	A	39090139	2024	1	1.0		2026-10-10
NCBITaxon:824	decreases_abundance_in	MESH:D000077195	curated	A	38589501	2024	1	1.0		2026-10-10
NCBITaxon:824	decreases_abundance_in	MESH:D010842	curated	A	42102024	2026	1	1.0		2026-10-10
NCBITaxon:824	increases_abundance_in	MESH:D003731	curated	A	39661115	2024	1	1.0		2026-10-10
NCBITaxon:824	increases_abundance_in	MESH:D009203	curated	A	39447641	2024	1	1.0		2026-10-10
NCBITaxon:82976	decreases_abundance_in	MESH:D019936	curated	A	26238090	2015	1	1.0		2026-10-10
NCBITaxon:830	decreases_abundance_in	MESH:D015658	curated	A	39090139	2024	1	1.0		2026-10-10
NCBITaxon:830	increases_abundance_in	MESH:D008687	curated	A	27999002	2017	1	1.0		2026-10-10
NCBITaxon:830	increases_abundance_in	MESH:D010510	curated	A	37698410	2023	2	1.0		2026-10-10
NCBITaxon:830	increases_abundance_in	MESH:D051436	curated	A	35348181	2022	1	1.0		2026-10-10
NCBITaxon:832	decreases_abundance_in	MESH:D009765	curated	A	35664075	2022	1	1.0		2026-10-10
NCBITaxon:836	decreases_abundance_in	MESH:D003424	curated	A	35493739	2022	2	1.0		2026-10-10
NCBITaxon:836	decreases_abundance_in	MESH:D003731	curated	A	35686590	2022	1	1.0		2026-10-10
NCBITaxon:836	decreases_abundance_in	MESH:D003863	curated	A	36946910	2023	1	1.0		2026-10-10
NCBITaxon:836	decreases_abundance_in	MESH:D003924	curated	A	37025407	2023	1	1.0		2026-10-10
NCBITaxon:836	decreases_abundance_in	MESH:D008180	curated	A	36755319	2023	1	1.0		2026-10-10
NCBITaxon:836	decreases_abundance_in	MESH:D009203	curated	A	39447641|40253360	2024|2025	2	1.0		2026-10-10
NCBITaxon:836	decreases_abundance_in	MESH:D012516	curated	A	39055977	2024	2	1.0		2026-10-10
NCBITaxon:836	decreases_abundance_in	MESH:D017963	curated	A	28402408	2017	1	1.0		2026-10-10
NCBITaxon:836	increases_abundance_in	MESH:C563365	curated	A	28341746	2018	1	1.0		2026-10-10
NCBITaxon:836	increases_abundance_in	MESH:D002971	curated	A	38807164	2024	1	1.0		2026-10-10
NCBITaxon:836	increases_abundance_in	MESH:D004485	curated	A	27812181	2018	1	1.0		2026-10-10
NCBITaxon:836	increases_abundance_in	MESH:D009625	curated	A	41860897	2026	1	1.0		2026-10-10
NCBITaxon:836	increases_abundance_in	MESH:D010510	curated	A	37698410	2023	5	1.0		2026-10-10
NCBITaxon:836	increases_abundance_in	MESH:D010518	curated	A	35672515|36175166|37899378	2022|2023	3	1.0		2026-10-10
NCBITaxon:836	increases_abundance_in	MESH:D012859	curated	A	38079342	2023	1	1.0		2026-10-10
NCBITaxon:836	increases_abundance_in	MESH:D015179	curated	A	24316595|26992426|27171425|28600626|29687353	2013|2016|2017|2018	5	1.0		2026-10-10
NCBITaxon:836	increases_abundance_in	MESH:D065626	curated	A	29948900	2018	1	1.0		2026-10-10
NCBITaxon:83618	increases_abundance_in	MESH:D015179	curated	A	22622349	2012	1	1.0		2026-10-10
NCBITaxon:837	decreases_abundance_in	MESH:D000077195	curated	A	38589501	2024	1	1.0		2026-10-10
NCBITaxon:837	decreases_abundance_in	MESH:D003731	curated	A	35686590	2022	1	1.0		2026-10-10
NCBITaxon:837	decreases_abundance_in	MESH:D009203	curated	A	39447641	2024	1	1.0		2026-10-10
NCBITaxon:837	increases_abundance_in	MESH:D010300	curated	A	35057536	2022	1	1.0		2026-10-10
NCBITaxon:837	increases_abundance_in	MESH:D010510	curated	A	37698410	2023	3	1.0		2026-10-10
NCBITaxon:837	increases_abundance_in	MESH:D010518	curated	A	35672331|37899378|41303313|41923033	2022|2023|2025|2026	5	1.0		2026-10-10
NCBITaxon:837	increases_abundance_in	MESH:D016606	curated	A	36034695	2022	1	1.0		2026-10-10
NCBITaxon:83763	increases_abundance_in	MESH:D025241	curated	A	37117227	2023	1	1.0		2026-10-10
NCBITaxon:83766	increases_abundance_in	MESH:D003731	curated	A	41654739	2026	1	1.0		2026-10-10
NCBITaxon:83770	decreases_abundance_in	MESH:D017963	curated	A	28402408	2017	1	1.0		2026-10-10
NCBITaxon:83770	increases_abundance_in	MESH:D015179	curated	A	22622349	2012	1	1.0		2026-10-10
NCBITaxon:83770	increases_abundance_in	MESH:D015658	curated	A	39090139	2024	1	1.0		2026-10-10
NCBITaxon:83770	increases_abundance_in	MESH:D025241	curated	A	37117227	2023	1	1.0		2026-10-10
NCBITaxon:83770	increases_abundance_in	MESH:D065626	curated	A	29948900	2018	1	1.0		2026-10-10
NCBITaxon:838	decreases_abundance_in	MESH:D000077277	curated	A	41081109	2025	1	1.0		2026-10-10
NCBITaxon:838	decreases_abundance_in	MESH:D000544	curated	A	38535538	2024	1	1.0		2026-10-10
NCBITaxon:838	decreases_abundance_in	MESH:D001120	curated	A	35579969	2022	1	1.0		2026-10-10
NCBITaxon:838	decreases_abundance_in	MESH:D002532	curated	A	39415150	2024	2	1.0		2026-10-10
NCBITaxon:838	decreases_abundance_in	MESH:D003093	curated	A	29632427	2018	1	1.0		2026-10-10
NCBITaxon:838	decreases_abundance_in	MESH:D003424	curated	A	29335008	2018	1	1.0		2026-10-10
NCBITaxon:838	decreases_abundance_in	MESH:D003731	curated	A	41654739	2026	1	1.0		2026-10-10
NCBITaxon:838	decreases_abundance_in	MESH:D003876	curated	A	39523189	2024	1	1.0		2026-10-10
NCBITaxon:838	decreases_abundance_in	MESH:D003922	curated	A	24448554	2014	1	1.0		2026-10-10
NCBITaxon:838	decreases_abundance_in	MESH:D003924	curated	A	27151248|37025407	2018|2023	4	1.0		2026-10-10
NCBITaxon:838	decreases_abundance_in	MESH:D004485	curated	A	27812181	2018	1	1.0		2026-10-10
NCBITaxon:838	decreases_abundance_in	MESH:D006527	curated	A	30075590	2018	1	1.0		2026-10-10
NCBITaxon:838	decreases_abundance_in	MESH:D008010	curated	A	41419527	2025	1	1.0		2026-10-10
NCBITaxon:838	decreases_abundance_in	MESH:D009103	curated	A	27352007	2018	2	1.0		2026-10-10
NCBITaxon:838	decreases_abundance_in	MESH:D010300	curated	A	28429209	2017	1	1.0		2026-10-10
NCBITaxon:838	decreases_abundance_in	MESH:D013315	curated	A	35613108	2022	1	1.0		2026-10-10
NCBITaxon:838	decreases_abundance_in	MESH:D015431	curated	A	33341454	2021	1	1.0		2026-10-10
NCBITaxon:838	decreases_abundance_in	MESH:D015658	curated	A	28362071	2017	1	1.0		2026-10-10
NCBITaxon:838	decreases_abundance_in	MESH:D018256	curated	A	36703031	2023	1	1.0		2026-10-10
NCBITaxon:838	decreases_abundance_in	MESH:D045730	curated	A	32620337	2020	1	1.0		2026-10-10
NCBITaxon:838	decreases_abundance_in	MESH:D051436	curated	A	35348181	2022	1	1.0		2026-10-10
NCBITaxon:838	decreases_abundance_in	MESH:D065626	curated	A	23453736	2013	1	1.0		2026-10-10
NCBITaxon:838	increases_abundance_in	MESH:D000069279	curated	A	28970732	2017	1	1.0		2026-10-10
NCBITaxon:838	increases_abundance_in	MESH:D000077195	curated	A	36445134	2022	1	1.0		2026-10-10
NCBITaxon:838	increases_abundance_in	MESH:D000667	curated	A	35311555	2022	1	1.0		2026-10-10
NCBITaxon:838	increases_abundance_in	MESH:D001289	curated	A	30001426	2018	1	1.0		2026-10-10
NCBITaxon:838	increases_abundance_in	MESH:D003424	curated	A	22102318	2012	1	1.0		2026-10-10
NCBITaxon:838	increases_abundance_in	MESH:D003731	curated	A	37698410	2023	4	1.0		2026-10-10
NCBITaxon:838	increases_abundance_in	MESH:D003865	curated	A	27741466	2018	1	1.0		2026-10-10
NCBITaxon:838	increases_abundance_in	MESH:D003876	curated	A	39523189	2024	1	1.0		2026-10-10
NCBITaxon:838	increases_abundance_in	MESH:D003924	curated	A	27999002	2017	1	1.0		2026-10-10
NCBITaxon:838	increases_abundance_in	MESH:D008180	curated	A	36755319	2023	1	1.0		2026-10-10
NCBITaxon:838	increases_abundance_in	MESH:D008687	curated	A	27999002	2017	1	1.0		2026-10-10
NCBITaxon:838	increases_abundance_in	MESH:D009062	curated	A	35433507	2022	1	1.0		2026-10-10
NCBITaxon:838	increases_abundance_in	MESH:D009625	curated	A	41860897	2026	1	1.0		2026-10-10
NCBITaxon:838	increases_abundance_in	MESH:D009765	curated	A	26230509|40302925	2015|2025	2	1.0		2026-10-10
NCBITaxon:838	increases_abundance_in	MESH:D010510	curated	A	37698410	2023	10	1.0		2026-10-10
NCBITaxon:838	increases_abundance_in	MESH:D010518	curated	A	35672515|41053144	2022|2025	2	1.0		2026-10-10
NCBITaxon:838	increases_abundance_in	MESH:D010661	curated	A	27336782	2018	1	1.0		2026-10-10
NCBITaxon:838	increases_abundance_in	MESH:D012516	curated	A	39055977	2024	2	1.0		2026-10-10
NCBITaxon:838	increases_abundance_in	MESH:D012859	curated	A	38079342	2023	2	1.0		2026-10-10
NCBITaxon:838	increases_abundance_in	MESH:D015179	curated	A	28600626	2017	1	1.0		2026-10-10
NCBITaxon:838	increases_abundance_in	MESH:D015212	curated	A	27886121	2016	1	1.0		2026-10-10
NCBITaxon:838	increases_abundance_in	MESH:D016776	curated	A	27147260	2016	1	1.0		2026-10-10
NCBITaxon:838	increases_abundance_in	MESH:D018256	curated	A	36703031	2023	1	1.0		2026-10-10
NCBITaxon:838	increases_abundance_in	MESH:D018792	curated	A	35157224	2022	1	1.0		2026-10-10
NCBITaxon:838	increases_abundance_in	MESH:D023241	curated	A	28118207	2017	1	1.0		2026-10-10
NCBITaxon:840	increases_abundance_in	MESH:D005891	curated	A	38762482	2024	1	1.0		2026-10-10
NCBITaxon:84024	decreases_abundance_in	MESH:D003424	curated	A	26789999	2016	1	1.0		2026-10-10
NCBITaxon:84086	increases_abundance_in	MESH:D005690	curated	A	38825119	2024	1	1.0		2026-10-10
NCBITaxon:841	decreases_abundance_in	MESH:C536315	curated	A	27217061	2016	1	1.0		2026-10-10
NCBITaxon:841	decreases_abundance_in	MESH:D000073600	curated	A	32199523	2020	1	1.0		2026-10-10
NCBITaxon:841	decreases_abundance_in	MESH:D000368	curated	A	19703328	2010	1	1.0		2026-10-10
NCBITaxon:841	decreases_abundance_in	MESH:D001382	curated	A	30121305	2018	1	1.0		2026-10-10
NCBITaxon:841	decreases_abundance_in	MESH:D003092	curated	A	30384844	2018	1	1.0		2026-10-10
NCBITaxon:841	decreases_abundance_in	MESH:D003248	curated	A	30785176	2019	1	1.0		2026-10-10
NCBITaxon:841	decreases_abundance_in	MESH:D003424	curated	A	26789999	2016	1	1.0		2026-10-10
NCBITaxon:841	decreases_abundance_in	MESH:D003865	curated	A	33421868	2021	1	1.0		2026-10-10
NCBITaxon:841	decreases_abundance_in	MESH:D003876	curated	A	42036885	2026	1	1.0		2026-10-10
NCBITaxon:841	decreases_abundance_in	MESH:D003924	curated	A	27151248|37025407	2018|2023	2	1.0		2026-10-10
NCBITaxon:841	decreases_abundance_in	MESH:D004403	curated	A	28767339	2018	1	1.0		2026-10-10
NCBITaxon:841	decreases_abundance_in	MESH:D006527	curated	A	30075590	2018	1	1.0		2026-10-10
NCBITaxon:841	decreases_abundance_in	MESH:D007597	curated	A	30121305	2018	1	1.0		2026-10-10
NCBITaxon:841	decreases_abundance_in	MESH:D009203	curated	A	40253360	2025	1	1.0		2026-10-10
NCBITaxon:841	decreases_abundance_in	MESH:D009549	curated	A	30121305	2018	1	1.0		2026-10-10
NCBITaxon:841	decreases_abundance_in	MESH:D009765	curated	A	35664075	2022	1	1.0		2026-10-10
NCBITaxon:841	decreases_abundance_in	MESH:D010300	curated	A	32557853	2020	1	1.0		2026-10-10
NCBITaxon:841	decreases_abundance_in	MESH:D011695	curated	A	29525681	2018	1	1.0		2026-10-10
NCBITaxon:841	decreases_abundance_in	MESH:D013119	curated	A	26752409	2016	2	1.0		2026-10-10
NCBITaxon:841	decreases_abundance_in	MESH:D013397	curated	A	30121305	2018	1	1.0		2026-10-10
NCBITaxon:841	decreases_abundance_in	MESH:D015658	curated	A	27048741	2018	1	1.0		2026-10-10
NCBITaxon:841	decreases_abundance_in	MESH:D054198	curated	A	27527070	2018	1	1.0		2026-10-10
NCBITaxon:841	increases_abundance_in	MESH:D003562	curated	A	36904146	2023	1	1.0		2026-10-10
NCBITaxon:841	increases_abundance_in	MESH:D003928	curated	A	38346799	2024	1	1.0		2026-10-10
NCBITaxon:841	increases_abundance_in	MESH:D004485	curated	A	27812181	2018	1	1.0		2026-10-10
NCBITaxon:841	increases_abundance_in	MESH:D015179	curated	A	26992426	2017	1	1.0		2026-10-10
NCBITaxon:841	increases_abundance_in	MESH:D015525	curated	A	28951525	2017	1	1.0		2026-10-10
NCBITaxon:841	increases_abundance_in	MESH:D016640	curated	A	39059479	2024	1	1.0		2026-10-10
NCBITaxon:841	increases_abundance_in	MESH:D065626	curated	A	23453736	2013	1	1.0		2026-10-10
NCBITaxon:84107	decreases_abundance_in	MESH:D000073932	curated	A	38926079	2024	1	1.0		2026-10-10
NCBITaxon:84107	decreases_abundance_in	MESH:D003092	curated	A	29766049	2018	1	1.0		2026-10-10
NCBITaxon:84107	decreases_abundance_in	MESH:D046728	curated	A	30324555	2018	1	1.0		2026-10-10
NCBITaxon:84107	increases_abundance_in	MESH:D003876	curated	A	39523189	2024	1	1.0		2026-10-10
NCBITaxon:84107	increases_abundance_in	MESH:D003924	curated	A	37025407	2023	1	1.0		2026-10-10
NCBITaxon:84107	increases_abundance_in	MESH:D009369	curated	A	27384052	2016	1	1.0		2026-10-10
NCBITaxon:84107	increases_abundance_in	MESH:D010518	curated	A	35732628	2022	1	1.0		2026-10-10
NCBITaxon:84107	increases_abundance_in	MESH:D015658	curated	A	28362071	2017	1	1.0		2026-10-10
NCBITaxon:84108	decreases_abundance_in	MESH:D009103	curated	A	27352007	2018	1	1.0		2026-10-10
NCBITaxon:84108	increases_abundance_in	MESH:D009007	curated	A	37899472	2023	1	1.0		2026-10-10
NCBITaxon:84108	increases_abundance_in	MESH:D017963	curated	A	28402408	2017	1	1.0		2026-10-10
NCBITaxon:84108	increases_abundance_in	MESH:D065626	curated	A	29948900	2018	1	1.0		2026-10-10
NCBITaxon:84109	increases_abundance_in	MESH:C535916	curated	A	38637854	2024	1	1.0		2026-10-10
NCBITaxon:84111	increases_abundance_in	MESH:D003093	curated	A	29632427	2018	1	1.0		2026-10-10
NCBITaxon:84111	increases_abundance_in	MESH:D003924	curated	A	39257903	2024	1	1.0		2026-10-10
NCBITaxon:84111	increases_abundance_in	MESH:D015658	curated	A	28362071|39090139	2017|2024	2	1.0		2026-10-10
NCBITaxon:84112	decreases_abundance_in	MESH:D015673	curated	A	27338587	2018	1	1.0		2026-10-10
NCBITaxon:84112	increases_abundance_in	MESH:D010661	curated	A	39599702	2024	1	1.0		2026-10-10
NCBITaxon:84162	increases_abundance_in	MESH:D009967	curated	A	39709380	2024	1	1.0		2026-10-10
NCBITaxon:84566	decreases_abundance_in	MESH:D000081029	curated	A	29946072	2018	1	1.0		2026-10-10
NCBITaxon:84567	decreases_abundance_in	MESH:D019936	curated	A	26238090	2015	1	1.0		2026-10-10
NCBITaxon:84567	increases_abundance_in	MESH:D018792	curated	A	35157224	2022	1	1.0		2026-10-10
NCBITaxon:846	decreases_abundance_in	MESH:D000152	curated	A	29756631	2018	1	1.0		2026-10-10
NCBITaxon:846	decreases_abundance_in	MESH:D003093	curated	A	29632427	2018	1	1.0		2026-10-10
NCBITaxon:846	increases_abundance_in	MESH:D015179	curated	A	29687353	2018	1	1.0		2026-10-10
NCBITaxon:84642	increases_abundance_in	MESH:D008103	curated	A	37483387	2023	1	1.0		2026-10-10
NCBITaxon:84642	increases_abundance_in	MESH:D009355	curated	A	35311555	2022	1	1.0		2026-10-10
NCBITaxon:848	decreases_abundance_in	MESH:D001007	curated	A	36946910	2023	1	1.0		2026-10-10
NCBITaxon:848	decreases_abundance_in	MESH:D003424	curated	A	35493739	2022	2	1.0		2026-10-10
NCBITaxon:848	decreases_abundance_in	MESH:D003731	curated	A	39707459|41654739	2024|2026	2	1.0		2026-10-10
NCBITaxon:848	decreases_abundance_in	MESH:D003863	curated	A	36946910	2023	1	1.0		2026-10-10
NCBITaxon:848	decreases_abundance_in	MESH:D006232	curated	A	39574007	2024	1	1.0		2026-10-10
NCBITaxon:848	decreases_abundance_in	MESH:D008694	curated	A	38112416	2023	1	1.0		2026-10-10
NCBITaxon:848	decreases_abundance_in	MESH:D009203	curated	A	40253360	2025	1	1.0		2026-10-10
NCBITaxon:848	decreases_abundance_in	MESH:D010510	curated	A	37698410	2023	2	1.0		2026-10-10
NCBITaxon:848	decreases_abundance_in	MESH:D015209	curated	A	29969462	2018	1	1.0		2026-10-10
NCBITaxon:848	decreases_abundance_in	MESH:D017963	curated	A	28402408	2017	1	1.0		2026-10-10
NCBITaxon:848	decreases_abundance_in	MESH:D019693	curated	A	29969462	2018	1	1.0		2026-10-10
NCBITaxon:848	increases_abundance_in	MESH:D000077195	curated	A	36445134|38589501	2022|2024	2	1.0		2026-10-10
NCBITaxon:848	increases_abundance_in	MESH:D000236	curated	A	28582482	2017	2	1.0		2026-10-10
NCBITaxon:848	increases_abundance_in	MESH:D003731	curated	A	39661115	2024	2	1.0		2026-10-10
NCBITaxon:848	increases_abundance_in	MESH:D003876	curated	A	39523189	2024	1	1.0		2026-10-10
NCBITaxon:848	increases_abundance_in	MESH:D004403	curated	A	28767339	2018	1	1.0		2026-10-10
NCBITaxon:848	increases_abundance_in	MESH:D009007	curated	A	37899472	2023	1	1.0		2026-10-10
NCBITaxon:848	increases_abundance_in	MESH:D009062	curated	A	37542310	2023	1	1.0		2026-10-10
NCBITaxon:848	increases_abundance_in	MESH:D009625	curated	A	41860897	2026	1	1.0		2026-10-10
NCBITaxon:848	increases_abundance_in	MESH:D009765	curated	A	29280312	2018	1	1.0		2026-10-10
NCBITaxon:848	increases_abundance_in	MESH:D010518	curated	A	36175166|37899378	2022|2023	2	1.0		2026-10-10
NCBITaxon:848	increases_abundance_in	MESH:D012859	curated	A	38079342	2023	1	1.0		2026-10-10
NCBITaxon:848	increases_abundance_in	MESH:D015179	curated	A	24316595|26992426|27171425|28582482|28600626|29687353	2013|2016|2017|2018	6	1.0		2026-10-10
NCBITaxon:848	increases_abundance_in	MESH:D015209	curated	A	27207975	2016	1	1.0		2026-10-10
NCBITaxon:848	increases_abundance_in	MESH:D019936	curated	A	26238090	2015	1	1.0		2026-10-10
NCBITaxon:84992	increases_abundance_in	MESH:D003863	curated	A	36946910	2023	1	1.0		2026-10-10
NCBITaxon:84996	increases_abundance_in	MESH:D015179	curated	A	22622349	2012	1	1.0		2026-10-10
NCBITaxon:84998	decreases_abundance_in	MESH:D003093	curated	A	22170749	2011	1	1.0		2026-10-10
NCBITaxon:84998	increases_abundance_in	MESH:D000077277	curated	A	36222897	2022	1	1.0		2026-10-10
NCBITaxon:84998	increases_abundance_in	MESH:D003113	curated	A	27015015	2018	1	1.0		2026-10-10
NCBITaxon:84998	increases_abundance_in	MESH:D003924	curated	A	37025407	2023	1	1.0		2026-10-10
NCBITaxon:84999	decreases_abundance_in	MESH:D000856	curated	A	26428446	2015	1	1.0		2026-10-10
NCBITaxon:84999	decreases_abundance_in	MESH:D003865	curated	A	33421868	2021	1	1.0		2026-10-10
NCBITaxon:84999	increases_abundance_in	MESH:D000077277	curated	A	36222897	2022	1	1.0		2026-10-10
NCBITaxon:84999	increases_abundance_in	MESH:D000856	curated	A	26428446	2015	1	1.0		2026-10-10
NCBITaxon:84999	increases_abundance_in	MESH:D003924	curated	A	37025407	2023	1	1.0		2026-10-10
NCBITaxon:84999	increases_abundance_in	MESH:D010518	curated	A	35732628	2022	1	1.0		2026-10-10
NCBITaxon:84999	increases_abundance_in	MESH:D015658	curated	A	28362071	2017	1	1.0		2026-10-10
NCBITaxon:850	increases_abundance_in	MESH:D004403	curated	A	28767339	2018	1	1.0		2026-10-10
NCBITaxon:85004	decreases_abundance_in	MESH:D011565	curated	A	39117753	2024	1	1.0		2026-10-10
NCBITaxon:85004	increases_abundance_in	MESH:D001007	curated	A	36946910	2023	1	1.0		2026-10-10
NCBITaxon:85004	increases_abundance_in	MESH:D003863	curated	A	36946910	2023	1	1.0		2026-10-10
NCBITaxon:85004	increases_abundance_in	MESH:D003924	curated	A	37025407	2023	1	1.0		2026-10-10
NCBITaxon:85006	decreases_abundance_in	MESH:D003922	curated	A	27231166	2016	1	1.0		2026-10-10
NCBITaxon:85006	increases_abundance_in	MESH:D003731	curated	A	35686590	2022	1	1.0		2026-10-10
NCBITaxon:85006	increases_abundance_in	MESH:D009007	curated	A	37899472	2023	1	1.0		2026-10-10
NCBITaxon:85006	increases_abundance_in	MESH:D015179	curated	A	22622349	2012	1	1.0		2026-10-10
NCBITaxon:85007	increases_abundance_in	MESH:D011565	curated	A	39117753	2024	1	1.0		2026-10-10
NCBITaxon:85017	increases_abundance_in	MESH:D000067877	curated	A	31026579	2019	1	1.0		2026-10-10
NCBITaxon:85025	increases_abundance_in	MESH:D012149	curated	A	38763328	2024	1	1.0		2026-10-10
NCBITaxon:851	decreases_abundance_in	MESH:D010842	curated	A	42102024	2026	1	1.0		2026-10-10
NCBITaxon:851	increases_abundance_in	MESH:D000077195	curated	A	38589501	2024	1	1.0		2026-10-10
NCBITaxon:851	increases_abundance_in	MESH:D003093	curated	A	28039159	2017	1	1.0		2026-10-10
NCBITaxon:851	increases_abundance_in	MESH:D003731	curated	A	39661115	2024	1	1.0		2026-10-10
NCBITaxon:851	increases_abundance_in	MESH:D005891	curated	A	38762482	2024	1	1.0		2026-10-10
NCBITaxon:851	increases_abundance_in	MESH:D010518	curated	A	35672331|41303313	2022|2025	2	1.0		2026-10-10
NCBITaxon:851	increases_abundance_in	MESH:D015179	curated	A	28582482	2017	1	1.0		2026-10-10
NCBITaxon:851	increases_abundance_in	MESH:D043183	curated	A	39243395	2024	1	1.0		2026-10-10
NCBITaxon:853	decreases_abundance_in	MESH:D003093	curated	A	26296733|27833384|28039159	2015|2017|2018	3	1.0		2026-10-10
NCBITaxon:853	decreases_abundance_in	MESH:D003424	curated	A	19235886|21910165|22102318|24478468|26296733	2009|2011|2012|2014|2015	6	1.0		2026-10-10
NCBITaxon:853	decreases_abundance_in	MESH:D003550	curated	A	29232848	2017	1	1.0		2026-10-10
NCBITaxon:853	decreases_abundance_in	MESH:D008180	curated	A	39511594	2024	1	1.0		2026-10-10
NCBITaxon:853	decreases_abundance_in	MESH:D009765	curated	A	27007700	2017	1	1.0		2026-10-10
NCBITaxon:853	decreases_abundance_in	MESH:D010300	curated	A	40420833	2025	1	1.0		2026-10-10
NCBITaxon:853	decreases_abundance_in	MESH:D010661	curated	A	39599702	2024	1	1.0		2026-10-10
NCBITaxon:853	decreases_abundance_in	MESH:D014676	curated	A	32987642	2020	1	1.0		2026-10-10
NCBITaxon:853	decreases_abundance_in	MESH:D015658	curated	A	28362071	2017	1	1.0		2026-10-10
NCBITaxon:853	decreases_abundance_in	MESH:D015673	curated	A	27338587	2018	1	1.0		2026-10-10
NCBITaxon:853	decreases_abundance_in	MESH:D019694	curated	A	21286703	2011	1	1.0		2026-10-10
NCBITaxon:853	decreases_abundance_in	MESH:D043183	curated	A	39243395	2024	1	1.0		2026-10-10
NCBITaxon:853	decreases_abundance_in	MESH:D058345	curated	A	21286703	2011	1	1.0		2026-10-10
NCBITaxon:853	increases_abundance_in	MESH:D003093	curated	A	17265126	2007	1	1.0		2026-10-10
NCBITaxon:853	increases_abundance_in	MESH:D003876	curated	A	26431583	2016	1	1.0		2026-10-10
NCBITaxon:853	increases_abundance_in	MESH:D004485	curated	A	27812181	2018	1	1.0		2026-10-10
NCBITaxon:853	increases_abundance_in	MESH:D009765	curated	A	19849869|24292154	2010|2014	2	1.0		2026-10-10
NCBITaxon:85404	decreases_abundance_in	MESH:D003731	curated	A	35686590	2022	1	1.0		2026-10-10
NCBITaxon:856	increases_abundance_in	MESH:D043183	curated	A	39243395	2024	1	1.0		2026-10-10
NCBITaxon:85831	decreases_abundance_in	MESH:D059305	curated	A	33210367	2021	1	1.0		2026-10-10
NCBITaxon:85831	increases_abundance_in	MESH:D003731	curated	A	39661115	2024	1	1.0		2026-10-10
NCBITaxon:85831	increases_abundance_in	MESH:D008107	curated	A	27036035	2016	1	1.0		2026-10-10
NCBITaxon:860	decreases_abundance_in	MESH:D003731	curated	A	37698410	2023	2	1.0		2026-10-10
NCBITaxon:860	decreases_abundance_in	MESH:D010510	curated	A	37698410	2023	1	1.0		2026-10-10
NCBITaxon:860	increases_abundance_in	MESH:D009203	curated	A	39447641	2024	1	1.0		2026-10-10
NCBITaxon:860	increases_abundance_in	MESH:D043183	curated	A	39243395	2024	1	1.0		2026-10-10
NCBITaxon:86331	decreases_abundance_in	MESH:D015658	curated	A	39090139	2024	1	1.0		2026-10-10
NCBITaxon:86331	decreases_abundance_in	MESH:D017963	curated	A	28402408	2017	1	1.0		2026-10-10
NCBITaxon:86331	decreases_abundance_in	MESH:D051436	curated	A	35348181	2022	1	1.0		2026-10-10
NCBITaxon:868	decreases_abundance_in	MESH:D006232	curated	A	39574007	2024	1	1.0		2026-10-10
NCBITaxon:868	decreases_abundance_in	MESH:D012893	curated	A	36946910	2023	1	1.0		2026-10-10
NCBITaxon:871665	decreases_abundance_in	MESH:D003424	curated	A	26789999	2016	1	1.0		2026-10-10
NCBITaxon:871665	increases_abundance_in	MESH:D012210	curated	A	38926079	2024	1	1.0		2026-10-10
NCBITaxon:872	decreases_abundance_in	MESH:D003093	curated	A	29632427	2018	1	1.0		2026-10-10
NCBITaxon:872	decreases_abundance_in	MESH:D003424	curated	A	29335008	2018	1	1.0		2026-10-10
NCBITaxon:872	decreases_abundance_in	MESH:D017963	curated	A	28402408	2017	1	1.0		2026-10-10
NCBITaxon:872	increases_abundance_in	MESH:D001943	curated	A	36600299	2023	1	1.0		2026-10-10
NCBITaxon:872	increases_abundance_in	MESH:D003248	curated	A	30669509	2019	1	1.0		2026-10-10
NCBITaxon:872	increases_abundance_in	MESH:D003928	curated	A	38346799	2024	1	1.0		2026-10-10
NCBITaxon:872	increases_abundance_in	MESH:D004485	curated	A	27812181	2018	1	1.0		2026-10-10
NCBITaxon:872	increases_abundance_in	MESH:D004761	curated	A	30211217	2018	1	1.0		2026-10-10
NCBITaxon:872	increases_abundance_in	MESH:D005690	curated	A	38825119	2024	1	1.0		2026-10-10
NCBITaxon:872	increases_abundance_in	MESH:D009103	curated	A	27176462	2016	1	1.0		2026-10-10
NCBITaxon:872	increases_abundance_in	MESH:D015658	curated	A	28362071	2017	1	1.0		2026-10-10
NCBITaxon:872	increases_abundance_in	MESH:D023921	curated	A	38111089	2024	1	1.0		2026-10-10
NCBITaxon:877406	increases_abundance_in	MESH:D015658	curated	A	39090139	2024	1	1.0		2026-10-10
NCBITaxon:877420	increases_abundance_in	MESH:D003562	curated	A	36904146	2023	1	1.0		2026-10-10
NCBITaxon:877420	increases_abundance_in	MESH:D003731	curated	A	39661115	2024	1	1.0		2026-10-10
NCBITaxon:877420	increases_abundance_in	MESH:D014529	curated	A	36904146	2023	1	1.0		2026-10-10
NCBITaxon:879243	increases_abundance_in	MESH:C563365	curated	A	28341746	2018	1	1.0		2026-10-10
NCBITaxon:88431	decreases_abundance_in	MESH:D000079424	curated	A	31326413	2019	1	1.0		2026-10-10
NCBITaxon:88431	decreases_abundance_in	MESH:D010300	curated	A	28429209	2017	1	1.0		2026-10-10
NCBITaxon:88431	increases_abundance_in	MESH:D006635	curated	A	38050061	2024	1	1.0		2026-10-10
NCBITaxon:885	increases_abundance_in	MESH:D008107	curated	A	27036035	2016	1	1.0		2026-10-10
NCBITaxon:89153	increases_abundance_in	MESH:D043183	curated	A	39243395	2024	1	1.0		2026-10-10
NCBITaxon:893	increases_abundance_in	MESH:D003731	curated	A	41534871	2026	1	1.0		2026-10-10
NCBITaxon:893	increases_abundance_in	MESH:D003876	curated	A	39523189	2024	1	1.0		2026-10-10
NCBITaxon:893	increases_abundance_in	MESH:D009062	curated	A	41534871	2026	1	1.0		2026-10-10
NCBITaxon:893	increases_abundance_in	MESH:D010510	curated	A	37698410	2023	2	1.0		2026-10-10
NCBITaxon:893	increases_abundance_in	MESH:D010518	curated	A	41534871	2026	1	1.0		2026-10-10
NCBITaxon:893	increases_abundance_in	MESH:D012859	curated	A	38079342	2023	1	1.0		2026-10-10
NCBITaxon:89374	decreases_abundance_in	MESH:D000081029	curated	A	29946072	2018	1	1.0		2026-10-10
NCBITaxon:89374	increases_abundance_in	MESH:D009369	curated	A	27384052	2016	1	1.0		2026-10-10
NCBITaxon:901	decreases_abundance_in	MESH:D006635	curated	A	38050061	2024	1	1.0		2026-10-10
NCBITaxon:90141	decreases_abundance_in	MESH:D012516	curated	A	39055977	2024	1	1.0		2026-10-10
NCBITaxon:904	decreases_abundance_in	MESH:D001172	curated	A	34721377	2021	1	1.0		2026-10-10
NCBITaxon:904	decreases_abundance_in	MESH:D003248	curated	A	29340896	2018	1	1.0		2026-10-10
NCBITaxon:904	decreases_abundance_in	MESH:D003922	curated	A	24448554|27231166	2014|2016	2	1.0		2026-10-10
NCBITaxon:904	decreases_abundance_in	MESH:D004485	curated	A	27812181	2018	1	1.0		2026-10-10
NCBITaxon:904	decreases_abundance_in	MESH:D010661	curated	A	39599702	2024	1	1.0		2026-10-10
NCBITaxon:904	increases_abundance_in	MESH:D003924	curated	A	39257903	2024	1	1.0		2026-10-10
NCBITaxon:906	decreases_abundance_in	MESH:D000077195	curated	A	38589501	2024	1	1.0		2026-10-10
NCBITaxon:906	decreases_abundance_in	MESH:D001172	curated	A	34721377	2021	1	1.0		2026-10-10
NCBITaxon:906	decreases_abundance_in	MESH:D002532	curated	A	39415150	2024	1	1.0		2026-10-10
NCBITaxon:906	decreases_abundance_in	MESH:D003093	curated	A	27604252	2018	1	1.0		2026-10-10
NCBITaxon:906	decreases_abundance_in	MESH:D003248	curated	A	29340896	2018	1	1.0		2026-10-10
NCBITaxon:906	decreases_abundance_in	MESH:D004485	curated	A	27812181	2018	1	1.0		2026-10-10
NCBITaxon:906	decreases_abundance_in	MESH:D005221	curated	A	28083922	2017	1	1.0		2026-10-10
NCBITaxon:906	decreases_abundance_in	MESH:D008694	curated	A	38112416	2023	1	1.0		2026-10-10
NCBITaxon:906	decreases_abundance_in	MESH:D010190	curated	A	39256134	2024	1	1.0		2026-10-10
NCBITaxon:906	decreases_abundance_in	MESH:D010518	curated	A	35732628	2022	1	1.0		2026-10-10
NCBITaxon:906	decreases_abundance_in	MESH:D017963	curated	A	28402408	2017	1	1.0		2026-10-10
NCBITaxon:906	increases_abundance_in	MESH:D000067877	curated	A	29564487	2018	1	1.0		2026-10-10
NCBITaxon:906	increases_abundance_in	MESH:D000077277	curated	A	36222897	2022	1	1.0		2026-10-10
NCBITaxon:906	increases_abundance_in	MESH:D003731	curated	A	41654739	2026	1	1.0		2026-10-10
NCBITaxon:906	increases_abundance_in	MESH:D003924	curated	A	39257903	2024	1	1.0		2026-10-10
NCBITaxon:906	increases_abundance_in	MESH:D006232	curated	A	39574007	2024	1	1.0		2026-10-10
NCBITaxon:906	increases_abundance_in	MESH:D008180	curated	A	36755319	2023	1	1.0		2026-10-10
NCBITaxon:906	increases_abundance_in	MESH:D008687	curated	A	27999002	2017	1	1.0		2026-10-10
NCBITaxon:906	increases_abundance_in	MESH:D009967	curated	A	39709380	2024	1	1.0		2026-10-10
NCBITaxon:906	increases_abundance_in	MESH:D013964	curated	A	36034695	2022	1	1.0		2026-10-10
NCBITaxon:906	increases_abundance_in	MESH:D015658	curated	A	39090139	2024	1	1.0		2026-10-10
NCBITaxon:90964	decreases_abundance_in	MESH:D010518	curated	A	35732628	2022	1	1.0		2026-10-10
NCBITaxon:90964	increases_abundance_in	MESH:D059305	curated	A	33210367	2021	1	1.0		2026-10-10
NCBITaxon:909656	decreases_abundance_in	MESH:D000077195	curated	A	38589501	2024	1	1.0		2026-10-10
NCBITaxon:909928	decreases_abundance_in	MESH:D017963	curated	A	28402408	2017	1	1.0		2026-10-10
NCBITaxon:909929	decreases_abundance_in	MESH:D003731	curated	A	39661115	2024	1	1.0		2026-10-10
NCBITaxon:909929	decreases_abundance_in	MESH:D010518	curated	A	35732628	2022	1	1.0		2026-10-10
NCBITaxon:909929	increases_abundance_in	MESH:D000077277	curated	A	36222897	2022	1	1.0		2026-10-10
NCBITaxon:909929	increases_abundance_in	MESH:D015658	curated	A	28362071	2017	1	1.0		2026-10-10
NCBITaxon:909930	decreases_abundance_in	MESH:D000544	curated	A	36093178	2022	1	1.0		2026-10-10
NCBITaxon:909930	decreases_abundance_in	MESH:D018120	curated	A	32951160	2021	1	1.0		2026-10-10
NCBITaxon:909932	decreases_abundance_in	MESH:D003731	curated	A	39661115	2024	1	1.0		2026-10-10
NCBITaxon:909932	decreases_abundance_in	MESH:D010518	curated	A	35732628	2022	1	1.0		2026-10-10
NCBITaxon:909932	decreases_abundance_in	MESH:D020345	curated	A	26969089	2016	2	1.0		2026-10-10
NCBITaxon:909932	increases_abundance_in	MESH:D000077277	curated	A	36222897	2022	1	1.0		2026-10-10
NCBITaxon:909932	increases_abundance_in	MESH:D003924	curated	A	39257903	2024	1	1.0		2026-10-10
NCBITaxon:91061	decreases_abundance_in	MESH:D000856	curated	A	26428446	2015	1	1.0		2026-10-10
NCBITaxon:91061	decreases_abundance_in	MESH:D003928	curated	A	38346799	2024	1	1.0		2026-10-10
NCBITaxon:91061	decreases_abundance_in	MESH:D011565	curated	A	39117753	2024	1	1.0		2026-10-10
NCBITaxon:91061	decreases_abundance_in	MESH:D016776	curated	A	27147260	2016	1	1.0		2026-10-10
NCBITaxon:91061	decreases_abundance_in	MESH:D016925	curated	A	38934644	2024	1	1.0		2026-10-10
NCBITaxon:91061	increases_abundance_in	MESH:D003093	curated	A	22170749	2011	1	1.0		2026-10-10
NCBITaxon:91061	increases_abundance_in	MESH:D003731	curated	A	35686590	2022	1	1.0		2026-10-10
NCBITaxon:91061	increases_abundance_in	MESH:D003924	curated	A	37025407	2023	2	1.0		2026-10-10
NCBITaxon:91061	increases_abundance_in	MESH:D008103	curated	A	37483387	2023	1	1.0		2026-10-10
NCBITaxon:91061	increases_abundance_in	MESH:D009007	curated	A	37899472	2023	1	1.0		2026-10-10
NCBITaxon:91061	increases_abundance_in	MESH:D010661	curated	A	39599702	2024	2	1.0		2026-10-10
NCBITaxon:91061	increases_abundance_in	MESH:D014212	curated	A	36590585	2022	1	1.0		2026-10-10
NCBITaxon:91347	decreases_abundance_in	MESH:D002532	curated	A	39415150	2024	2	1.0		2026-10-10
NCBITaxon:91347	decreases_abundance_in	MESH:D002583	curated	A	39289617	2024	1	1.0		2026-10-10
NCBITaxon:91347	decreases_abundance_in	MESH:D013964	curated	A	36034695	2022	1	1.0		2026-10-10
NCBITaxon:91347	decreases_abundance_in	MESH:D016606	curated	A	36034695	2022	1	1.0		2026-10-10
NCBITaxon:91347	increases_abundance_in	MESH:D003924	curated	A	37025407	2023	1	1.0		2026-10-10
NCBITaxon:91347	increases_abundance_in	MESH:D009007	curated	A	37899472	2023	1	1.0		2026-10-10
NCBITaxon:91347	increases_abundance_in	MESH:D010518	curated	A	35732628	2022	1	1.0		2026-10-10
NCBITaxon:91347	increases_abundance_in	MESH:D016925	curated	A	38934644	2024	1	1.0		2026-10-10
NCBITaxon:91347	increases_abundance_in	MESH:D025241	curated	A	37117227	2023	1	1.0		2026-10-10
NCBITaxon:91347	increases_abundance_in	MESH:D046290	curated	A	29637226	2018	1	1.0		2026-10-10
NCBITaxon:91994	decreases_abundance_in	MESH:D003731	curated	A	37571254	2023	1	1.0		2026-10-10
NCBITaxon:92793	increases_abundance_in	MESH:D015179	curated	A	22622349	2012	1	1.0		2026-10-10
NCBITaxon:93681	decreases_abundance_in	MESH:D008103	curated	A	37483387	2023	1	1.0		2026-10-10
NCBITaxon:94008	decreases_abundance_in	MESH:D017963	curated	A	28402408	2017	1	1.0		2026-10-10
NCBITaxon:946234	decreases_abundance_in	MESH:D003093	curated	A	27604252	2018	1	1.0		2026-10-10
NCBITaxon:946234	increases_abundance_in	MESH:D000544	curated	A	38535538	2024	1	1.0		2026-10-10
NCBITaxon:946234	increases_abundance_in	MESH:D004485	curated	A	27812181	2018	1	1.0		2026-10-10
NCBITaxon:946234	increases_abundance_in	MESH:D015658	curated	A	39090139	2024	1	1.0		2026-10-10
NCBITaxon:95486	decreases_abundance_in	MESH:D003731	curated	A	39661115	2024	1	1.0		2026-10-10
NCBITaxon:95818	decreases_abundance_in	MESH:D046290	curated	A	29637226	2018	1	1.0		2026-10-10
NCBITaxon:95818	increases_abundance_in	MESH:C563924	curated	A	27194068	2016	1	1.0		2026-10-10
NCBITaxon:95818	increases_abundance_in	MESH:D010518	curated	A	35732628|37899378	2022|2023	2	1.0		2026-10-10
NCBITaxon:970	decreases_abundance_in	MESH:D006232	curated	A	39574007	2024	1	1.0		2026-10-10
NCBITaxon:970	decreases_abundance_in	MESH:D012859	curated	A	38079342	2023	1	1.0		2026-10-10
NCBITaxon:970	decreases_abundance_in	MESH:D015658	curated	A	39090139	2024	1	1.0		2026-10-10
NCBITaxon:970	decreases_abundance_in	MESH:D017963	curated	A	28402408	2017	1	1.0		2026-10-10
NCBITaxon:970	increases_abundance_in	MESH:D000077277	curated	A	36222897	2022	1	1.0		2026-10-10
NCBITaxon:970	increases_abundance_in	MESH:D003731	curated	A	37698410	2023	4	1.0		2026-10-10
NCBITaxon:970	increases_abundance_in	MESH:D003876	curated	A	39523189	2024	1	1.0		2026-10-10
NCBITaxon:970	increases_abundance_in	MESH:D008180	curated	A	36755319	2023	1	1.0		2026-10-10
NCBITaxon:970	increases_abundance_in	MESH:D009062	curated	A	35433507	2022	1	1.0		2026-10-10
NCBITaxon:970	increases_abundance_in	MESH:D009625	curated	A	41860897	2026	1	1.0		2026-10-10
NCBITaxon:970	increases_abundance_in	MESH:D010510	curated	A	37698410	2023	7	1.0		2026-10-10
NCBITaxon:970	increases_abundance_in	MESH:D012516	curated	A	39055977	2024	1	1.0		2026-10-10
NCBITaxon:970	increases_abundance_in	MESH:D015179	curated	A	29687353	2018	1	1.0		2026-10-10
NCBITaxon:97478	increases_abundance_in	MESH:D010300	curated	A	28429209	2017	1	1.0		2026-10-10
NCBITaxon:976	decreases_abundance_in	MESH:D000081029	curated	A	29946072	2018	1	1.0		2026-10-10
NCBITaxon:976	decreases_abundance_in	MESH:D000083023	curated	A	27863401	2016	1	1.0		2026-10-10
NCBITaxon:976	decreases_abundance_in	MESH:D002353	curated	A	25817005	2015	1	1.0		2026-10-10
NCBITaxon:976	decreases_abundance_in	MESH:D003015	curated	A	25817005|25824219	2015	2	1.0		2026-10-10
NCBITaxon:976	decreases_abundance_in	MESH:D003093	curated	A	29632427	2018	1	1.0		2026-10-10
NCBITaxon:976	decreases_abundance_in	MESH:D003248	curated	A	29340896	2018	1	1.0		2026-10-10
NCBITaxon:976	decreases_abundance_in	MESH:D003424	curated	A	26789999|29632427	2016|2018	2	1.0		2026-10-10
NCBITaxon:976	decreases_abundance_in	MESH:D003550	curated	A	31992345	2020	1	1.0		2026-10-10
NCBITaxon:976	decreases_abundance_in	MESH:D003731	curated	A	35686590|41654739	2022|2026	2	1.0		2026-10-10
NCBITaxon:976	decreases_abundance_in	MESH:D003863	curated	A	29697017	2019	1	1.0		2026-10-10
NCBITaxon:976	decreases_abundance_in	MESH:D003865	curated	A	27741466	2018	1	1.0		2026-10-10
NCBITaxon:976	decreases_abundance_in	MESH:D003876	curated	A	22153774	2012	1	1.0		2026-10-10
NCBITaxon:976	decreases_abundance_in	MESH:D003924	curated	A	27396408|28782784|30569533|37025407	2016|2017|2019|2023	5	1.0		2026-10-10
NCBITaxon:976	decreases_abundance_in	MESH:D003928	curated	A	38346799	2024	1	1.0		2026-10-10
NCBITaxon:976	decreases_abundance_in	MESH:D004761	curated	A	30211217	2018	1	1.0		2026-10-10
NCBITaxon:976	decreases_abundance_in	MESH:D009765	curated	A	23804561|29787870	2014|2018	2	1.0		2026-10-10
NCBITaxon:976	decreases_abundance_in	MESH:D010195	curated	A	30519748	2019	1	1.0		2026-10-10
NCBITaxon:976	decreases_abundance_in	MESH:D014302	curated	A	38612971	2024	1	1.0		2026-10-10
NCBITaxon:976	decreases_abundance_in	MESH:D015658	curated	A	27048741	2018	1	1.0		2026-10-10
NCBITaxon:976	decreases_abundance_in	MESH:D016640	curated	A	39059479	2024	1	1.0		2026-10-10
NCBITaxon:976	decreases_abundance_in	MESH:D016925	curated	A	38934644	2024	1	1.0		2026-10-10
NCBITaxon:976	decreases_abundance_in	MESH:D017250	curated	A	23118957	2012	1	1.0		2026-10-10
NCBITaxon:976	decreases_abundance_in	MESH:D018281	curated	A	36345047	2022	1	1.0		2026-10-10
NCBITaxon:976	decreases_abundance_in	MESH:D020345	curated	A	21674011	2011	1	1.0		2026-10-10
NCBITaxon:976	decreases_abundance_in	MESH:D023241	curated	A	28118207	2017	1	1.0		2026-10-10
NCBITaxon:976	decreases_abundance_in	MESH:D050197	curated	A	30021609	2018	1	1.0		2026-10-10
NCBITaxon:976	decreases_abundance_in	MESH:D059305	curated	A	33210367	2021	1	1.0		2026-10-10
NCBITaxon:976	decreases_abundance_in	MESH:D063766	curated	A	27450202	2018	1	1.0		2026-10-10
NCBITaxon:976	decreases_abundance_in	MESH:D065626	curated	A	23453736|30036479	2013|2018	2	1.0		2026-10-10
NCBITaxon:976	increases_abundance_in	MESH:C085278	curated	A	29787870	2018	1	1.0		2026-10-10
NCBITaxon:976	increases_abundance_in	MESH:C535244	curated	A	30211217	2018	1	1.0		2026-10-10
NCBITaxon:976	increases_abundance_in	MESH:C563924	curated	A	27194068	2016	1	1.0		2026-10-10
NCBITaxon:976	increases_abundance_in	MESH:D000667	curated	A	35311555	2022	1	1.0		2026-10-10
NCBITaxon:976	increases_abundance_in	MESH:D000856	curated	A	26428446	2015	1	1.0		2026-10-10
NCBITaxon:976	increases_abundance_in	MESH:D003092	curated	A	27443884|30384844	2016|2018	2	1.0		2026-10-10
NCBITaxon:976	increases_abundance_in	MESH:D003248	curated	A	30785176	2019	1	1.0		2026-10-10
NCBITaxon:976	increases_abundance_in	MESH:D003731	curated	A	37571254	2023	1	1.0		2026-10-10
NCBITaxon:976	increases_abundance_in	MESH:D003924	curated	A	20140211	2010	1	1.0		2026-10-10
NCBITaxon:976	increases_abundance_in	MESH:D003967	curated	A	37231829	2023	1	1.0		2026-10-10
NCBITaxon:976	increases_abundance_in	MESH:D006435	curated	A	27640125	2018	1	1.0		2026-10-10
NCBITaxon:976	increases_abundance_in	MESH:D009055	curated	A	35038733	2022	1	1.0		2026-10-10
NCBITaxon:976	increases_abundance_in	MESH:D009062	curated	A	35433507	2022	1	1.0		2026-10-10
NCBITaxon:976	increases_abundance_in	MESH:D009369	curated	A	27384052	2016	1	1.0		2026-10-10
NCBITaxon:976	increases_abundance_in	MESH:D012516	curated	A	39055977	2024	1	1.0		2026-10-10
NCBITaxon:976	increases_abundance_in	MESH:D015179	curated	A	28600626	2017	1	1.0		2026-10-10
NCBITaxon:976	increases_abundance_in	MESH:D019283	curated	A	29409589	2018	1	1.0		2026-10-10
NCBITaxon:976	increases_abundance_in	MESH:D029801	curated	A	26890232	2016	1	1.0		2026-10-10
NCBITaxon:976	increases_abundance_in	MESH:D043183	curated	A	21330412	2011	1	1.0		2026-10-10
NCBITaxon:976	increases_abundance_in	MESH:D050197	curated	A	26973703	2016	1	1.0		2026-10-10
NCBITaxon:976	increases_abundance_in	MESH:D054328	curated	A	29105152	2018	1	1.0		2026-10-10
NCBITaxon:979627	decreases_abundance_in	MESH:D002532	curated	A	39415150	2024	1	1.0		2026-10-10
NCBITaxon:979627	increases_abundance_in	MESH:D002532	curated	A	39415150	2024	1	1.0		2026-10-10
NCBITaxon:979627	increases_abundance_in	MESH:D003731	curated	A	37698410	2023	1	1.0		2026-10-10
NCBITaxon:979627	increases_abundance_in	MESH:D010510	curated	A	37698410	2023	3	1.0		2026-10-10
NCBITaxon:990719	decreases_abundance_in	MESH:D018120	curated	A	32951160	2021	1	1.0		2026-10-10
NCBITaxon:990719	increases_abundance_in	MESH:D009103	curated	A	27176462	2016	1	1.0		2026-10-10
NCBITaxon:990721	increases_abundance_in	MESH:D010300	curated	A	28429209	2017	1	1.0		2026-10-10
NCBITaxon:990721	increases_abundance_in	MESH:D015179	curated	A	29687353	2018	1	1.0		2026-10-10
NCBITaxon:995019	increases_abundance_in	MESH:D009765	curated	A	26230509	2015	1	1.0		2026-10-10
